#
# SQL Export
# Created by Querious (201012)
# Created: November 12, 2017 at 3:58:47 PM MST
# Encoding: Unicode (UTF-8)
#


SET @PREVIOUS_FOREIGN_KEY_CHECKS = @@FOREIGN_KEY_CHECKS;
SET FOREIGN_KEY_CHECKS = 0;


DROP TABLE IF EXISTS `wallpapers`;
DROP TABLE IF EXISTS `user_settings`;
DROP TABLE IF EXISTS `timeline_reports`;
DROP TABLE IF EXISTS `users`;
DROP TABLE IF EXISTS `timelines`;
DROP TABLE IF EXISTS `threads`;
DROP TABLE IF EXISTS `static_pages`;
DROP TABLE IF EXISTS `settings`;
DROP TABLE IF EXISTS `sessions`;
DROP TABLE IF EXISTS `saved_timelines`;
DROP TABLE IF EXISTS `saved_posts`;
DROP TABLE IF EXISTS `role_user`;
DROP TABLE IF EXISTS `post_tags`;
DROP TABLE IF EXISTS `post_shares`;
DROP TABLE IF EXISTS `post_reports`;
DROP TABLE IF EXISTS `post_media`;
DROP TABLE IF EXISTS `post_likes`;
DROP TABLE IF EXISTS `post_follows`;
DROP TABLE IF EXISTS `posts`;
DROP TABLE IF EXISTS `permission_role`;
DROP TABLE IF EXISTS `roles`;
DROP TABLE IF EXISTS `permissions`;
DROP TABLE IF EXISTS `password_resets`;
DROP TABLE IF EXISTS `participants`;
DROP TABLE IF EXISTS `page_user`;
DROP TABLE IF EXISTS `page_likes`;
DROP TABLE IF EXISTS `pages`;
DROP TABLE IF EXISTS `notifications`;
DROP TABLE IF EXISTS `migrations`;
DROP TABLE IF EXISTS `messages`;
DROP TABLE IF EXISTS `media`;
DROP TABLE IF EXISTS `languages`;
DROP TABLE IF EXISTS `hashtags`;
DROP TABLE IF EXISTS `group_user`;
DROP TABLE IF EXISTS `followers`;
DROP TABLE IF EXISTS `event_user`;
DROP TABLE IF EXISTS `events`;
DROP TABLE IF EXISTS `groups`;
DROP TABLE IF EXISTS `comment_likes`;
DROP TABLE IF EXISTS `comments`;
DROP TABLE IF EXISTS `categories`;
DROP TABLE IF EXISTS `announcement_user`;
DROP TABLE IF EXISTS `announcements`;
DROP TABLE IF EXISTS `album_media`;
DROP TABLE IF EXISTS `albums`;


CREATE TABLE `albums` (
  `id` int(10) unsigned NOT NULL AUTO_INCREMENT,
  `timeline_id` int(10) unsigned NOT NULL,
  `name` varchar(250) COLLATE utf8_unicode_ci NOT NULL,
  `slug` varchar(250) COLLATE utf8_unicode_ci NOT NULL,
  `about` text COLLATE utf8_unicode_ci NOT NULL,
  `preview_id` int(10) unsigned DEFAULT NULL,
  `active` tinyint(1) NOT NULL DEFAULT '1',
  `privacy` varchar(15) COLLATE utf8_unicode_ci NOT NULL,
  `created_at` timestamp NULL DEFAULT NULL,
  `updated_at` timestamp NULL DEFAULT NULL,
  `deleted_at` timestamp NULL DEFAULT NULL,
  PRIMARY KEY (`id`),
  KEY `albums_timeline_id_foreign` (`timeline_id`),
  KEY `albums_preview_id_foreign` (`preview_id`),
  CONSTRAINT `albums_preview_id_foreign` FOREIGN KEY (`preview_id`) REFERENCES `media` (`id`),
  CONSTRAINT `albums_timeline_id_foreign` FOREIGN KEY (`timeline_id`) REFERENCES `timelines` (`id`)
) ENGINE=InnoDB AUTO_INCREMENT=61 DEFAULT CHARSET=utf8 COLLATE=utf8_unicode_ci;


CREATE TABLE `album_media` (
  `id` int(10) unsigned NOT NULL AUTO_INCREMENT,
  `album_id` int(10) unsigned NOT NULL,
  `media_id` int(10) unsigned NOT NULL,
  PRIMARY KEY (`id`),
  KEY `album_media_album_id_foreign` (`album_id`),
  KEY `album_media_media_id_foreign` (`media_id`),
  CONSTRAINT `album_media_album_id_foreign` FOREIGN KEY (`album_id`) REFERENCES `albums` (`id`),
  CONSTRAINT `album_media_media_id_foreign` FOREIGN KEY (`media_id`) REFERENCES `media` (`id`)
) ENGINE=InnoDB AUTO_INCREMENT=121 DEFAULT CHARSET=utf8 COLLATE=utf8_unicode_ci;


CREATE TABLE `announcements` (
  `id` int(10) unsigned NOT NULL AUTO_INCREMENT,
  `title` varchar(255) COLLATE utf8_unicode_ci NOT NULL,
  `description` text COLLATE utf8_unicode_ci NOT NULL,
  `image` varchar(255) COLLATE utf8_unicode_ci DEFAULT NULL,
  `start_date` date NOT NULL,
  `end_date` date NOT NULL,
  `created_at` timestamp NULL DEFAULT NULL,
  `updated_at` timestamp NULL DEFAULT NULL,
  `deleted_at` timestamp NULL DEFAULT NULL,
  PRIMARY KEY (`id`)
) ENGINE=InnoDB AUTO_INCREMENT=21 DEFAULT CHARSET=utf8 COLLATE=utf8_unicode_ci;


CREATE TABLE `announcement_user` (
  `id` int(10) unsigned NOT NULL AUTO_INCREMENT,
  `announcement_id` int(10) unsigned NOT NULL,
  `user_id` int(10) unsigned NOT NULL,
  `created_at` timestamp NULL DEFAULT NULL,
  `updated_at` timestamp NULL DEFAULT NULL,
  `deleted_at` timestamp NULL DEFAULT NULL,
  PRIMARY KEY (`id`),
  KEY `announcement_user_announcement_id_foreign` (`announcement_id`),
  KEY `announcement_user_user_id_foreign` (`user_id`),
  CONSTRAINT `announcement_user_announcement_id_foreign` FOREIGN KEY (`announcement_id`) REFERENCES `announcements` (`id`),
  CONSTRAINT `announcement_user_user_id_foreign` FOREIGN KEY (`user_id`) REFERENCES `users` (`id`)
) ENGINE=InnoDB AUTO_INCREMENT=241 DEFAULT CHARSET=utf8 COLLATE=utf8_unicode_ci;


CREATE TABLE `categories` (
  `id` int(10) unsigned NOT NULL AUTO_INCREMENT,
  `name` varchar(250) COLLATE utf8_unicode_ci NOT NULL,
  `description` text COLLATE utf8_unicode_ci NOT NULL,
  `parent_id` int(10) unsigned DEFAULT NULL,
  `active` tinyint(1) NOT NULL,
  `created_at` timestamp NULL DEFAULT NULL,
  `updated_at` timestamp NULL DEFAULT NULL,
  `deleted_at` timestamp NULL DEFAULT NULL,
  PRIMARY KEY (`id`),
  KEY `categories_parent_id_foreign` (`parent_id`),
  CONSTRAINT `categories_parent_id_foreign` FOREIGN KEY (`parent_id`) REFERENCES `categories` (`id`)
) ENGINE=InnoDB AUTO_INCREMENT=26 DEFAULT CHARSET=utf8 COLLATE=utf8_unicode_ci;


CREATE TABLE `comments` (
  `id` int(10) unsigned NOT NULL AUTO_INCREMENT,
  `post_id` int(10) unsigned NOT NULL,
  `description` text COLLATE utf8_unicode_ci NOT NULL,
  `user_id` int(10) unsigned NOT NULL,
  `parent_id` int(10) unsigned DEFAULT NULL,
  `created_at` timestamp NULL DEFAULT NULL,
  `updated_at` timestamp NULL DEFAULT NULL,
  `deleted_at` timestamp NULL DEFAULT NULL,
  `media_id` int(10) unsigned DEFAULT NULL,
  PRIMARY KEY (`id`),
  KEY `comments_post_id_foreign` (`post_id`),
  KEY `comments_user_id_foreign` (`user_id`),
  KEY `comments_parent_id_foreign` (`parent_id`),
  KEY `comments_media_id_foreign` (`media_id`),
  CONSTRAINT `comments_media_id_foreign` FOREIGN KEY (`media_id`) REFERENCES `media` (`id`),
  CONSTRAINT `comments_parent_id_foreign` FOREIGN KEY (`parent_id`) REFERENCES `comments` (`id`),
  CONSTRAINT `comments_post_id_foreign` FOREIGN KEY (`post_id`) REFERENCES `posts` (`id`),
  CONSTRAINT `comments_user_id_foreign` FOREIGN KEY (`user_id`) REFERENCES `users` (`id`)
) ENGINE=InnoDB AUTO_INCREMENT=261 DEFAULT CHARSET=utf8 COLLATE=utf8_unicode_ci;


CREATE TABLE `comment_likes` (
  `id` int(10) unsigned NOT NULL AUTO_INCREMENT,
  `user_id` int(10) unsigned NOT NULL,
  `comment_id` int(10) unsigned NOT NULL,
  `created_at` timestamp NULL DEFAULT NULL,
  `updated_at` timestamp NULL DEFAULT NULL,
  `deleted_at` timestamp NULL DEFAULT NULL,
  PRIMARY KEY (`id`),
  KEY `comment_likes_user_id_foreign` (`user_id`),
  KEY `comment_likes_comment_id_foreign` (`comment_id`),
  CONSTRAINT `comment_likes_comment_id_foreign` FOREIGN KEY (`comment_id`) REFERENCES `comments` (`id`),
  CONSTRAINT `comment_likes_user_id_foreign` FOREIGN KEY (`user_id`) REFERENCES `users` (`id`)
) ENGINE=InnoDB AUTO_INCREMENT=261 DEFAULT CHARSET=utf8 COLLATE=utf8_unicode_ci;


CREATE TABLE `groups` (
  `id` int(10) unsigned NOT NULL AUTO_INCREMENT,
  `timeline_id` int(10) unsigned NOT NULL,
  `active` tinyint(1) NOT NULL DEFAULT '1',
  `type` varchar(200) COLLATE utf8_unicode_ci NOT NULL,
  `member_privacy` varchar(200) COLLATE utf8_unicode_ci NOT NULL,
  `post_privacy` varchar(200) COLLATE utf8_unicode_ci NOT NULL,
  `event_privacy` varchar(255) COLLATE utf8_unicode_ci NOT NULL,
  `created_at` timestamp NULL DEFAULT NULL,
  `updated_at` timestamp NULL DEFAULT NULL,
  `deleted_at` timestamp NULL DEFAULT NULL,
  PRIMARY KEY (`id`),
  KEY `groups_timeline_id_foreign` (`timeline_id`),
  CONSTRAINT `groups_timeline_id_foreign` FOREIGN KEY (`timeline_id`) REFERENCES `timelines` (`id`)
) ENGINE=InnoDB AUTO_INCREMENT=34 DEFAULT CHARSET=utf8 COLLATE=utf8_unicode_ci;


CREATE TABLE `events` (
  `id` int(10) unsigned NOT NULL AUTO_INCREMENT,
  `timeline_id` int(10) unsigned NOT NULL,
  `type` varchar(255) COLLATE utf8_unicode_ci NOT NULL,
  `location` varchar(255) COLLATE utf8_unicode_ci NOT NULL,
  `user_id` int(10) unsigned NOT NULL,
  `start_date` datetime NOT NULL,
  `end_date` datetime NOT NULL,
  `active` tinyint(1) NOT NULL DEFAULT '1',
  `invite_privacy` varchar(255) COLLATE utf8_unicode_ci NOT NULL,
  `timeline_post_privacy` varchar(255) COLLATE utf8_unicode_ci NOT NULL,
  `created_at` timestamp NULL DEFAULT NULL,
  `updated_at` timestamp NULL DEFAULT NULL,
  `deleted_at` timestamp NULL DEFAULT NULL,
  `group_id` int(10) unsigned DEFAULT NULL,
  PRIMARY KEY (`id`),
  KEY `events_timeline_id_foreign` (`timeline_id`),
  KEY `events_user_id_foreign` (`user_id`),
  KEY `events_group_id_foreign` (`group_id`),
  CONSTRAINT `events_group_id_foreign` FOREIGN KEY (`group_id`) REFERENCES `groups` (`id`),
  CONSTRAINT `events_timeline_id_foreign` FOREIGN KEY (`timeline_id`) REFERENCES `timelines` (`id`),
  CONSTRAINT `events_user_id_foreign` FOREIGN KEY (`user_id`) REFERENCES `users` (`id`)
) ENGINE=InnoDB DEFAULT CHARSET=utf8 COLLATE=utf8_unicode_ci;


CREATE TABLE `event_user` (
  `id` int(10) unsigned NOT NULL AUTO_INCREMENT,
  `event_id` int(10) unsigned NOT NULL,
  `user_id` int(10) unsigned NOT NULL,
  `created_at` timestamp NULL DEFAULT NULL,
  `updated_at` timestamp NULL DEFAULT NULL,
  PRIMARY KEY (`id`),
  KEY `event_user_event_id_foreign` (`event_id`),
  KEY `event_user_user_id_foreign` (`user_id`),
  CONSTRAINT `event_user_event_id_foreign` FOREIGN KEY (`event_id`) REFERENCES `events` (`id`),
  CONSTRAINT `event_user_user_id_foreign` FOREIGN KEY (`user_id`) REFERENCES `users` (`id`)
) ENGINE=InnoDB DEFAULT CHARSET=utf8 COLLATE=utf8_unicode_ci;


CREATE TABLE `followers` (
  `id` int(10) unsigned NOT NULL AUTO_INCREMENT,
  `follower_id` int(10) unsigned NOT NULL,
  `leader_id` int(10) unsigned NOT NULL,
  `status` varchar(50) COLLATE utf8_unicode_ci NOT NULL,
  `created_at` timestamp NULL DEFAULT NULL,
  `updated_at` timestamp NULL DEFAULT NULL,
  `deleted_at` timestamp NULL DEFAULT NULL,
  PRIMARY KEY (`id`),
  KEY `followers_follower_id_foreign` (`follower_id`),
  KEY `followers_leader_id_foreign` (`leader_id`),
  CONSTRAINT `followers_follower_id_foreign` FOREIGN KEY (`follower_id`) REFERENCES `users` (`id`),
  CONSTRAINT `followers_leader_id_foreign` FOREIGN KEY (`leader_id`) REFERENCES `users` (`id`)
) ENGINE=InnoDB AUTO_INCREMENT=81 DEFAULT CHARSET=utf8 COLLATE=utf8_unicode_ci;


CREATE TABLE `group_user` (
  `id` int(10) unsigned NOT NULL AUTO_INCREMENT,
  `group_id` int(10) unsigned NOT NULL,
  `user_id` int(10) unsigned NOT NULL,
  `role_id` int(10) unsigned NOT NULL,
  `status` varchar(250) COLLATE utf8_unicode_ci NOT NULL,
  `created_at` timestamp NULL DEFAULT NULL,
  `updated_at` timestamp NULL DEFAULT NULL,
  `deleted_at` timestamp NULL DEFAULT NULL,
  PRIMARY KEY (`id`),
  KEY `group_user_group_id_foreign` (`group_id`),
  KEY `group_user_user_id_foreign` (`user_id`),
  KEY `group_user_role_id_foreign` (`role_id`),
  CONSTRAINT `group_user_group_id_foreign` FOREIGN KEY (`group_id`) REFERENCES `groups` (`id`),
  CONSTRAINT `group_user_role_id_foreign` FOREIGN KEY (`role_id`) REFERENCES `roles` (`id`),
  CONSTRAINT `group_user_user_id_foreign` FOREIGN KEY (`user_id`) REFERENCES `users` (`id`)
) ENGINE=InnoDB AUTO_INCREMENT=70 DEFAULT CHARSET=utf8 COLLATE=utf8_unicode_ci;


CREATE TABLE `hashtags` (
  `id` int(10) unsigned NOT NULL AUTO_INCREMENT,
  `tag` varchar(200) COLLATE utf8_unicode_ci NOT NULL,
  `last_trend_time` timestamp NOT NULL DEFAULT CURRENT_TIMESTAMP ON UPDATE CURRENT_TIMESTAMP,
  `count` bigint(20) NOT NULL,
  `created_at` timestamp NULL DEFAULT NULL,
  `updated_at` timestamp NULL DEFAULT NULL,
  `deleted_at` timestamp NULL DEFAULT NULL,
  PRIMARY KEY (`id`)
) ENGINE=InnoDB AUTO_INCREMENT=31 DEFAULT CHARSET=utf8 COLLATE=utf8_unicode_ci;


CREATE TABLE `languages` (
  `id` int(10) unsigned NOT NULL AUTO_INCREMENT,
  `name` varchar(255) COLLATE utf8_unicode_ci NOT NULL,
  `created_at` timestamp NULL DEFAULT NULL,
  `updated_at` timestamp NULL DEFAULT NULL,
  `deleted_at` timestamp NULL DEFAULT NULL,
  PRIMARY KEY (`id`)
) ENGINE=InnoDB DEFAULT CHARSET=utf8 COLLATE=utf8_unicode_ci;


CREATE TABLE `media` (
  `id` int(10) unsigned NOT NULL AUTO_INCREMENT,
  `title` varchar(500) COLLATE utf8_unicode_ci NOT NULL,
  `type` varchar(250) COLLATE utf8_unicode_ci NOT NULL,
  `source` varchar(500) COLLATE utf8_unicode_ci NOT NULL,
  `created_at` timestamp NULL DEFAULT NULL,
  `updated_at` timestamp NULL DEFAULT NULL,
  `deleted_at` timestamp NULL DEFAULT NULL,
  PRIMARY KEY (`id`)
) ENGINE=InnoDB AUTO_INCREMENT=81 DEFAULT CHARSET=utf8 COLLATE=utf8_unicode_ci;


CREATE TABLE `messages` (
  `id` int(10) unsigned NOT NULL AUTO_INCREMENT,
  `thread_id` int(10) unsigned NOT NULL,
  `user_id` int(10) unsigned NOT NULL,
  `body` text COLLATE utf8_unicode_ci NOT NULL,
  `created_at` timestamp NULL DEFAULT NULL,
  `updated_at` timestamp NULL DEFAULT NULL,
  `deleted_at` datetime DEFAULT NULL,
  PRIMARY KEY (`id`)
) ENGINE=InnoDB DEFAULT CHARSET=utf8 COLLATE=utf8_unicode_ci;


CREATE TABLE `migrations` (
  `id` int(10) unsigned NOT NULL AUTO_INCREMENT,
  `migration` varchar(255) COLLATE utf8_unicode_ci NOT NULL,
  `batch` int(11) NOT NULL,
  PRIMARY KEY (`id`)
) ENGINE=InnoDB AUTO_INCREMENT=52 DEFAULT CHARSET=utf8 COLLATE=utf8_unicode_ci;


CREATE TABLE `notifications` (
  `id` int(10) unsigned NOT NULL AUTO_INCREMENT,
  `post_id` int(10) unsigned DEFAULT NULL,
  `timeline_id` int(10) unsigned DEFAULT NULL,
  `user_id` int(10) unsigned NOT NULL,
  `notified_by` int(10) unsigned NOT NULL,
  `seen` tinyint(1) NOT NULL DEFAULT '0',
  `description` text COLLATE utf8_unicode_ci NOT NULL,
  `type` varchar(250) COLLATE utf8_unicode_ci NOT NULL,
  `link` varchar(250) COLLATE utf8_unicode_ci DEFAULT NULL,
  `created_at` timestamp NULL DEFAULT NULL,
  `updated_at` timestamp NULL DEFAULT NULL,
  `deleted_at` timestamp NULL DEFAULT NULL,
  PRIMARY KEY (`id`),
  KEY `notifications_post_id_foreign` (`post_id`),
  KEY `notifications_timeline_id_foreign` (`timeline_id`),
  KEY `notifications_user_id_foreign` (`user_id`),
  KEY `notifications_notified_by_foreign` (`notified_by`),
  CONSTRAINT `notifications_notified_by_foreign` FOREIGN KEY (`notified_by`) REFERENCES `users` (`id`),
  CONSTRAINT `notifications_post_id_foreign` FOREIGN KEY (`post_id`) REFERENCES `posts` (`id`),
  CONSTRAINT `notifications_timeline_id_foreign` FOREIGN KEY (`timeline_id`) REFERENCES `timelines` (`id`),
  CONSTRAINT `notifications_user_id_foreign` FOREIGN KEY (`user_id`) REFERENCES `users` (`id`)
) ENGINE=InnoDB AUTO_INCREMENT=41 DEFAULT CHARSET=utf8 COLLATE=utf8_unicode_ci;


CREATE TABLE `pages` (
  `id` int(10) unsigned NOT NULL AUTO_INCREMENT,
  `timeline_id` int(10) unsigned NOT NULL,
  `address` text COLLATE utf8_unicode_ci,
  `active` tinyint(1) NOT NULL DEFAULT '1',
  `category_id` int(10) unsigned NOT NULL,
  `message_privacy` varchar(15) COLLATE utf8_unicode_ci NOT NULL,
  `member_privacy` varchar(15) COLLATE utf8_unicode_ci DEFAULT NULL,
  `phone` varchar(15) COLLATE utf8_unicode_ci DEFAULT NULL,
  `timeline_post_privacy` varchar(15) COLLATE utf8_unicode_ci NOT NULL,
  `website` varchar(255) COLLATE utf8_unicode_ci DEFAULT NULL,
  `verified` tinyint(1) NOT NULL DEFAULT '0',
  `created_at` timestamp NULL DEFAULT NULL,
  `updated_at` timestamp NULL DEFAULT NULL,
  `deleted_at` timestamp NULL DEFAULT NULL,
  PRIMARY KEY (`id`),
  KEY `pages_timeline_id_foreign` (`timeline_id`),
  KEY `pages_category_id_foreign` (`category_id`),
  CONSTRAINT `pages_category_id_foreign` FOREIGN KEY (`category_id`) REFERENCES `categories` (`id`),
  CONSTRAINT `pages_timeline_id_foreign` FOREIGN KEY (`timeline_id`) REFERENCES `timelines` (`id`)
) ENGINE=InnoDB AUTO_INCREMENT=21 DEFAULT CHARSET=utf8 COLLATE=utf8_unicode_ci;


CREATE TABLE `page_likes` (
  `id` int(10) unsigned NOT NULL AUTO_INCREMENT,
  `page_id` int(10) unsigned NOT NULL,
  `user_id` int(10) unsigned NOT NULL,
  `created_at` timestamp NULL DEFAULT NULL,
  `updated_at` timestamp NULL DEFAULT NULL,
  `deleted_at` timestamp NULL DEFAULT NULL,
  PRIMARY KEY (`id`),
  KEY `page_likes_page_id_foreign` (`page_id`),
  KEY `page_likes_user_id_foreign` (`user_id`),
  CONSTRAINT `page_likes_page_id_foreign` FOREIGN KEY (`page_id`) REFERENCES `pages` (`id`),
  CONSTRAINT `page_likes_user_id_foreign` FOREIGN KEY (`user_id`) REFERENCES `users` (`id`)
) ENGINE=InnoDB AUTO_INCREMENT=45 DEFAULT CHARSET=utf8 COLLATE=utf8_unicode_ci;


CREATE TABLE `page_user` (
  `id` int(10) unsigned NOT NULL AUTO_INCREMENT,
  `page_id` int(10) unsigned NOT NULL,
  `user_id` int(10) unsigned NOT NULL,
  `role_id` int(10) unsigned NOT NULL,
  `active` tinyint(1) NOT NULL,
  `created_at` timestamp NULL DEFAULT NULL,
  `updated_at` timestamp NULL DEFAULT NULL,
  `deleted_at` timestamp NULL DEFAULT NULL,
  PRIMARY KEY (`id`),
  KEY `page_user_page_id_foreign` (`page_id`),
  KEY `page_user_user_id_foreign` (`user_id`),
  KEY `page_user_role_id_foreign` (`role_id`),
  CONSTRAINT `page_user_page_id_foreign` FOREIGN KEY (`page_id`) REFERENCES `pages` (`id`),
  CONSTRAINT `page_user_role_id_foreign` FOREIGN KEY (`role_id`) REFERENCES `roles` (`id`),
  CONSTRAINT `page_user_user_id_foreign` FOREIGN KEY (`user_id`) REFERENCES `users` (`id`)
) ENGINE=InnoDB AUTO_INCREMENT=42 DEFAULT CHARSET=utf8 COLLATE=utf8_unicode_ci;


CREATE TABLE `participants` (
  `id` int(10) unsigned NOT NULL AUTO_INCREMENT,
  `thread_id` int(10) unsigned NOT NULL,
  `user_id` int(10) unsigned NOT NULL,
  `last_read` timestamp NULL DEFAULT NULL,
  `created_at` timestamp NULL DEFAULT NULL,
  `updated_at` timestamp NULL DEFAULT NULL,
  `deleted_at` timestamp NULL DEFAULT NULL,
  PRIMARY KEY (`id`)
) ENGINE=InnoDB DEFAULT CHARSET=utf8 COLLATE=utf8_unicode_ci;


CREATE TABLE `password_resets` (
  `email` varchar(255) COLLATE utf8_unicode_ci NOT NULL,
  `token` varchar(255) COLLATE utf8_unicode_ci NOT NULL,
  `created_at` timestamp NOT NULL DEFAULT CURRENT_TIMESTAMP ON UPDATE CURRENT_TIMESTAMP,
  KEY `password_resets_email_index` (`email`),
  KEY `password_resets_token_index` (`token`)
) ENGINE=InnoDB DEFAULT CHARSET=utf8 COLLATE=utf8_unicode_ci;


CREATE TABLE `permissions` (
  `id` int(10) unsigned NOT NULL AUTO_INCREMENT,
  `name` varchar(255) COLLATE utf8_unicode_ci NOT NULL,
  `display_name` varchar(255) COLLATE utf8_unicode_ci DEFAULT NULL,
  `description` varchar(255) COLLATE utf8_unicode_ci DEFAULT NULL,
  `created_at` timestamp NULL DEFAULT NULL,
  `updated_at` timestamp NULL DEFAULT NULL,
  PRIMARY KEY (`id`),
  UNIQUE KEY `permissions_name_unique` (`name`)
) ENGINE=InnoDB DEFAULT CHARSET=utf8 COLLATE=utf8_unicode_ci;


CREATE TABLE `roles` (
  `id` int(10) unsigned NOT NULL AUTO_INCREMENT,
  `name` varchar(255) COLLATE utf8_unicode_ci NOT NULL,
  `display_name` varchar(255) COLLATE utf8_unicode_ci DEFAULT NULL,
  `description` varchar(255) COLLATE utf8_unicode_ci DEFAULT NULL,
  `created_at` timestamp NULL DEFAULT NULL,
  `updated_at` timestamp NULL DEFAULT NULL,
  `deleted_at` timestamp NULL DEFAULT NULL,
  PRIMARY KEY (`id`)
) ENGINE=InnoDB AUTO_INCREMENT=5 DEFAULT CHARSET=utf8 COLLATE=utf8_unicode_ci;


CREATE TABLE `permission_role` (
  `permission_id` int(10) unsigned NOT NULL,
  `role_id` int(10) unsigned NOT NULL,
  PRIMARY KEY (`permission_id`,`role_id`),
  KEY `permission_role_role_id_foreign` (`role_id`),
  CONSTRAINT `permission_role_permission_id_foreign` FOREIGN KEY (`permission_id`) REFERENCES `permissions` (`id`) ON DELETE CASCADE ON UPDATE CASCADE,
  CONSTRAINT `permission_role_role_id_foreign` FOREIGN KEY (`role_id`) REFERENCES `roles` (`id`) ON DELETE CASCADE ON UPDATE CASCADE
) ENGINE=InnoDB DEFAULT CHARSET=utf8 COLLATE=utf8_unicode_ci;


CREATE TABLE `posts` (
  `id` int(10) unsigned NOT NULL AUTO_INCREMENT,
  `description` text COLLATE utf8_unicode_ci NOT NULL,
  `timeline_id` int(10) unsigned NOT NULL,
  `user_id` int(10) unsigned NOT NULL,
  `active` tinyint(1) NOT NULL DEFAULT '1',
  `soundcloud_title` varchar(250) COLLATE utf8_unicode_ci DEFAULT NULL,
  `soundcloud_id` varchar(255) COLLATE utf8_unicode_ci DEFAULT NULL,
  `youtube_title` varchar(255) COLLATE utf8_unicode_ci DEFAULT NULL,
  `youtube_video_id` varchar(250) COLLATE utf8_unicode_ci DEFAULT NULL,
  `location` varchar(250) COLLATE utf8_unicode_ci DEFAULT NULL,
  `type` varchar(100) COLLATE utf8_unicode_ci DEFAULT NULL,
  `created_at` timestamp NULL DEFAULT NULL,
  `updated_at` timestamp NULL DEFAULT NULL,
  `deleted_at` timestamp NULL DEFAULT NULL,
  `shared_post_id` int(10) unsigned DEFAULT NULL,
  PRIMARY KEY (`id`),
  KEY `posts_timeline_id_foreign` (`timeline_id`),
  KEY `posts_user_id_foreign` (`user_id`),
  KEY `posts_shared_post_id_foreign` (`shared_post_id`),
  CONSTRAINT `posts_shared_post_id_foreign` FOREIGN KEY (`shared_post_id`) REFERENCES `posts` (`id`),
  CONSTRAINT `posts_timeline_id_foreign` FOREIGN KEY (`timeline_id`) REFERENCES `timelines` (`id`),
  CONSTRAINT `posts_user_id_foreign` FOREIGN KEY (`user_id`) REFERENCES `users` (`id`)
) ENGINE=InnoDB AUTO_INCREMENT=261 DEFAULT CHARSET=utf8 COLLATE=utf8_unicode_ci;


CREATE TABLE `post_follows` (
  `id` int(10) unsigned NOT NULL AUTO_INCREMENT,
  `post_id` int(10) unsigned NOT NULL,
  `user_id` int(10) unsigned NOT NULL,
  `created_at` timestamp NULL DEFAULT NULL,
  `updated_at` timestamp NULL DEFAULT NULL,
  `deleted_at` timestamp NULL DEFAULT NULL,
  PRIMARY KEY (`id`),
  KEY `post_follows_post_id_foreign` (`post_id`),
  KEY `post_follows_user_id_foreign` (`user_id`),
  CONSTRAINT `post_follows_post_id_foreign` FOREIGN KEY (`post_id`) REFERENCES `posts` (`id`),
  CONSTRAINT `post_follows_user_id_foreign` FOREIGN KEY (`user_id`) REFERENCES `users` (`id`)
) ENGINE=InnoDB AUTO_INCREMENT=505 DEFAULT CHARSET=utf8 COLLATE=utf8_unicode_ci;


CREATE TABLE `post_likes` (
  `id` int(10) unsigned NOT NULL AUTO_INCREMENT,
  `post_id` int(10) unsigned NOT NULL,
  `user_id` int(10) unsigned NOT NULL,
  `created_at` timestamp NULL DEFAULT NULL,
  `updated_at` timestamp NULL DEFAULT NULL,
  PRIMARY KEY (`id`),
  KEY `post_likes_post_id_foreign` (`post_id`),
  KEY `post_likes_user_id_foreign` (`user_id`),
  CONSTRAINT `post_likes_post_id_foreign` FOREIGN KEY (`post_id`) REFERENCES `posts` (`id`),
  CONSTRAINT `post_likes_user_id_foreign` FOREIGN KEY (`user_id`) REFERENCES `users` (`id`)
) ENGINE=InnoDB AUTO_INCREMENT=527 DEFAULT CHARSET=utf8 COLLATE=utf8_unicode_ci;


CREATE TABLE `post_media` (
  `id` int(10) unsigned NOT NULL AUTO_INCREMENT,
  `post_id` int(10) unsigned NOT NULL,
  `media_id` int(10) unsigned NOT NULL,
  `created_at` timestamp NULL DEFAULT NULL,
  `updated_at` timestamp NULL DEFAULT NULL,
  `deleted_at` timestamp NULL DEFAULT NULL,
  PRIMARY KEY (`id`),
  KEY `post_media_post_id_foreign` (`post_id`),
  KEY `post_media_media_id_foreign` (`media_id`),
  CONSTRAINT `post_media_media_id_foreign` FOREIGN KEY (`media_id`) REFERENCES `media` (`id`),
  CONSTRAINT `post_media_post_id_foreign` FOREIGN KEY (`post_id`) REFERENCES `posts` (`id`)
) ENGINE=InnoDB AUTO_INCREMENT=512 DEFAULT CHARSET=utf8 COLLATE=utf8_unicode_ci;


CREATE TABLE `post_reports` (
  `id` int(10) unsigned NOT NULL AUTO_INCREMENT,
  `post_id` int(10) unsigned NOT NULL,
  `reporter_id` int(10) unsigned NOT NULL,
  `status` varchar(200) COLLATE utf8_unicode_ci NOT NULL,
  `created_at` timestamp NULL DEFAULT NULL,
  `updated_at` timestamp NULL DEFAULT NULL,
  `deleted_at` timestamp NULL DEFAULT NULL,
  PRIMARY KEY (`id`),
  KEY `post_reports_post_id_foreign` (`post_id`),
  KEY `post_reports_reporter_id_foreign` (`reporter_id`),
  CONSTRAINT `post_reports_post_id_foreign` FOREIGN KEY (`post_id`) REFERENCES `posts` (`id`),
  CONSTRAINT `post_reports_reporter_id_foreign` FOREIGN KEY (`reporter_id`) REFERENCES `users` (`id`)
) ENGINE=InnoDB DEFAULT CHARSET=utf8 COLLATE=utf8_unicode_ci;


CREATE TABLE `post_shares` (
  `id` int(10) unsigned NOT NULL AUTO_INCREMENT,
  `post_id` int(10) unsigned NOT NULL,
  `user_id` int(10) unsigned NOT NULL,
  `created_at` timestamp NULL DEFAULT NULL,
  `updated_at` timestamp NULL DEFAULT NULL,
  `deleted_at` timestamp NULL DEFAULT NULL,
  PRIMARY KEY (`id`),
  KEY `post_shares_post_id_foreign` (`post_id`),
  KEY `post_shares_user_id_foreign` (`user_id`),
  CONSTRAINT `post_shares_post_id_foreign` FOREIGN KEY (`post_id`) REFERENCES `posts` (`id`),
  CONSTRAINT `post_shares_user_id_foreign` FOREIGN KEY (`user_id`) REFERENCES `users` (`id`)
) ENGINE=InnoDB AUTO_INCREMENT=540 DEFAULT CHARSET=utf8 COLLATE=utf8_unicode_ci;


CREATE TABLE `post_tags` (
  `id` int(10) unsigned NOT NULL AUTO_INCREMENT,
  `post_id` int(10) unsigned NOT NULL,
  `user_id` int(10) unsigned NOT NULL,
  `created_at` timestamp NULL DEFAULT NULL,
  `updated_at` timestamp NULL DEFAULT NULL,
  `deleted_at` timestamp NULL DEFAULT NULL,
  PRIMARY KEY (`id`),
  KEY `post_tags_post_id_foreign` (`post_id`),
  KEY `post_tags_user_id_foreign` (`user_id`),
  CONSTRAINT `post_tags_post_id_foreign` FOREIGN KEY (`post_id`) REFERENCES `posts` (`id`),
  CONSTRAINT `post_tags_user_id_foreign` FOREIGN KEY (`user_id`) REFERENCES `users` (`id`)
) ENGINE=InnoDB DEFAULT CHARSET=utf8 COLLATE=utf8_unicode_ci;


CREATE TABLE `role_user` (
  `user_id` int(10) unsigned NOT NULL,
  `role_id` int(10) unsigned NOT NULL,
  PRIMARY KEY (`user_id`,`role_id`),
  KEY `role_user_role_id_foreign` (`role_id`),
  CONSTRAINT `role_user_role_id_foreign` FOREIGN KEY (`role_id`) REFERENCES `roles` (`id`) ON DELETE CASCADE ON UPDATE CASCADE,
  CONSTRAINT `role_user_user_id_foreign` FOREIGN KEY (`user_id`) REFERENCES `users` (`id`) ON DELETE CASCADE ON UPDATE CASCADE
) ENGINE=InnoDB DEFAULT CHARSET=utf8 COLLATE=utf8_unicode_ci;


CREATE TABLE `saved_posts` (
  `id` int(10) unsigned NOT NULL AUTO_INCREMENT,
  `post_id` int(10) unsigned NOT NULL,
  `user_id` int(10) unsigned NOT NULL,
  PRIMARY KEY (`id`),
  KEY `saved_posts_post_id_foreign` (`post_id`),
  KEY `saved_posts_user_id_foreign` (`user_id`),
  CONSTRAINT `saved_posts_post_id_foreign` FOREIGN KEY (`post_id`) REFERENCES `posts` (`id`),
  CONSTRAINT `saved_posts_user_id_foreign` FOREIGN KEY (`user_id`) REFERENCES `users` (`id`)
) ENGINE=InnoDB DEFAULT CHARSET=utf8 COLLATE=utf8_unicode_ci;


CREATE TABLE `saved_timelines` (
  `id` int(10) unsigned NOT NULL AUTO_INCREMENT,
  `timeline_id` int(10) unsigned NOT NULL,
  `user_id` int(10) unsigned NOT NULL,
  `type` varchar(100) COLLATE utf8_unicode_ci NOT NULL,
  PRIMARY KEY (`id`),
  KEY `saved_timelines_timeline_id_foreign` (`timeline_id`),
  KEY `saved_timelines_user_id_foreign` (`user_id`),
  CONSTRAINT `saved_timelines_timeline_id_foreign` FOREIGN KEY (`timeline_id`) REFERENCES `timelines` (`id`),
  CONSTRAINT `saved_timelines_user_id_foreign` FOREIGN KEY (`user_id`) REFERENCES `users` (`id`)
) ENGINE=InnoDB DEFAULT CHARSET=utf8 COLLATE=utf8_unicode_ci;


CREATE TABLE `sessions` (
  `id` varchar(255) COLLATE utf8_unicode_ci NOT NULL,
  `user_id` int(11) DEFAULT NULL,
  `ip_address` varchar(45) COLLATE utf8_unicode_ci DEFAULT NULL,
  `user_agent` text COLLATE utf8_unicode_ci,
  `payload` text COLLATE utf8_unicode_ci NOT NULL,
  `last_activity` int(11) NOT NULL,
  UNIQUE KEY `sessions_id_unique` (`id`)
) ENGINE=InnoDB DEFAULT CHARSET=utf8 COLLATE=utf8_unicode_ci;


CREATE TABLE `settings` (
  `id` int(10) unsigned NOT NULL AUTO_INCREMENT,
  `key` varchar(250) COLLATE utf8_unicode_ci NOT NULL,
  `value` text COLLATE utf8_unicode_ci NOT NULL,
  `created_at` timestamp NULL DEFAULT NULL,
  `updated_at` timestamp NULL DEFAULT NULL,
  `deleted_at` timestamp NULL DEFAULT NULL,
  PRIMARY KEY (`id`),
  KEY `settings_key_index` (`key`)
) ENGINE=InnoDB AUTO_INCREMENT=73 DEFAULT CHARSET=utf8 COLLATE=utf8_unicode_ci;


CREATE TABLE `static_pages` (
  `id` int(10) unsigned NOT NULL AUTO_INCREMENT,
  `title` varchar(250) COLLATE utf8_unicode_ci NOT NULL,
  `slug` varchar(250) COLLATE utf8_unicode_ci NOT NULL,
  `description` text COLLATE utf8_unicode_ci NOT NULL,
  `active` tinyint(1) NOT NULL,
  `created_at` timestamp NULL DEFAULT NULL,
  `updated_at` timestamp NULL DEFAULT NULL,
  `deleted_at` timestamp NULL DEFAULT NULL,
  PRIMARY KEY (`id`)
) ENGINE=InnoDB AUTO_INCREMENT=5 DEFAULT CHARSET=utf8 COLLATE=utf8_unicode_ci;


CREATE TABLE `threads` (
  `id` int(10) unsigned NOT NULL AUTO_INCREMENT,
  `subject` varchar(255) COLLATE utf8_unicode_ci NOT NULL,
  `created_at` timestamp NULL DEFAULT NULL,
  `updated_at` timestamp NULL DEFAULT NULL,
  `deleted_at` timestamp NULL DEFAULT NULL,
  PRIMARY KEY (`id`)
) ENGINE=InnoDB DEFAULT CHARSET=utf8 COLLATE=utf8_unicode_ci;


CREATE TABLE `timelines` (
  `id` int(10) unsigned NOT NULL AUTO_INCREMENT,
  `username` varchar(250) COLLATE utf8_unicode_ci NOT NULL,
  `name` varchar(250) COLLATE utf8_unicode_ci NOT NULL,
  `about` text COLLATE utf8_unicode_ci NOT NULL,
  `avatar_id` int(10) unsigned DEFAULT NULL,
  `cover_id` int(10) unsigned DEFAULT NULL,
  `cover_position` varchar(255) COLLATE utf8_unicode_ci DEFAULT NULL,
  `type` varchar(255) COLLATE utf8_unicode_ci NOT NULL,
  `hide_cover` int(11) NOT NULL DEFAULT '0',
  `background_id` int(10) unsigned DEFAULT NULL,
  `created_at` timestamp NULL DEFAULT NULL,
  `updated_at` timestamp NULL DEFAULT NULL,
  `deleted_at` timestamp NULL DEFAULT NULL,
  PRIMARY KEY (`id`),
  UNIQUE KEY `timelines_username_unique` (`username`),
  KEY `timelines_avatar_id_foreign` (`avatar_id`),
  KEY `timelines_cover_id_foreign` (`cover_id`),
  KEY `timelines_background_id_foreign` (`background_id`),
  CONSTRAINT `timelines_avatar_id_foreign` FOREIGN KEY (`avatar_id`) REFERENCES `media` (`id`),
  CONSTRAINT `timelines_background_id_foreign` FOREIGN KEY (`background_id`) REFERENCES `media` (`id`),
  CONSTRAINT `timelines_cover_id_foreign` FOREIGN KEY (`cover_id`) REFERENCES `media` (`id`)
) ENGINE=InnoDB AUTO_INCREMENT=93 DEFAULT CHARSET=utf8 COLLATE=utf8_unicode_ci;


CREATE TABLE `users` (
  `id` int(10) unsigned NOT NULL AUTO_INCREMENT,
  `timeline_id` int(10) unsigned NOT NULL,
  `email` varchar(250) COLLATE utf8_unicode_ci NOT NULL,
  `verification_code` varchar(250) COLLATE utf8_unicode_ci NOT NULL,
  `verified` tinyint(1) NOT NULL DEFAULT '0',
  `email_verified` tinyint(1) DEFAULT NULL,
  `remember_token` varchar(250) COLLATE utf8_unicode_ci NOT NULL,
  `password` varchar(250) COLLATE utf8_unicode_ci NOT NULL,
  `balance` double(8,2) NOT NULL DEFAULT '0.00',
  `birthday` date NOT NULL DEFAULT '1970-01-01',
  `city` varchar(100) COLLATE utf8_unicode_ci DEFAULT NULL,
  `country` varchar(100) COLLATE utf8_unicode_ci DEFAULT NULL,
  `designation` varchar(255) COLLATE utf8_unicode_ci DEFAULT NULL,
  `hobbies` varchar(255) COLLATE utf8_unicode_ci DEFAULT NULL,
  `interests` varchar(255) COLLATE utf8_unicode_ci DEFAULT NULL,
  `custom_option1` varchar(255) COLLATE utf8_unicode_ci DEFAULT NULL,
  `custom_option2` varchar(255) COLLATE utf8_unicode_ci DEFAULT NULL,
  `custom_option3` varchar(255) COLLATE utf8_unicode_ci DEFAULT NULL,
  `custom_option4` varchar(255) COLLATE utf8_unicode_ci DEFAULT NULL,
  `gender` varchar(255) COLLATE utf8_unicode_ci DEFAULT NULL,
  `active` tinyint(1) NOT NULL DEFAULT '1',
  `last_logged` timestamp NULL DEFAULT NULL,
  `timezone` varchar(255) COLLATE utf8_unicode_ci DEFAULT NULL,
  `affiliate_id` int(10) unsigned DEFAULT NULL,
  `language` varchar(15) COLLATE utf8_unicode_ci DEFAULT NULL,
  `facebook_link` varchar(250) COLLATE utf8_unicode_ci DEFAULT NULL,
  `twitter_link` varchar(255) COLLATE utf8_unicode_ci DEFAULT NULL,
  `dribbble_link` varchar(255) COLLATE utf8_unicode_ci DEFAULT NULL,
  `instagram_link` varchar(255) COLLATE utf8_unicode_ci DEFAULT NULL,
  `youtube_link` varchar(255) COLLATE utf8_unicode_ci DEFAULT NULL,
  `linkedin_link` varchar(255) COLLATE utf8_unicode_ci DEFAULT NULL,
  `created_at` timestamp NULL DEFAULT NULL,
  `updated_at` timestamp NULL DEFAULT NULL,
  `deleted_at` timestamp NULL DEFAULT NULL,
  PRIMARY KEY (`id`),
  KEY `users_timeline_id_foreign` (`timeline_id`),
  KEY `users_affiliate_id_foreign` (`affiliate_id`),
  CONSTRAINT `users_affiliate_id_foreign` FOREIGN KEY (`affiliate_id`) REFERENCES `users` (`id`),
  CONSTRAINT `users_timeline_id_foreign` FOREIGN KEY (`timeline_id`) REFERENCES `timelines` (`id`)
) ENGINE=InnoDB AUTO_INCREMENT=40 DEFAULT CHARSET=utf8 COLLATE=utf8_unicode_ci;


CREATE TABLE `timeline_reports` (
  `id` int(10) unsigned NOT NULL AUTO_INCREMENT,
  `timeline_id` int(10) unsigned NOT NULL,
  `reporter_id` int(10) unsigned NOT NULL,
  `status` varchar(200) COLLATE utf8_unicode_ci NOT NULL,
  `created_at` timestamp NULL DEFAULT NULL,
  `updated_at` timestamp NULL DEFAULT NULL,
  `deleted_at` timestamp NULL DEFAULT NULL,
  PRIMARY KEY (`id`),
  KEY `timeline_reports_timeline_id_foreign` (`timeline_id`),
  KEY `timeline_reports_reporter_id_foreign` (`reporter_id`),
  CONSTRAINT `timeline_reports_reporter_id_foreign` FOREIGN KEY (`reporter_id`) REFERENCES `users` (`id`),
  CONSTRAINT `timeline_reports_timeline_id_foreign` FOREIGN KEY (`timeline_id`) REFERENCES `timelines` (`id`)
) ENGINE=InnoDB DEFAULT CHARSET=utf8 COLLATE=utf8_unicode_ci;


CREATE TABLE `user_settings` (
  `id` int(10) unsigned NOT NULL AUTO_INCREMENT,
  `user_id` int(10) unsigned NOT NULL,
  `comment_privacy` varchar(15) COLLATE utf8_unicode_ci NOT NULL,
  `follow_privacy` varchar(15) COLLATE utf8_unicode_ci NOT NULL,
  `post_privacy` varchar(15) COLLATE utf8_unicode_ci NOT NULL,
  `confirm_follow` varchar(15) COLLATE utf8_unicode_ci NOT NULL,
  `timeline_post_privacy` varchar(15) COLLATE utf8_unicode_ci NOT NULL,
  `message_privacy` varchar(255) COLLATE utf8_unicode_ci NOT NULL DEFAULT '0',
  `email_follow` varchar(15) COLLATE utf8_unicode_ci NOT NULL DEFAULT 'no',
  `email_like_post` varchar(15) COLLATE utf8_unicode_ci NOT NULL DEFAULT 'no',
  `email_post_share` varchar(15) COLLATE utf8_unicode_ci NOT NULL DEFAULT 'no',
  `email_comment_post` varchar(15) COLLATE utf8_unicode_ci NOT NULL DEFAULT 'no',
  `email_like_comment` varchar(15) COLLATE utf8_unicode_ci NOT NULL DEFAULT 'no',
  `email_reply_comment` varchar(15) COLLATE utf8_unicode_ci NOT NULL DEFAULT 'no',
  `email_join_group` varchar(15) COLLATE utf8_unicode_ci NOT NULL DEFAULT 'no',
  `email_like_page` varchar(15) COLLATE utf8_unicode_ci NOT NULL DEFAULT 'no',
  PRIMARY KEY (`id`),
  KEY `user_settings_user_id_foreign` (`user_id`),
  CONSTRAINT `user_settings_user_id_foreign` FOREIGN KEY (`user_id`) REFERENCES `users` (`id`)
) ENGINE=InnoDB AUTO_INCREMENT=40 DEFAULT CHARSET=utf8 COLLATE=utf8_unicode_ci;


CREATE TABLE `wallpapers` (
  `id` int(10) unsigned NOT NULL AUTO_INCREMENT,
  `title` varchar(255) COLLATE utf8_unicode_ci NOT NULL,
  `media_id` int(10) unsigned NOT NULL,
  `created_at` timestamp NULL DEFAULT NULL,
  `updated_at` timestamp NULL DEFAULT NULL,
  PRIMARY KEY (`id`),
  KEY `wallpapers_media_id_foreign` (`media_id`),
  CONSTRAINT `wallpapers_media_id_foreign` FOREIGN KEY (`media_id`) REFERENCES `media` (`id`)
) ENGINE=InnoDB DEFAULT CHARSET=utf8 COLLATE=utf8_unicode_ci;




SET FOREIGN_KEY_CHECKS = @PREVIOUS_FOREIGN_KEY_CHECKS;


SET @PREVIOUS_FOREIGN_KEY_CHECKS = @@FOREIGN_KEY_CHECKS;
SET FOREIGN_KEY_CHECKS = 0;


LOCK TABLES `albums` WRITE;
ALTER TABLE `albums` DISABLE KEYS;
INSERT INTO `albums` (`id`, `timeline_id`, `name`, `slug`, `about`, `preview_id`, `active`, `privacy`, `created_at`, `updated_at`, `deleted_at`) VALUES 
	(1,64,'Feeney Land','feeney-land','Vitae dolor aut qui. Iste sunt id exercitationem quia officiis.',33,1,'private','2017-11-09 13:55:10','2017-11-09 13:55:10',NULL),
	(2,73,'Elbert Locks','elbert-locks','Et ex magni autem enim optio nam. Mollitia quo dolorum voluptas fugit et.',20,1,'private','2017-11-09 13:55:10','2017-11-09 13:55:10',NULL),
	(3,50,'Collin Ports','collin-ports','Natus cupiditate iusto nihil consequatur voluptate.',47,1,'private','2017-11-09 13:55:10','2017-11-09 13:55:10',NULL),
	(4,9,'Nienow Walk','nienow-walk','Unde assumenda aut rerum repudiandae sit exercitationem et.',70,1,'public','2017-11-09 13:55:10','2017-11-09 13:55:10',NULL),
	(5,43,'Parisian Parkway','parisian-parkway','Id excepturi magni est in asperiores et sunt. Officia fugiat ratione odio.',58,1,'public','2017-11-09 13:55:10','2017-11-09 13:55:10',NULL),
	(6,2,'Kaylie Meadow','kaylie-meadow','Porro voluptas unde voluptas et et possimus. Voluptatem quae similique quia.',69,1,'public','2017-11-09 13:55:10','2017-11-09 13:55:10',NULL),
	(7,18,'King Crest','king-crest','Ipsum velit eius dignissimos quia hic.',70,1,'private','2017-11-09 13:55:10','2017-11-09 13:55:10',NULL),
	(8,38,'Schultz Underpass','schultz-underpass','Ullam voluptas dolorem molestias. Qui ipsa occaecati quia enim.',23,1,'public','2017-11-09 13:55:10','2017-11-09 13:55:10',NULL),
	(9,10,'Marjorie Grove','marjorie-grove','Fugit adipisci aut natus aut iusto ad. Vitae eum impedit itaque a.',56,1,'private','2017-11-09 13:55:10','2017-11-09 13:55:10',NULL),
	(10,39,'Kristian Tunnel','kristian-tunnel','Velit pariatur in consequatur et sed recusandae eos.',36,1,'public','2017-11-09 13:55:10','2017-11-09 13:55:10',NULL),
	(11,13,'Lia Oval','lia-oval','Laboriosam earum ab pariatur dolore. Nesciunt aut est iste vel aut omnis.',10,1,'public','2017-11-09 13:55:10','2017-11-09 13:55:10',NULL),
	(12,17,'Federico Ferry','federico-ferry','Laudantium consequuntur eos eius accusamus veniam alias.',6,1,'private','2017-11-09 13:55:11','2017-11-09 13:55:11',NULL),
	(13,11,'Hessel Ways','hessel-ways','Assumenda fugit qui eos aut quo magnam.',17,1,'public','2017-11-09 13:55:11','2017-11-09 13:55:11',NULL),
	(14,6,'Valentine Forest','valentine-forest','Corporis libero debitis id qui ipsa.',12,1,'private','2017-11-09 13:55:11','2017-11-09 13:55:11',NULL),
	(15,59,'Edwardo Stream','edwardo-stream','Necessitatibus hic maiores porro quam excepturi.',69,1,'private','2017-11-09 13:55:11','2017-11-09 13:55:11',NULL),
	(16,51,'Heidenreich Road','heidenreich-road','Ipsum quibusdam ut quisquam dicta facere.',61,1,'public','2017-11-09 13:55:11','2017-11-09 13:55:11',NULL),
	(17,24,'Medhurst Lights','medhurst-lights','Voluptatem itaque earum omnis autem nostrum necessitatibus veritatis.',38,1,'public','2017-11-09 13:55:11','2017-11-09 13:55:11',NULL),
	(18,9,'Kunze Fork','kunze-fork','Enim autem praesentium quia rerum aut quis molestias.',74,1,'private','2017-11-09 13:55:11','2017-11-09 13:55:11',NULL),
	(19,11,'Hansen Shores','hansen-shores','Pariatur omnis veniam eum sunt alias.',42,1,'private','2017-11-09 13:55:11','2017-11-09 13:55:11',NULL),
	(20,17,'Dahlia Hollow','dahlia-hollow','Aut esse repudiandae nulla magnam ut placeat dolores.',77,1,'private','2017-11-09 13:55:11','2017-11-09 13:55:11',NULL),
	(21,8,'Amalia Islands','amalia-islands','Quo et sit adipisci nulla nisi ut est rem. Sed dolor ratione quo.',9,1,'public','2017-11-09 13:55:11','2017-11-09 13:55:11',NULL),
	(22,60,'Peyton River','peyton-river','Dolores cumque esse exercitationem animi sunt magnam.',76,1,'private','2017-11-09 13:55:11','2017-11-09 13:55:11',NULL),
	(23,49,'Emmerich Row','emmerich-row','Voluptatem sit quis sunt facere vitae ab quis.',9,1,'private','2017-11-09 13:55:11','2017-11-09 13:55:11',NULL),
	(24,25,'Jaskolski Ports','jaskolski-ports','At quo placeat sunt sed beatae veniam laudantium.',35,1,'public','2017-11-09 13:55:11','2017-11-09 13:55:11',NULL),
	(25,38,'Cole Common','cole-common','Voluptas rem non a consequatur. Et sed qui sit ea accusamus.',37,1,'public','2017-11-09 13:55:11','2017-11-09 13:55:11',NULL),
	(26,59,'Schroeder Grove','schroeder-grove','Molestiae dolorum itaque reprehenderit odit aut quibusdam.',75,1,'public','2017-11-09 13:55:11','2017-11-09 13:55:11',NULL),
	(27,82,'Ortiz Trafficway','ortiz-trafficway','Occaecati voluptates exercitationem corporis ut. Consequatur ipsum totam et et.',66,1,'private','2017-11-09 13:55:11','2017-11-09 13:55:11',NULL),
	(28,16,'Johnathon Wall','johnathon-wall','Nostrum amet quaerat ipsum dolorum officia aut.',8,1,'private','2017-11-09 13:55:11','2017-11-09 13:55:11',NULL),
	(29,15,'Grady Locks','grady-locks','Aut cumque et consequatur dolorum dolores ullam.',75,1,'private','2017-11-09 13:55:11','2017-11-09 13:55:11',NULL),
	(30,71,'Demond Fields','demond-fields','Est aut eaque minus nesciunt ratione est labore vel.',16,1,'public','2017-11-09 13:55:11','2017-11-09 13:55:11',NULL),
	(31,18,'Douglas Rue','douglas-rue','Omnis impedit quia inventore doloremque aut.',68,1,'public','2017-11-09 13:55:11','2017-11-09 13:55:11',NULL),
	(32,18,'Purdy Radial','purdy-radial','Est aut harum esse. Eum doloribus perferendis nihil sed qui id assumenda.',8,1,'public','2017-11-09 13:55:11','2017-11-09 13:55:11',NULL),
	(33,84,'Landen Mill','landen-mill','Aut atque in iusto officia nulla dolore cum.',12,1,'private','2017-11-09 13:55:11','2017-11-09 13:55:11',NULL),
	(34,85,'Nora Mills','nora-mills','Iure vitae quia mollitia illo excepturi at. Eos ut vitae est alias.',26,1,'private','2017-11-09 13:55:11','2017-11-09 13:55:11',NULL),
	(35,11,'Francisco Mews','francisco-mews','Optio iure dignissimos dolorem cum culpa.',49,1,'public','2017-11-09 13:55:11','2017-11-09 13:55:11',NULL),
	(36,25,'Bartoletti Extension','bartoletti-extension','Distinctio et dolore sed deserunt officiis et.',70,1,'private','2017-11-09 13:55:11','2017-11-09 13:55:11',NULL),
	(37,32,'Hilda Fords','hilda-fords','Quia dolore temporibus quod dolore. Iste accusantium laborum voluptatem sunt.',62,1,'private','2017-11-09 13:55:11','2017-11-09 13:55:11',NULL),
	(38,52,'Larson Mission','larson-mission','Non quasi non explicabo a. Id officia et molestiae pariatur. Cum sed et aut.',34,1,'private','2017-11-09 13:55:11','2017-11-09 13:55:11',NULL),
	(39,40,'Adams Lake','adams-lake','Iste quia molestiae nihil et.',76,1,'public','2017-11-09 13:55:11','2017-11-09 13:55:11',NULL),
	(40,7,'Smith Ridge','smith-ridge','Velit dolores quo quos natus voluptas.',55,1,'private','2017-11-09 13:55:11','2017-11-09 13:55:11',NULL),
	(41,74,'Mayer Point','mayer-point','Impedit hic eos quidem assumenda.',29,1,'public','2017-11-09 13:55:11','2017-11-09 13:55:11',NULL),
	(42,66,'Dwight Crest','dwight-crest','Quia possimus sint sunt rerum sint fugiat.',12,1,'public','2017-11-09 13:55:11','2017-11-09 13:55:11',NULL),
	(43,6,'Wolff Landing','wolff-landing','Quos sunt qui porro. Cumque ut corporis itaque sit.',54,1,'private','2017-11-09 13:55:11','2017-11-09 13:55:11',NULL),
	(44,11,'Dock Roads','dock-roads','Iusto repudiandae corrupti minus voluptas alias voluptate.',36,1,'private','2017-11-09 13:55:11','2017-11-09 13:55:11',NULL),
	(45,13,'Farrell Lodge','farrell-lodge','Sed quia explicabo odit delectus. Autem rerum vitae enim eum beatae aut sint.',64,1,'public','2017-11-09 13:55:11','2017-11-09 13:55:11',NULL),
	(46,3,'Casper Plains','casper-plains','Voluptatem et et tenetur magnam velit. Et enim dicta qui culpa dicta odit.',78,1,'private','2017-11-09 13:55:11','2017-11-09 13:55:11',NULL),
	(47,52,'Marcos Estates','marcos-estates','At et in molestias officiis. Sint dolore minima accusamus quasi labore.',22,1,'public','2017-11-09 13:55:11','2017-11-09 13:55:11',NULL),
	(48,18,'Schowalter Haven','schowalter-haven','Eum quam dolore suscipit omnis recusandae. Eveniet alias labore eos eaque.',9,1,'public','2017-11-09 13:55:11','2017-11-09 13:55:11',NULL),
	(49,52,'Buford Village','buford-village','Autem aspernatur non eos quis dolorem.',33,1,'private','2017-11-09 13:55:11','2017-11-09 13:55:11',NULL),
	(50,87,'Karli Forge','karli-forge','Dolorem placeat cumque voluptatem fugiat.',7,1,'public','2017-11-09 13:55:11','2017-11-09 13:55:11',NULL),
	(51,70,'Ernser Walks','ernser-walks','Unde rem est porro ut aliquid velit. Labore dolor laborum quasi et.',29,1,'public','2017-11-09 13:55:11','2017-11-09 13:55:11',NULL),
	(52,64,'Simonis Ports','simonis-ports','Id sunt incidunt qui omnis. Voluptas et unde consequuntur nemo ut eveniet.',40,1,'public','2017-11-09 13:55:11','2017-11-09 13:55:11',NULL),
	(53,60,'Stella Terrace','stella-terrace','Nihil exercitationem nulla aut ut velit commodi corrupti.',49,1,'public','2017-11-09 13:55:11','2017-11-09 13:55:11',NULL),
	(54,25,'Hailie Flats','hailie-flats','Consequatur atque eos nemo cupiditate dolores. Sed et qui voluptatum accusamus.',72,1,'private','2017-11-09 13:55:11','2017-11-09 13:55:11',NULL),
	(55,60,'Corene Valley','corene-valley','Quis ullam sit sit quia dignissimos.',73,1,'public','2017-11-09 13:55:11','2017-11-09 13:55:11',NULL),
	(56,38,'Effertz Fork','effertz-fork','Hic amet sapiente ad eius veniam. Nisi molestias id consequuntur nisi sit.',52,1,'public','2017-11-09 13:55:11','2017-11-09 13:55:11',NULL),
	(57,15,'Wiegand Port','wiegand-port','Neque natus ipsum inventore culpa alias culpa.',11,1,'public','2017-11-09 13:55:11','2017-11-09 13:55:11',NULL),
	(58,59,'Champlin Parks','champlin-parks','Id voluptatem mollitia nobis voluptas voluptates pariatur asperiores.',78,1,'public','2017-11-09 13:55:11','2017-11-09 13:55:11',NULL),
	(59,54,'Princess Views','princess-views','Voluptatem et iste quo reprehenderit. Itaque non repellat possimus sint qui.',31,1,'private','2017-11-09 13:55:11','2017-11-09 13:55:11',NULL),
	(60,54,'McClure Brooks','mcclure-brooks','Quia earum corporis maiores non voluptatem quia velit.',56,1,'public','2017-11-09 13:55:11','2017-11-09 13:55:11',NULL);
ALTER TABLE `albums` ENABLE KEYS;
UNLOCK TABLES;


LOCK TABLES `album_media` WRITE;
ALTER TABLE `album_media` DISABLE KEYS;
INSERT INTO `album_media` (`id`, `album_id`, `media_id`) VALUES 
	(1,1,31),
	(2,1,32),
	(3,1,35),
	(4,2,38),
	(5,3,6),
	(6,3,30),
	(7,3,5),
	(8,4,33),
	(9,4,27),
	(10,4,35),
	(11,5,37),
	(12,6,16),
	(13,7,16),
	(14,7,27),
	(15,8,9),
	(16,8,1),
	(17,8,22),
	(18,9,20),
	(19,10,31),
	(20,10,29),
	(21,11,23),
	(22,11,38),
	(23,11,35),
	(24,12,15),
	(25,12,34),
	(26,13,34),
	(27,14,2),
	(28,14,14),
	(29,15,32),
	(30,16,38),
	(31,16,13),
	(32,16,12),
	(33,17,32),
	(34,17,34),
	(35,17,8),
	(36,18,5),
	(37,18,7),
	(38,18,29),
	(39,19,34),
	(40,19,7),
	(41,20,17),
	(42,20,1),
	(43,20,14),
	(44,21,24),
	(45,21,17),
	(46,22,18),
	(47,22,38),
	(48,23,17),
	(49,24,26),
	(50,24,6),
	(51,24,8),
	(52,25,7),
	(53,26,22),
	(54,26,36),
	(55,26,32),
	(56,27,33),
	(57,27,37),
	(58,27,13),
	(59,28,26),
	(60,29,19),
	(61,30,2),
	(62,31,4),
	(63,31,8),
	(64,32,14),
	(65,32,21),
	(66,33,25),
	(67,34,33),
	(68,34,28),
	(69,34,35),
	(70,35,35),
	(71,36,38),
	(72,36,7),
	(73,37,26),
	(74,38,12),
	(75,38,15),
	(76,38,26),
	(77,39,32),
	(78,40,6),
	(79,40,23),
	(80,40,8),
	(81,41,30),
	(82,42,26),
	(83,42,13),
	(84,43,35),
	(85,43,21),
	(86,43,8),
	(87,44,32),
	(88,44,21),
	(89,45,31),
	(90,45,14),
	(91,45,20),
	(92,46,18),
	(93,46,38),
	(94,46,5),
	(95,47,37),
	(96,48,16),
	(97,48,20),
	(98,49,6),
	(99,49,17),
	(100,50,1),
	(101,50,30),
	(102,51,37),
	(103,52,12),
	(104,52,8),
	(105,53,33),
	(106,53,36),
	(107,53,29),
	(108,54,12),
	(109,54,24),
	(110,55,28),
	(111,56,5),
	(112,57,8),
	(113,57,38),
	(114,57,12),
	(115,58,12),
	(116,58,10),
	(117,59,12),
	(118,59,10),
	(119,59,7),
	(120,60,15);
ALTER TABLE `album_media` ENABLE KEYS;
UNLOCK TABLES;


LOCK TABLES `announcements` WRITE;
ALTER TABLE `announcements` DISABLE KEYS;
INSERT INTO `announcements` (`id`, `title`, `description`, `image`, `start_date`, `end_date`, `created_at`, `updated_at`, `deleted_at`) VALUES 
	(1,'Krystel Turner','Aut tenetur nemo optio voluptate. Recusandae aut voluptates in officiis culpa esse. Vero voluptates labore facere facilis minima et ratione iste. Sunt tempore fugiat similique commodi aut aliquam.',NULL,'2005-02-20','1976-10-27','2017-11-09 13:55:00','2017-11-09 13:55:00',NULL),
	(2,'Ms. Lauryn Grady','Sed molestias molestias optio est est. Ipsa voluptatum reiciendis autem nisi voluptatem et. Est veritatis non non at ut qui.',NULL,'2012-02-20','2011-10-07','2017-11-09 13:55:00','2017-11-09 13:55:00',NULL),
	(3,'Dr. Pascale Kutch PhD','Suscipit sit sed quis voluptas sint facilis in. Iste vel quia quo. Quia recusandae animi eos rerum. Quia consequuntur asperiores aut voluptas. Repudiandae enim qui nostrum magnam quia.',NULL,'1986-06-23','2011-02-19','2017-11-09 13:55:00','2017-11-09 13:55:00',NULL),
	(4,'Thad Ullrich','Accusamus dolores qui facere nam cum. Sunt unde consectetur velit excepturi ut amet nesciunt. Tempore sunt repudiandae voluptas voluptas.',NULL,'2006-07-22','1982-02-23','2017-11-09 13:55:00','2017-11-09 13:55:00',NULL),
	(5,'Myrtie Lueilwitz','Nihil neque commodi exercitationem autem et sit at. Quam est atque tenetur. Dolorem quisquam pariatur eveniet voluptatem. Doloremque iusto magnam molestiae omnis quis qui.',NULL,'2013-07-03','1983-05-13','2017-11-09 13:55:00','2017-11-09 13:55:00',NULL),
	(6,'Amani Howell','Omnis atque itaque veritatis impedit adipisci rerum. Deserunt ducimus deserunt quas excepturi pariatur asperiores molestiae nam.',NULL,'2001-11-11','1997-04-18','2017-11-09 13:55:00','2017-11-09 13:55:00',NULL),
	(7,'Diego Reynolds','Alias fugit officiis aperiam corporis porro ullam natus. Fugit dolore enim est sit ab est. Voluptatem eum aut voluptates dolores ea aut est. Odio qui id voluptatem vel.',NULL,'1986-04-08','2005-11-01','2017-11-09 13:55:00','2017-11-09 13:55:00',NULL),
	(8,'Nora Cruickshank','Culpa illo ratione corrupti qui voluptate repudiandae. Doloremque est culpa consectetur.',NULL,'2014-01-15','2013-07-13','2017-11-09 13:55:00','2017-11-09 13:55:00',NULL),
	(9,'Jeanne Strosin','Est rem molestias error eveniet vel dolorem iusto. Et incidunt consequuntur voluptatibus odio dolores repudiandae eum.',NULL,'1986-08-30','2013-09-23','2017-11-09 13:55:00','2017-11-09 13:55:00',NULL),
	(10,'Christina Will','Inventore aperiam est rerum perspiciatis et vel ea. Est at ab voluptatum error quo. Qui doloribus et reiciendis similique et voluptatum.',NULL,'1985-06-02','1988-03-04','2017-11-09 13:55:00','2017-11-09 13:55:00',NULL),
	(11,'Amie Altenwerth','Est eum adipisci asperiores autem blanditiis corrupti et. Eius dolores debitis dolor et. Qui voluptate quam rerum autem occaecati quia qui. Est porro aut ut ea esse.',NULL,'2005-04-22','1987-11-21','2017-11-09 13:55:00','2017-11-09 13:55:00',NULL),
	(12,'Emilie Steuber III','Doloremque odit est excepturi nam et sit voluptas. Et est ea debitis error. Perferendis et omnis non tempora ut et eos. Qui nemo illo natus dicta. Dicta in et ea ut aperiam modi ut.',NULL,'1998-06-06','1990-09-08','2017-11-09 13:55:00','2017-11-09 13:55:00',NULL),
	(13,'Mrs. Lillie Treutel','Sunt eos non velit iste consectetur debitis deleniti. Laborum praesentium sint in rem in velit ut. Quas molestiae non distinctio aliquam. Perspiciatis laborum officia enim.',NULL,'1998-07-26','2012-08-12','2017-11-09 13:55:00','2017-11-09 13:55:00',NULL),
	(14,'Germaine Crooks IV','Ea voluptas rem sunt. Dolorem aut possimus quo voluptates optio. Quis debitis officiis a sed ipsam quidem veniam.',NULL,'1987-01-22','1985-07-21','2017-11-09 13:55:00','2017-11-09 13:55:00',NULL),
	(15,'Raymundo Larkin','Rerum sint est quisquam quis. Corporis laborum deleniti exercitationem harum quisquam. Voluptas delectus repudiandae qui cum repudiandae eaque. Esse quibusdam occaecati ut voluptatem libero et.',NULL,'1974-02-10','2000-10-29','2017-11-09 13:55:00','2017-11-09 13:55:00',NULL),
	(16,'Miss Katrine Yost Jr.','Dolores eveniet numquam est quasi. Repellat expedita laborum aliquid animi. Et et ut vitae. Qui soluta ab sit est.',NULL,'1976-11-15','1994-10-10','2017-11-09 13:55:00','2017-11-09 13:55:00',NULL),
	(17,'Yasmine Ratke','Minus ratione id dolores inventore ipsa iste. Quasi ad nam est totam perspiciatis.',NULL,'2012-10-10','1983-10-08','2017-11-09 13:55:00','2017-11-09 13:55:00',NULL),
	(18,'Aniyah Abshire','Voluptates nesciunt sapiente exercitationem et quia. Nobis voluptas voluptates voluptatibus quisquam. Assumenda est ea quo odio magni et iste. Dolore in itaque fugiat sunt voluptatem blanditiis odit.',NULL,'1972-10-04','1999-11-07','2017-11-09 13:55:00','2017-11-09 13:55:00',NULL),
	(19,'Don Crooks','Est reprehenderit rerum aliquid voluptatem vel. Aut qui ea tempora est distinctio omnis architecto. Voluptas vitae qui corrupti sint. Vel error et est possimus sed quas.',NULL,'2017-10-29','1975-07-29','2017-11-09 13:55:00','2017-11-09 13:55:00',NULL),
	(20,'Dominic Schuster','Magnam ab vel earum quam. Voluptatibus dicta et quia architecto et maiores. Exercitationem repellendus odit illum earum magnam vero. Cumque fuga eveniet id minus.',NULL,'1992-04-13','1992-01-25','2017-11-09 13:55:00','2017-11-09 13:55:00',NULL);
ALTER TABLE `announcements` ENABLE KEYS;
UNLOCK TABLES;


LOCK TABLES `announcement_user` WRITE;
ALTER TABLE `announcement_user` DISABLE KEYS;
INSERT INTO `announcement_user` (`id`, `announcement_id`, `user_id`, `created_at`, `updated_at`, `deleted_at`) VALUES 
	(1,1,6,NULL,NULL,NULL),
	(2,1,20,NULL,NULL,NULL),
	(3,1,1,NULL,NULL,NULL),
	(4,1,12,NULL,NULL,NULL),
	(5,1,13,NULL,NULL,NULL),
	(6,1,17,NULL,NULL,NULL),
	(7,1,18,NULL,NULL,NULL),
	(8,1,19,NULL,NULL,NULL),
	(9,1,8,NULL,NULL,NULL),
	(10,1,9,NULL,NULL,NULL),
	(11,1,7,NULL,NULL,NULL),
	(12,1,10,NULL,NULL,NULL),
	(13,1,3,NULL,NULL,NULL),
	(14,1,14,NULL,NULL,NULL),
	(15,2,17,NULL,NULL,NULL),
	(16,2,16,NULL,NULL,NULL),
	(17,2,10,NULL,NULL,NULL),
	(18,2,15,NULL,NULL,NULL),
	(19,2,14,NULL,NULL,NULL),
	(20,2,6,NULL,NULL,NULL),
	(21,2,13,NULL,NULL,NULL),
	(22,2,20,NULL,NULL,NULL),
	(23,2,1,NULL,NULL,NULL),
	(24,2,8,NULL,NULL,NULL),
	(25,2,2,NULL,NULL,NULL),
	(26,2,9,NULL,NULL,NULL),
	(27,2,5,NULL,NULL,NULL),
	(28,3,9,NULL,NULL,NULL),
	(29,3,17,NULL,NULL,NULL),
	(30,3,16,NULL,NULL,NULL),
	(31,3,6,NULL,NULL,NULL),
	(32,3,7,NULL,NULL,NULL),
	(33,3,13,NULL,NULL,NULL),
	(34,3,14,NULL,NULL,NULL),
	(35,4,20,NULL,NULL,NULL),
	(36,4,6,NULL,NULL,NULL),
	(37,4,11,NULL,NULL,NULL),
	(38,4,2,NULL,NULL,NULL),
	(39,4,7,NULL,NULL,NULL),
	(40,4,8,NULL,NULL,NULL),
	(41,4,18,NULL,NULL,NULL),
	(42,4,15,NULL,NULL,NULL),
	(43,4,5,NULL,NULL,NULL),
	(44,4,9,NULL,NULL,NULL),
	(45,4,4,NULL,NULL,NULL),
	(46,4,3,NULL,NULL,NULL),
	(47,4,17,NULL,NULL,NULL),
	(48,4,13,NULL,NULL,NULL),
	(49,4,12,NULL,NULL,NULL),
	(50,4,1,NULL,NULL,NULL),
	(51,5,14,NULL,NULL,NULL),
	(52,5,3,NULL,NULL,NULL),
	(53,5,13,NULL,NULL,NULL),
	(54,5,11,NULL,NULL,NULL),
	(55,5,2,NULL,NULL,NULL),
	(56,5,7,NULL,NULL,NULL),
	(57,5,9,NULL,NULL,NULL),
	(58,5,15,NULL,NULL,NULL),
	(59,5,5,NULL,NULL,NULL),
	(60,5,12,NULL,NULL,NULL),
	(61,5,6,NULL,NULL,NULL),
	(62,5,18,NULL,NULL,NULL),
	(63,5,8,NULL,NULL,NULL),
	(64,5,19,NULL,NULL,NULL),
	(65,5,17,NULL,NULL,NULL),
	(66,5,20,NULL,NULL,NULL),
	(67,5,16,NULL,NULL,NULL),
	(68,6,13,NULL,NULL,NULL),
	(69,6,20,NULL,NULL,NULL),
	(70,6,6,NULL,NULL,NULL),
	(71,6,17,NULL,NULL,NULL),
	(72,6,1,NULL,NULL,NULL),
	(73,6,11,NULL,NULL,NULL),
	(74,6,3,NULL,NULL,NULL),
	(75,6,16,NULL,NULL,NULL),
	(76,6,15,NULL,NULL,NULL),
	(77,6,10,NULL,NULL,NULL),
	(78,6,2,NULL,NULL,NULL),
	(79,6,19,NULL,NULL,NULL),
	(80,6,9,NULL,NULL,NULL),
	(81,6,18,NULL,NULL,NULL),
	(82,6,12,NULL,NULL,NULL),
	(83,7,7,NULL,NULL,NULL),
	(84,7,12,NULL,NULL,NULL),
	(85,7,18,NULL,NULL,NULL),
	(86,7,2,NULL,NULL,NULL),
	(87,7,9,NULL,NULL,NULL),
	(88,7,1,NULL,NULL,NULL),
	(89,7,13,NULL,NULL,NULL),
	(90,7,15,NULL,NULL,NULL),
	(91,7,14,NULL,NULL,NULL),
	(92,7,19,NULL,NULL,NULL),
	(93,7,3,NULL,NULL,NULL),
	(94,7,16,NULL,NULL,NULL),
	(95,7,4,NULL,NULL,NULL),
	(96,7,20,NULL,NULL,NULL),
	(97,7,10,NULL,NULL,NULL),
	(98,7,6,NULL,NULL,NULL),
	(99,7,5,NULL,NULL,NULL),
	(100,7,11,NULL,NULL,NULL),
	(101,7,17,NULL,NULL,NULL),
	(102,7,8,NULL,NULL,NULL),
	(103,8,19,NULL,NULL,NULL),
	(104,8,11,NULL,NULL,NULL),
	(105,8,14,NULL,NULL,NULL),
	(106,9,4,NULL,NULL,NULL),
	(107,9,9,NULL,NULL,NULL),
	(108,9,2,NULL,NULL,NULL),
	(109,9,19,NULL,NULL,NULL),
	(110,9,13,NULL,NULL,NULL),
	(111,9,18,NULL,NULL,NULL),
	(112,9,7,NULL,NULL,NULL),
	(113,9,8,NULL,NULL,NULL),
	(114,9,1,NULL,NULL,NULL),
	(115,9,12,NULL,NULL,NULL),
	(116,9,3,NULL,NULL,NULL),
	(117,9,11,NULL,NULL,NULL),
	(118,9,5,NULL,NULL,NULL),
	(119,10,2,NULL,NULL,NULL),
	(120,10,10,NULL,NULL,NULL),
	(121,10,3,NULL,NULL,NULL),
	(122,10,1,NULL,NULL,NULL),
	(123,10,8,NULL,NULL,NULL),
	(124,10,11,NULL,NULL,NULL),
	(125,11,3,NULL,NULL,NULL),
	(126,11,1,NULL,NULL,NULL),
	(127,11,16,NULL,NULL,NULL),
	(128,11,11,NULL,NULL,NULL),
	(129,11,6,NULL,NULL,NULL),
	(130,11,7,NULL,NULL,NULL),
	(131,11,13,NULL,NULL,NULL),
	(132,11,14,NULL,NULL,NULL),
	(133,11,17,NULL,NULL,NULL),
	(134,11,4,NULL,NULL,NULL),
	(135,11,9,NULL,NULL,NULL),
	(136,11,10,NULL,NULL,NULL),
	(137,11,18,NULL,NULL,NULL),
	(138,11,15,NULL,NULL,NULL),
	(139,11,20,NULL,NULL,NULL),
	(140,11,5,NULL,NULL,NULL),
	(141,12,3,NULL,NULL,NULL),
	(142,12,8,NULL,NULL,NULL),
	(143,12,10,NULL,NULL,NULL),
	(144,12,20,NULL,NULL,NULL),
	(145,12,12,NULL,NULL,NULL),
	(146,12,16,NULL,NULL,NULL),
	(147,12,18,NULL,NULL,NULL),
	(148,12,4,NULL,NULL,NULL),
	(149,12,5,NULL,NULL,NULL),
	(150,12,2,NULL,NULL,NULL),
	(151,12,7,NULL,NULL,NULL),
	(152,12,15,NULL,NULL,NULL),
	(153,12,6,NULL,NULL,NULL),
	(154,13,19,NULL,NULL,NULL),
	(155,13,9,NULL,NULL,NULL),
	(156,13,4,NULL,NULL,NULL),
	(157,13,15,NULL,NULL,NULL),
	(158,13,17,NULL,NULL,NULL),
	(159,13,8,NULL,NULL,NULL),
	(160,13,2,NULL,NULL,NULL),
	(161,13,12,NULL,NULL,NULL),
	(162,14,12,NULL,NULL,NULL),
	(163,14,19,NULL,NULL,NULL),
	(164,14,15,NULL,NULL,NULL),
	(165,14,11,NULL,NULL,NULL),
	(166,14,18,NULL,NULL,NULL),
	(167,14,14,NULL,NULL,NULL),
	(168,14,16,NULL,NULL,NULL),
	(169,14,8,NULL,NULL,NULL),
	(170,14,1,NULL,NULL,NULL),
	(171,14,2,NULL,NULL,NULL),
	(172,14,3,NULL,NULL,NULL),
	(173,14,20,NULL,NULL,NULL),
	(174,14,13,NULL,NULL,NULL),
	(175,14,10,NULL,NULL,NULL),
	(176,14,4,NULL,NULL,NULL),
	(177,15,20,NULL,NULL,NULL),
	(178,15,3,NULL,NULL,NULL),
	(179,15,14,NULL,NULL,NULL),
	(180,15,12,NULL,NULL,NULL),
	(181,15,6,NULL,NULL,NULL),
	(182,15,5,NULL,NULL,NULL),
	(183,15,17,NULL,NULL,NULL),
	(184,15,7,NULL,NULL,NULL),
	(185,15,19,NULL,NULL,NULL),
	(186,15,8,NULL,NULL,NULL),
	(187,15,11,NULL,NULL,NULL),
	(188,15,9,NULL,NULL,NULL),
	(189,16,12,NULL,NULL,NULL),
	(190,16,4,NULL,NULL,NULL),
	(191,16,9,NULL,NULL,NULL),
	(192,16,6,NULL,NULL,NULL),
	(193,16,15,NULL,NULL,NULL),
	(194,16,8,NULL,NULL,NULL),
	(195,16,17,NULL,NULL,NULL),
	(196,16,18,NULL,NULL,NULL),
	(197,16,2,NULL,NULL,NULL),
	(198,16,19,NULL,NULL,NULL),
	(199,16,11,NULL,NULL,NULL),
	(200,16,3,NULL,NULL,NULL),
	(201,16,14,NULL,NULL,NULL),
	(202,16,16,NULL,NULL,NULL),
	(203,16,1,NULL,NULL,NULL),
	(204,16,20,NULL,NULL,NULL),
	(205,16,13,NULL,NULL,NULL),
	(206,16,5,NULL,NULL,NULL),
	(207,16,10,NULL,NULL,NULL),
	(208,17,7,NULL,NULL,NULL),
	(209,17,18,NULL,NULL,NULL),
	(210,17,2,NULL,NULL,NULL),
	(211,17,16,NULL,NULL,NULL),
	(212,17,14,NULL,NULL,NULL),
	(213,17,15,NULL,NULL,NULL),
	(214,17,9,NULL,NULL,NULL),
	(215,17,6,NULL,NULL,NULL),
	(216,17,3,NULL,NULL,NULL),
	(217,18,18,NULL,NULL,NULL),
	(218,18,4,NULL,NULL,NULL),
	(219,19,11,NULL,NULL,NULL),
	(220,19,7,NULL,NULL,NULL),
	(221,19,3,NULL,NULL,NULL),
	(222,19,15,NULL,NULL,NULL),
	(223,20,2,NULL,NULL,NULL),
	(224,20,5,NULL,NULL,NULL),
	(225,20,16,NULL,NULL,NULL),
	(226,20,10,NULL,NULL,NULL),
	(227,20,6,NULL,NULL,NULL),
	(228,20,4,NULL,NULL,NULL),
	(229,20,20,NULL,NULL,NULL),
	(230,20,17,NULL,NULL,NULL),
	(231,20,14,NULL,NULL,NULL),
	(232,20,3,NULL,NULL,NULL),
	(233,20,13,NULL,NULL,NULL),
	(234,20,19,NULL,NULL,NULL),
	(235,20,8,NULL,NULL,NULL),
	(236,20,18,NULL,NULL,NULL),
	(237,20,1,NULL,NULL,NULL),
	(238,20,15,NULL,NULL,NULL),
	(239,20,7,NULL,NULL,NULL),
	(240,20,11,NULL,NULL,NULL);
ALTER TABLE `announcement_user` ENABLE KEYS;
UNLOCK TABLES;


LOCK TABLES `categories` WRITE;
ALTER TABLE `categories` DISABLE KEYS;
INSERT INTO `categories` (`id`, `name`, `description`, `parent_id`, `active`, `created_at`, `updated_at`, `deleted_at`) VALUES 
	(1,'Airport','description about Airport',1,1,'2017-11-09 13:54:57','2017-11-09 13:54:57',NULL),
	(2,'Automotive','description about Automotive',2,1,'2017-11-09 13:54:57','2017-11-09 13:54:57',NULL),
	(3,'Bank/Financial Services','description about Bank/Financial Services',3,1,'2017-11-09 13:54:57','2017-11-09 13:54:57',NULL),
	(4,'Bar','description about Bar',4,1,'2017-11-09 13:54:57','2017-11-09 13:54:57',NULL),
	(5,'Book Store','description about Book Store',5,1,'2017-11-09 13:54:57','2017-11-09 13:54:57',NULL),
	(6,'Business Services','description about Business Services',6,1,'2017-11-09 13:54:57','2017-11-09 13:54:57',NULL),
	(7,'Church/Religious Organization','description about Church/Religious Organization',7,1,'2017-11-09 13:54:57','2017-11-09 13:54:57',NULL),
	(8,'Club','description about Club',8,1,'2017-11-09 13:54:57','2017-11-09 13:54:57',NULL),
	(9,'Concert Venue','description about Concert Venue',9,1,'2017-11-09 13:54:57','2017-11-09 13:54:57',NULL),
	(10,'Doctor','description about Doctor',10,1,'2017-11-09 13:54:57','2017-11-09 13:54:57',NULL),
	(11,'Education','description about Education',11,1,'2017-11-09 13:54:57','2017-11-09 13:54:57',NULL),
	(12,'Event Planning/Event Services','description about Event Planning/Event Services',12,1,'2017-11-09 13:54:57','2017-11-09 13:54:57',NULL),
	(13,'Home Improvement','description about Home Improvement',13,1,'2017-11-09 13:54:57','2017-11-09 13:54:57',NULL),
	(14,'Hotel','description about Hotel',14,1,'2017-11-09 13:54:57','2017-11-09 13:54:57',NULL),
	(15,'Landmark','description about Landmark',15,1,'2017-11-09 13:54:57','2017-11-09 13:54:57',NULL),
	(16,'category1','description about category1',16,1,'2017-11-09 13:54:57','2017-11-09 13:54:57',NULL),
	(17,'category2','description about category2',17,1,'2017-11-09 13:54:57','2017-11-09 13:54:57',NULL),
	(18,'category3','description about category3',18,1,'2017-11-09 13:54:57','2017-11-09 13:54:57',NULL),
	(19,'category4','description about category4',19,1,'2017-11-09 13:54:57','2017-11-09 13:54:57',NULL),
	(20,'category5','description about category5',20,1,'2017-11-09 13:54:57','2017-11-09 13:54:57',NULL),
	(21,'category6','description about category6',21,1,'2017-11-09 13:54:57','2017-11-09 13:54:57',NULL),
	(22,'category7','description about category7',22,1,'2017-11-09 13:54:57','2017-11-09 13:54:57',NULL),
	(23,'category8','description about category8',23,1,'2017-11-09 13:54:57','2017-11-09 13:54:57',NULL),
	(24,'category9','description about category9',24,1,'2017-11-09 13:54:57','2017-11-09 13:54:57',NULL),
	(25,'category10','description about category10',25,1,'2017-11-09 13:54:57','2017-11-09 13:54:57',NULL);
ALTER TABLE `categories` ENABLE KEYS;
UNLOCK TABLES;


LOCK TABLES `comments` WRITE;
ALTER TABLE `comments` DISABLE KEYS;
INSERT INTO `comments` (`id`, `post_id`, `description`, `user_id`, `parent_id`, `created_at`, `updated_at`, `deleted_at`, `media_id`) VALUES 
	(1,36,'Totam et modi laudantium consectetur. Ipsa impedit enim asperiores at laboriosam molestias. Temporibus aut animi iste placeat. Quo quos molestiae ut nihil.',10,NULL,NULL,NULL,NULL,NULL),
	(2,56,'Modi error sapiente ipsam est impedit sunt. Et hic doloribus laboriosam cumque sequi eligendi numquam. Illum aut tempore sed corporis. Omnis perferendis alias hic aut maxime et.',22,NULL,NULL,NULL,NULL,NULL),
	(3,58,'Tenetur qui deserunt ad et eos quasi. Aliquid ducimus reprehenderit et. Ad consequatur ducimus a hic et. Similique vitae et quia aliquid dolorem non corrupti.',32,NULL,NULL,NULL,NULL,NULL),
	(4,58,'Incidunt dolores sed et dicta. Sequi sed et doloribus eos et animi. Qui rerum ab sed ut consequatur vel. Vel ratione et corrupti commodi vero sequi.',37,NULL,NULL,NULL,NULL,NULL),
	(5,11,'Vero sit necessitatibus nemo perferendis quia. Quis eaque reiciendis ut aspernatur. Quis maxime sed voluptatem eius quidem praesentium hic esse. Beatae et et vel.',26,NULL,NULL,NULL,NULL,NULL),
	(6,3,'Quia natus omnis non exercitationem dolor. Suscipit sed reiciendis quis pariatur ut quisquam. Vel sed officia sed rerum eveniet ex sint.',7,NULL,NULL,NULL,NULL,NULL),
	(7,57,'Quos a itaque et eum. Iusto quod quo officiis et provident aut. Et dolor magnam accusamus est sunt.\nNihil saepe voluptatem rem explicabo corporis et. Ipsum voluptate et nihil possimus ab.',22,NULL,NULL,NULL,NULL,NULL),
	(8,48,'Dolores tenetur provident eligendi a earum asperiores tempore ratione. Iste nihil exercitationem quis. Molestias sed doloribus atque in culpa totam.',13,NULL,NULL,NULL,NULL,NULL),
	(9,53,'Voluptatem officia accusantium cum qui. Laboriosam consectetur repellendus nesciunt ullam sequi. Ex aspernatur blanditiis molestias minima ut.',22,NULL,NULL,NULL,NULL,NULL),
	(10,42,'Perferendis facilis delectus quam laudantium accusamus vero aut. Aliquid animi placeat qui. Cum dicta nam illum dignissimos qui ab laboriosam.',28,NULL,NULL,NULL,NULL,NULL),
	(11,44,'Inventore quia perferendis et quia error eaque. Rem quidem ut quaerat quo distinctio id.',24,NULL,NULL,NULL,NULL,NULL),
	(12,31,'Non nihil dignissimos quis nihil voluptatem. Iusto veniam sequi neque. Expedita dolorum sed ab suscipit. Pariatur aspernatur est assumenda tenetur.',37,NULL,NULL,NULL,NULL,NULL),
	(13,36,'Cupiditate optio quod non aut. Error amet ea reprehenderit ut neque. Doloribus sint magni quis. Quos molestiae non aliquid inventore minus quas saepe.',38,NULL,NULL,NULL,NULL,NULL),
	(14,39,'Numquam possimus molestias ea facere eaque sed minima laudantium. Dolorem corrupti reiciendis cum assumenda reiciendis neque. Totam facilis aliquid quam laboriosam excepturi qui nemo.',23,NULL,NULL,NULL,NULL,NULL),
	(15,55,'Aut provident quod ducimus. Consequatur earum sit aspernatur ab.\nDolor voluptas officiis praesentium dolorem deleniti quibusdam nihil. Unde aut aspernatur iure itaque consectetur nihil molestiae.',16,NULL,NULL,NULL,NULL,NULL),
	(16,55,'Ut sed quae ipsum quia velit ut. Amet sapiente quisquam sapiente voluptatibus est dolorem. Molestias cupiditate reiciendis magni est.',36,NULL,NULL,NULL,NULL,NULL),
	(17,4,'Et dignissimos eum vitae omnis. Omnis consequatur rerum voluptatum. Ut architecto maxime et omnis.',16,NULL,NULL,NULL,NULL,NULL),
	(18,2,'Pariatur quis reiciendis et suscipit cupiditate aut. Et explicabo alias reiciendis nobis ut non.\nTempora sapiente non deserunt esse. Corrupti distinctio eum tenetur veritatis et modi a.',12,NULL,NULL,NULL,NULL,NULL),
	(19,6,'Quis itaque corrupti qui repellat asperiores magnam. Rerum ea officia sunt quis consequatur adipisci. Ullam qui voluptas magni laborum. Quos vel deserunt quasi aut.',22,NULL,NULL,NULL,NULL,NULL),
	(20,44,'Itaque vel ut animi nulla et. Hic a eos doloribus et. Vitae vel consectetur inventore voluptatibus voluptatum quae. Rem qui ut et quaerat. Quibusdam nostrum necessitatibus esse deserunt soluta.',21,NULL,NULL,NULL,NULL,NULL),
	(21,58,'Reprehenderit dolorem quo quia cumque autem non architecto modi. Est corrupti quidem blanditiis.',17,NULL,NULL,NULL,NULL,NULL),
	(22,35,'Qui est qui eum et iste. Dolore et voluptatem et et ducimus. Eum est sunt totam dolores iusto et.',21,NULL,NULL,NULL,NULL,NULL),
	(23,42,'Rerum pariatur sint atque perspiciatis voluptatem. Id veritatis aperiam consequatur ex.\nDolorum nemo odit reiciendis. Animi in vel numquam. Est omnis ipsam et maiores.',20,NULL,NULL,NULL,NULL,NULL),
	(24,12,'Tenetur beatae quia totam et voluptas dolores. Commodi quo reiciendis vel vero non. Harum qui illum illo maiores hic.',3,NULL,NULL,NULL,NULL,NULL),
	(25,17,'Laudantium aut laboriosam dolore esse. Itaque ad perferendis est quia sapiente adipisci. Dolores et ducimus ratione recusandae beatae. Hic vero hic eius quibusdam delectus similique eius porro.',20,NULL,NULL,NULL,NULL,NULL),
	(26,50,'Laudantium ut quam illum qui esse. Accusantium sapiente et id assumenda. Dolor cum voluptas ea. Quidem enim et eum mollitia qui occaecati. Id officiis minus quaerat.',31,NULL,NULL,NULL,NULL,NULL),
	(27,55,'Nihil quaerat quis voluptas nisi esse debitis deleniti. Error illo quia autem sint doloribus. Cumque quibusdam fugiat laboriosam et.',26,NULL,NULL,NULL,NULL,NULL),
	(28,43,'Omnis enim magni odio eum. Consequuntur quas maiores qui iusto. Sint nemo nam expedita natus distinctio qui nobis. Minus aliquam et vel quia eos aut. Non quibusdam expedita ex eaque neque temporibus.',23,NULL,NULL,NULL,NULL,NULL),
	(29,5,'Voluptatibus quas voluptatum sequi voluptas facere. Eligendi est et nihil neque. Quia sit corrupti aut numquam aut ipsa corrupti.',24,NULL,NULL,NULL,NULL,NULL),
	(30,11,'Quam tempora totam sint nemo aut. Sunt dolores sit optio culpa officia cupiditate vel. Qui cumque optio ut et et. Eius quaerat sequi expedita ab omnis fuga aliquam.',23,NULL,NULL,NULL,NULL,NULL),
	(31,25,'Nulla ipsum libero sit quibusdam. Qui ullam ut quo fuga vel. Et veritatis quos ducimus expedita. Et ratione qui qui iste nisi praesentium ut.',37,NULL,NULL,NULL,NULL,NULL),
	(32,47,'Numquam ipsam officiis aspernatur facilis sit iusto soluta. Consequuntur deserunt qui itaque totam. Qui id pariatur maxime exercitationem nulla.',38,NULL,NULL,NULL,NULL,NULL),
	(33,25,'Sed molestiae ullam ducimus recusandae id. Sapiente quis perspiciatis eos et ab rerum. Nisi et quo ut tenetur ea et eum. Unde quo in quas necessitatibus.',22,NULL,NULL,NULL,NULL,NULL),
	(34,31,'Voluptatem aut vel temporibus dolorem. Ut ducimus aliquid voluptatem porro iure dolor.',33,NULL,NULL,NULL,NULL,NULL),
	(35,22,'Modi ipsam tenetur inventore accusantium in nihil aut. Voluptas repudiandae dolor quis sed vel corrupti repudiandae. Sunt quis aperiam dolorem corporis consectetur.',38,NULL,NULL,NULL,NULL,NULL),
	(36,24,'Eveniet natus sequi eveniet in nostrum animi unde. Dignissimos quisquam quidem illo nulla aut. Et id omnis fugit et eaque deleniti pariatur. Reiciendis nisi commodi eum ipsa non fuga consequatur.',1,NULL,NULL,NULL,NULL,NULL),
	(37,35,'Magnam debitis sit dolor modi soluta. Nobis eveniet aut voluptas omnis eveniet. Amet sunt saepe quod natus pariatur quas consequatur. Sint quam dolorem et voluptatem dolorum.',26,NULL,NULL,NULL,NULL,NULL),
	(38,35,'Ipsam tempora dignissimos non repellat perspiciatis. Neque aut corporis sapiente explicabo. Accusantium eius necessitatibus id ex eos voluptatem.',5,NULL,NULL,NULL,NULL,NULL),
	(39,39,'Molestias nemo consequatur veritatis nesciunt ut eos consequatur. Animi autem voluptate aut aut facere est. Enim nobis expedita est laudantium ipsa. Fugit voluptatum quae modi eum et rem.',26,NULL,NULL,NULL,NULL,NULL),
	(40,48,'Vero in ut illum atque repellat sit inventore. Minus dignissimos sint reprehenderit culpa. Omnis architecto quia adipisci. Quas suscipit fugit velit quo in vitae natus.',18,NULL,NULL,NULL,NULL,NULL),
	(41,14,'Sint architecto voluptatem omnis praesentium. Iusto saepe impedit est quo qui labore et. Id vitae culpa aliquam rerum fugit autem. Est rem nihil aut doloremque sunt quisquam debitis dolores.',21,NULL,NULL,NULL,NULL,NULL),
	(42,40,'Assumenda nobis illum impedit vero sed eum. Quos quidem omnis eum dolores. Doloribus accusamus nostrum nam optio ad sed.',14,NULL,NULL,NULL,NULL,NULL),
	(43,13,'Corrupti maiores repellendus iure aut ea dolorem ab. Ea totam exercitationem natus natus. Laboriosam et odio voluptas labore dolorem aut harum numquam.',15,NULL,NULL,NULL,NULL,NULL),
	(44,1,'Rem ipsum vel unde possimus ut quisquam at. Expedita laboriosam molestias ea est animi. Earum eligendi officiis est recusandae alias non numquam.',27,NULL,NULL,NULL,NULL,NULL),
	(45,58,'Accusamus est cumque voluptas natus sunt quia. Quod doloribus consectetur cupiditate. Consequatur animi totam sed doloribus qui.',2,NULL,NULL,NULL,NULL,NULL),
	(46,36,'Quidem repudiandae facere sed possimus est. Corporis dolor ut odit ad. Molestiae impedit rerum odio molestiae. Distinctio voluptates dolore et vero. Eos illo sunt expedita et.',25,NULL,NULL,NULL,NULL,NULL),
	(47,5,'Veniam quam ut est voluptate et. Ratione inventore eaque voluptas maxime id deserunt est autem.',6,NULL,NULL,NULL,NULL,NULL),
	(48,53,'Dolor exercitationem voluptatum omnis eos non. Debitis eius nesciunt totam nostrum aliquam ipsum nobis. Ipsam id non alias corporis non ea dolores aut.',35,NULL,NULL,NULL,NULL,NULL),
	(49,38,'Quaerat commodi cum commodi ratione. Voluptatem et nisi veniam est officia. Impedit eos accusamus quia modi. Illo aliquam amet dolores voluptatem reiciendis.',18,NULL,NULL,NULL,NULL,NULL),
	(50,55,'Ut quo cupiditate nam est ut. Dolorem laborum distinctio blanditiis accusantium sequi voluptatem. Et sint facere laudantium in et repellendus.',19,NULL,NULL,NULL,NULL,NULL),
	(51,29,'Assumenda dolorum qui et ipsam nesciunt earum. Est aspernatur fuga distinctio nostrum et. Esse quo sit quae saepe.',37,NULL,NULL,NULL,NULL,NULL),
	(52,44,'Et perspiciatis et odit voluptatem. Ut provident nesciunt assumenda commodi ullam. Assumenda reiciendis molestias facilis unde sit ea. Eligendi veniam eos neque omnis.',1,NULL,NULL,NULL,NULL,NULL),
	(53,29,'Reiciendis praesentium cupiditate animi possimus voluptate assumenda iusto. Qui numquam consequatur et suscipit. Error quo dolorem aut aut illum inventore. Deserunt omnis provident nihil et expedita.',10,NULL,NULL,NULL,NULL,NULL),
	(54,12,'Quibusdam odit corrupti est qui ipsam et cumque quia. Consequatur sed minus quidem et unde. Non asperiores vitae qui est. Quasi veniam quibusdam expedita placeat est quos sed.',8,NULL,NULL,NULL,NULL,NULL),
	(55,59,'Id officiis magnam magnam qui illo quod ut. Quas laboriosam labore quisquam ut veritatis veniam voluptas ut. Itaque ut deleniti est expedita error ut. Quis sunt quod tempore quam laborum quia et.',22,NULL,NULL,NULL,NULL,NULL),
	(56,12,'Sequi magnam ut iure nemo mollitia. Eos voluptatem et officiis id architecto. Animi voluptas quaerat tenetur.',21,NULL,NULL,NULL,NULL,NULL),
	(57,10,'Accusamus quidem laboriosam quo odit aut ut dolores rerum. Nihil dolorem explicabo explicabo consequatur expedita cumque cum. Omnis aliquam cumque fugit expedita.',25,NULL,NULL,NULL,NULL,NULL),
	(58,52,'Ullam veniam voluptates atque molestias. Voluptas perferendis voluptas repellat voluptates. Dolores atque est nemo eius atque. Exercitationem libero eveniet dolore qui nobis placeat consequatur.',5,NULL,NULL,NULL,NULL,NULL),
	(59,37,'Consequatur voluptatem tenetur voluptatem nemo et. Provident velit voluptatem quos reiciendis. Facilis aut hic rerum architecto sed adipisci earum. Molestiae perspiciatis aperiam qui ut.',11,NULL,NULL,NULL,NULL,NULL),
	(60,6,'Nemo nihil ut neque autem earum quaerat omnis. Ut odit ut qui veritatis animi ea iure. Quo laudantium hic placeat similique dolor ex enim at.',4,NULL,NULL,NULL,NULL,NULL),
	(61,51,'Voluptas corporis et commodi ipsa aperiam consequatur inventore voluptatem. Maxime accusamus molestiae eos magnam delectus. Accusantium nihil quam eaque placeat. Sunt quo tempore et ad doloribus.',14,NULL,NULL,NULL,NULL,NULL),
	(62,49,'Quae minima voluptatem sequi sunt pariatur qui. Voluptatibus perspiciatis a ut adipisci.',8,NULL,NULL,NULL,NULL,NULL),
	(63,45,'Hic quidem quas atque pariatur tempore et vitae. Iste corporis quas dolore eos beatae reiciendis cupiditate. Aliquid inventore est dolorum sunt hic repellendus. Et harum vitae assumenda animi.',31,NULL,NULL,NULL,NULL,NULL),
	(64,36,'Et illo et possimus veritatis aliquid nihil qui. Ipsa cupiditate nihil itaque qui deserunt. Porro repellat quae enim architecto veritatis iure et. Consequatur cum doloremque error voluptatem enim.',22,NULL,NULL,NULL,NULL,NULL),
	(65,60,'Suscipit omnis corporis nam quis soluta aut. Laudantium temporibus commodi in in. Praesentium et ut corrupti quae eum maxime.',35,NULL,NULL,NULL,NULL,NULL),
	(66,17,'Harum assumenda error ut recusandae voluptatem voluptatem veritatis. Repellendus harum expedita dignissimos suscipit ducimus. Aut et ex cumque autem suscipit excepturi.',3,NULL,NULL,NULL,NULL,NULL),
	(67,8,'Rerum natus quidem amet laudantium id id id. Repellendus aperiam dolor quasi possimus. Explicabo non veritatis ut qui.',1,NULL,NULL,NULL,NULL,NULL),
	(68,9,'Dolores fugiat voluptate est unde sit. Expedita dolorum quia dolorem accusantium.\nMolestiae voluptatum dolores dolores omnis. Deserunt repellendus omnis numquam nesciunt ipsum.',9,NULL,NULL,NULL,NULL,NULL),
	(69,4,'Sit deserunt cumque quo qui. Minima pariatur explicabo illum eveniet rem inventore illo assumenda. In cupiditate minima adipisci nobis voluptas reprehenderit eaque veritatis.',29,NULL,NULL,NULL,NULL,NULL),
	(70,19,'Suscipit voluptatem in alias neque similique sint a. Consequatur aperiam voluptatem incidunt deserunt ad ut explicabo. Aut laudantium dolores et fugiat ea sit.',24,NULL,NULL,NULL,NULL,NULL),
	(71,18,'Et inventore ipsam eum voluptatem ut id id. Iste nihil est dolores recusandae esse explicabo. Veritatis in nihil repudiandae.',34,NULL,NULL,NULL,NULL,NULL),
	(72,4,'Qui non sequi optio sed harum expedita velit. Dolore minima repellat ea non. Earum consequuntur illum nobis dolores sed dolorem earum. Qui tenetur officia inventore nesciunt cum praesentium.',9,NULL,NULL,NULL,NULL,NULL),
	(73,39,'Porro quos ipsam est et sed sed. Inventore laudantium porro quae aliquid placeat. Dolor iste incidunt dolorem ullam eos architecto. Non perspiciatis odit saepe laudantium vel quo ut.',36,NULL,NULL,NULL,NULL,NULL),
	(74,43,'Vel deserunt porro maiores. Aut ut delectus ex dignissimos quia quae recusandae. Voluptatem officia dolorem modi qui non maxime iusto.',23,NULL,NULL,NULL,NULL,NULL),
	(75,48,'Perferendis ab aspernatur deleniti quidem quia sequi qui. Cumque aut quia aut quia. Voluptatum sit molestiae reprehenderit.',33,NULL,NULL,NULL,NULL,NULL),
	(76,16,'Saepe deserunt tempora quia dolor rerum assumenda enim. Labore atque dolorum et est magnam ut. Explicabo omnis rem ex voluptas perspiciatis voluptatibus voluptatem.',9,NULL,NULL,NULL,NULL,NULL),
	(77,20,'Et deserunt sit aut pariatur quia voluptas. Suscipit provident sit sit quo et nemo. Minima optio quia corrupti animi neque hic.',15,NULL,NULL,NULL,NULL,NULL),
	(78,27,'Autem molestiae iure dolorem tempora quis quo voluptates. Id fugit beatae est provident temporibus sunt animi. Totam vel nisi magni omnis ea. Praesentium suscipit iure voluptas ut.',33,NULL,NULL,NULL,NULL,NULL),
	(79,60,'Vel inventore porro id quo ipsum et. Quos quos fuga veritatis ut deleniti quia. Vero laborum sed mollitia sit impedit ut ducimus. Sed dolor rerum qui.',24,NULL,NULL,NULL,NULL,NULL),
	(80,52,'Laboriosam illo aliquam quae est ratione. Ad doloremque ratione consequatur dolor. Error harum et rerum repudiandae ullam. Quidem et suscipit facere. Magnam iure voluptas non autem.',15,NULL,NULL,NULL,NULL,NULL),
	(81,39,'Quidem ut nulla et corporis est ut. Quos laborum necessitatibus dolores ipsam sit veniam rem ipsam. Harum dolorum dolore odit. Rerum nihil assumenda officia minima possimus.',29,NULL,NULL,NULL,NULL,NULL),
	(82,14,'Necessitatibus quidem incidunt voluptatem ut est assumenda fugiat. Qui nisi blanditiis labore molestias odio iusto. Delectus illo laboriosam ut omnis aliquid ut minus.',24,NULL,NULL,NULL,NULL,NULL),
	(83,17,'Quia perspiciatis fuga magni. Qui dolor quis saepe omnis. Dicta vel veniam unde et vel est.',15,NULL,NULL,NULL,NULL,NULL),
	(84,18,'Aut ut modi porro eos. Non nostrum aut culpa. Eius esse accusamus debitis minima vel nihil.',15,NULL,NULL,NULL,NULL,NULL),
	(85,55,'Esse vel perferendis doloremque. Unde tempora dicta voluptatibus dolorum consequuntur est qui. Ratione aliquid minima vel atque beatae optio.',12,NULL,NULL,NULL,NULL,NULL),
	(86,15,'Nostrum harum consequatur repudiandae quod. Sapiente et sed eaque explicabo quo et ex. Ut beatae in ad reprehenderit. Quo qui cumque nisi quis voluptatem qui fugit.',29,NULL,NULL,NULL,NULL,NULL),
	(87,45,'Voluptates provident illum soluta. Accusantium labore accusamus rerum ea vel. Maxime porro consectetur sequi illum.',32,NULL,NULL,NULL,NULL,NULL),
	(88,5,'Vel accusamus ut dicta consequatur. Labore sequi itaque quibusdam omnis velit. Repellendus eius architecto omnis id est commodi. Sed eaque laboriosam quibusdam asperiores dolorum.',32,NULL,NULL,NULL,NULL,NULL),
	(89,4,'Ducimus molestiae quia rerum quos sit libero. Repellendus aut doloremque dolorem dolorum praesentium.',29,NULL,NULL,NULL,NULL,NULL),
	(90,28,'Voluptas veniam minima optio est asperiores quos nihil sint. Quibusdam sed amet commodi nostrum. Et saepe quia ut numquam qui.',32,NULL,NULL,NULL,NULL,NULL),
	(91,45,'Esse facilis odit itaque provident reiciendis aut modi. Qui rerum nobis doloribus necessitatibus labore id. Rerum corrupti architecto repellat consequatur accusamus consequatur.',30,NULL,NULL,NULL,NULL,NULL),
	(92,53,'Neque et aspernatur corrupti quaerat tempore. Mollitia nihil esse reiciendis qui placeat non non voluptatem. Doloremque ipsa facere eveniet rerum enim et amet. Sit sed quia porro dolorum.',17,NULL,NULL,NULL,NULL,NULL),
	(93,42,'Autem delectus quam hic omnis aut. Placeat at velit inventore. Officiis quia harum praesentium adipisci sint.',33,NULL,NULL,NULL,NULL,NULL),
	(94,27,'Eos est id beatae ipsa et laborum soluta harum. Aut eos eaque aperiam tenetur et. Vitae incidunt ut fuga in aut est. Consequatur eius qui ea.',29,NULL,NULL,NULL,NULL,NULL),
	(95,34,'Rerum consequatur magnam quis qui. Aut in eveniet officiis atque est dolor. Architecto distinctio distinctio vel sit consequatur voluptas dolore.',7,NULL,NULL,NULL,NULL,NULL),
	(96,47,'Temporibus laudantium animi non earum repellendus. Sed nihil molestiae cupiditate laudantium in.',19,NULL,NULL,NULL,NULL,NULL),
	(97,38,'Molestiae libero voluptatem magni ea voluptas beatae ratione. Deserunt ullam et et maiores libero nemo beatae. Mollitia possimus ipsam omnis quis.',1,NULL,NULL,NULL,NULL,NULL),
	(98,4,'Amet nemo aliquam dolore nobis. Maiores temporibus adipisci eum ut necessitatibus porro. Quo recusandae tenetur aperiam exercitationem sint. Quae quis cumque temporibus natus atque sit mollitia.',25,NULL,NULL,NULL,NULL,NULL),
	(99,39,'Repudiandae rem sit qui. Numquam libero aliquam ut ducimus. Enim et id delectus ipsum cum. Sequi in earum accusamus maiores tenetur qui.',6,NULL,NULL,NULL,NULL,NULL),
	(100,30,'Est reprehenderit qui similique non voluptatem sed et. Et optio doloribus ut. Error ab et vitae qui dolorem. Alias dolores aut accusantium culpa.',18,NULL,NULL,NULL,NULL,NULL),
	(101,46,'Numquam id optio repudiandae laboriosam autem et nostrum. Et tempore ratione fugiat dolorum repellat. Impedit esse animi qui facilis illum omnis.',8,NULL,NULL,NULL,NULL,NULL),
	(102,38,'Expedita tempore commodi magnam. Ratione veniam non ea aut. Eaque est saepe dolores numquam dolores corrupti esse. Ut laborum sequi fuga id quia eos qui.',7,NULL,NULL,NULL,NULL,NULL),
	(103,47,'Quo omnis dolor et cum expedita. Natus ipsa nisi dolorem. Cumque eos corporis voluptatum eveniet non tempora esse.',15,NULL,NULL,NULL,NULL,NULL),
	(104,44,'Ratione velit quos quasi iusto harum adipisci sit. Voluptas velit ratione fugit voluptatem minima delectus ea. Repellat aliquid blanditiis optio eaque vero ratione sit.',25,NULL,NULL,NULL,NULL,NULL),
	(105,30,'Sed facilis voluptatum et neque. Esse explicabo et eius distinctio vel ad. Dicta possimus sint dolor veniam non minus earum.',13,NULL,NULL,NULL,NULL,NULL),
	(106,53,'Autem atque deserunt voluptas est commodi. Beatae quis beatae fuga blanditiis sed dolorum.',7,NULL,NULL,NULL,NULL,NULL),
	(107,47,'Soluta reiciendis accusamus minus quia ex nesciunt delectus rerum. Perferendis voluptatem sed et rerum nobis. Asperiores eos et fugiat eos odit in.',27,NULL,NULL,NULL,NULL,NULL),
	(108,17,'Aliquam adipisci expedita suscipit laboriosam ut aut quam. Temporibus porro ut saepe aliquid harum provident provident. Non dignissimos voluptas voluptas iure porro ipsum cupiditate.',19,NULL,NULL,NULL,NULL,NULL),
	(109,21,'Sed voluptatem nemo qui modi voluptate. Et eaque ea suscipit. Vitae aperiam nemo molestiae. Iusto veniam dolore accusamus.',10,NULL,NULL,NULL,NULL,NULL),
	(110,8,'Voluptas et iusto rem et cumque consequatur. Quas itaque quis soluta tenetur. Vitae ut quod voluptatem architecto vel dolores. Id laborum quia ea et et et.',13,NULL,NULL,NULL,NULL,NULL),
	(111,31,'Cupiditate omnis sint doloribus iure fugit. Ipsum quo excepturi facere ipsum. Nobis quo quidem consequuntur ratione. Et voluptatum exercitationem maiores quo deleniti nobis.',26,NULL,NULL,NULL,NULL,NULL),
	(112,12,'Corrupti autem iure est repellendus. Illum cupiditate quia et est. Voluptatem et quod aliquid molestias hic rem.\nQuis molestiae sint quis dolorem voluptatem. Vel qui quo est facilis eveniet.',28,NULL,NULL,NULL,NULL,NULL),
	(113,39,'Sed illum animi sit tempore magnam. Voluptas id suscipit ea corporis sed. Officia voluptatum molestiae velit velit neque aliquam est. Et in atque saepe soluta alias qui.',13,NULL,NULL,NULL,NULL,NULL),
	(114,10,'Assumenda sint voluptas rerum doloremque et laborum. Quis placeat quia quidem. Tempore corporis a quibusdam fuga non.',27,NULL,NULL,NULL,NULL,NULL),
	(115,29,'A voluptatum unde ut inventore consequatur. Veritatis nemo ut accusantium commodi sunt.',20,NULL,NULL,NULL,NULL,NULL),
	(116,24,'Deserunt architecto saepe ullam suscipit soluta ut. Et et ut consectetur. Temporibus ipsa incidunt consequatur perferendis quam. Autem iure vel necessitatibus ex sed reiciendis autem.',1,NULL,NULL,NULL,NULL,NULL),
	(117,50,'Autem harum blanditiis eum molestias quis. Qui quasi nulla perspiciatis rerum. Dolore dolore iusto delectus beatae velit voluptatem.',21,NULL,NULL,NULL,NULL,NULL),
	(118,14,'Corrupti omnis consequatur qui et et quia. Quia sit laudantium provident nobis nobis et. Praesentium similique voluptatem non quibusdam. Eum dolores deleniti non recusandae quo.',17,NULL,NULL,NULL,NULL,NULL),
	(119,59,'Saepe officia quidem omnis. Ipsum voluptatibus enim consequatur. Ullam voluptas commodi atque. Animi quae consequatur qui voluptas ut.',23,NULL,NULL,NULL,NULL,NULL),
	(120,53,'Amet ab necessitatibus est hic tempora ab sequi. Tenetur accusamus sed omnis aut. Animi quas autem consequatur dolor aut et.',22,NULL,NULL,NULL,NULL,NULL),
	(121,34,'Natus libero natus quis voluptates magnam aut et dolor. Rem et animi omnis aliquam. Atque est ut voluptatem. Laborum quidem porro distinctio dolorem.',36,NULL,NULL,NULL,NULL,NULL),
	(122,8,'Voluptas consectetur et ea. Magni voluptas sint molestiae dolorum et iste est at. Qui dolorem expedita ut in officia. Ea praesentium ullam et similique.',13,NULL,NULL,NULL,NULL,NULL),
	(123,34,'Aspernatur eum sed minus. Aut sed non aspernatur asperiores nihil quia dolores. Enim voluptas nihil neque natus sequi accusantium voluptas. Sunt voluptate voluptas in voluptatum debitis est omnis.',13,NULL,NULL,NULL,NULL,NULL),
	(124,24,'Incidunt delectus saepe qui architecto ea. Perferendis qui quia excepturi hic. Exercitationem hic est adipisci autem. Error qui aut quisquam dolorem praesentium.',18,NULL,NULL,NULL,NULL,NULL),
	(125,39,'Autem vel aliquid error voluptas facilis. Iure quis magni cum sed et ea.',38,NULL,NULL,NULL,NULL,NULL),
	(126,58,'Sint aut commodi consequuntur aut voluptas quo aliquam. Quae et omnis beatae doloribus sequi molestiae. Recusandae laboriosam aut ut autem alias sequi.',3,NULL,NULL,NULL,NULL,NULL),
	(127,15,'Enim doloribus vero sit ut et voluptas. Ut ut quia corrupti harum blanditiis ab. Totam est voluptas aut sequi est est hic. Ab maiores non eveniet explicabo numquam.',34,NULL,NULL,NULL,NULL,NULL),
	(128,60,'Dolorem ratione porro doloremque est explicabo rerum quidem. Officia omnis omnis dicta eius. Odit dicta quo alias quod distinctio occaecati veniam.',26,NULL,NULL,NULL,NULL,NULL),
	(129,56,'Aut sint impedit non quis ea nostrum omnis. Animi esse et non vel. Dolores et vel doloremque et consequatur enim tenetur est.',7,NULL,NULL,NULL,NULL,NULL),
	(130,4,'Corrupti accusantium et sint assumenda. Ut sit dolor non vel iure eaque animi eveniet. Et officia repellendus iste et.',4,NULL,NULL,NULL,NULL,NULL),
	(131,41,'Eius aliquid rerum et autem voluptas. Incidunt quia aut perspiciatis sint dolorum rerum ab officia. Debitis ab amet quia ut aut error. Ut esse voluptas doloribus ea eum.',38,NULL,NULL,NULL,NULL,NULL),
	(132,3,'Perspiciatis rerum eius expedita voluptatibus voluptas. Fuga reprehenderit voluptas quia magni omnis. Est labore mollitia sit voluptatem aut quia.',18,NULL,NULL,NULL,NULL,NULL),
	(133,26,'Et perspiciatis sit reiciendis quos optio maxime. Alias omnis modi dolorem maiores. Omnis officia accusamus explicabo fugiat laborum ut.',26,NULL,NULL,NULL,NULL,NULL),
	(134,28,'At est id nulla. Autem possimus est eaque quae eum sit assumenda. Incidunt tempora doloribus eos. Eveniet temporibus rerum voluptas quam perspiciatis aut nostrum velit.',8,NULL,NULL,NULL,NULL,NULL),
	(135,20,'Perspiciatis aut est sit. Ea voluptatem ea nesciunt.',16,NULL,NULL,NULL,NULL,NULL),
	(136,3,'Et quibusdam natus ducimus vel cupiditate molestiae. Est ea officiis et harum suscipit. At consectetur qui deserunt. Quis id delectus enim alias iusto.',15,NULL,NULL,NULL,NULL,NULL),
	(137,56,'Et mollitia harum voluptatem laudantium. Voluptate ipsam quam labore ullam quisquam nam. In voluptatem est omnis odio.',11,NULL,NULL,NULL,NULL,NULL),
	(138,24,'Porro vitae et nam. Id et est quis et quisquam repudiandae. Possimus rem dignissimos vel voluptatibus et nemo non.',1,NULL,NULL,NULL,NULL,NULL),
	(139,43,'Consequatur occaecati omnis ut vel. Alias iste porro est et facilis. Voluptatibus voluptatem autem quod vitae voluptas voluptas.',14,NULL,NULL,NULL,NULL,NULL),
	(140,17,'Ab totam nemo non iure. Cumque rerum culpa et ut recusandae. Rerum iste est nostrum suscipit voluptates pariatur eos. Et atque dolor labore.',13,NULL,NULL,NULL,NULL,NULL),
	(141,37,'Iste consequatur cupiditate ut atque rem. Sed enim aut eaque dolorem quam et.\nDolor fuga sit optio vel nemo incidunt aperiam necessitatibus. Tenetur dolores totam sed fugit quibusdam non dolores.',1,NULL,NULL,NULL,NULL,NULL),
	(142,32,'Enim dolorem omnis molestiae et non temporibus. Sed voluptatem cumque molestiae illo. Excepturi et est et nobis ea. Ex libero sapiente asperiores debitis voluptates.',7,NULL,NULL,NULL,NULL,NULL),
	(143,24,'Cumque quos libero at autem reiciendis. Et quia praesentium nihil doloremque facilis quidem blanditiis. Impedit commodi facere temporibus.',23,NULL,NULL,NULL,NULL,NULL),
	(144,44,'Non nulla optio tempore occaecati sed. Quia quo non libero culpa quo eaque. Culpa est vel reiciendis in ut a commodi voluptates. Vel perspiciatis voluptates commodi.',6,NULL,NULL,NULL,NULL,NULL),
	(145,48,'Et ullam iure animi distinctio voluptatum possimus. Provident impedit asperiores minus expedita rerum sed. Quis velit odit ad molestiae officiis et.',6,NULL,NULL,NULL,NULL,NULL),
	(146,41,'Aut illum hic animi sunt in quia quod. Velit ratione exercitationem quia rem. Animi sit unde nulla et minus velit minus.',10,NULL,NULL,NULL,NULL,NULL),
	(147,47,'Autem ducimus quasi aut eos. Iusto repudiandae et voluptas ab error vel consequatur. Rerum nobis provident ut quis qui ratione neque.',17,NULL,NULL,NULL,NULL,NULL),
	(148,2,'Aliquid cumque sit cum qui minus autem voluptatum doloremque. Voluptas voluptas aspernatur quas sit natus eum ea. Voluptatum inventore officiis magnam.',8,NULL,NULL,NULL,NULL,NULL),
	(149,57,'Earum assumenda ut quia ipsa est. Quia recusandae quia ut delectus aut dolorum. Rerum sit consequatur velit aspernatur error. Voluptas dolor omnis et porro soluta earum.',23,NULL,NULL,NULL,NULL,NULL),
	(150,57,'Quisquam harum eos suscipit corporis ipsam dolore. Dolor corporis voluptatem ut dolor quia. Iure expedita quae iusto voluptas et maxime et. Nihil aut sequi vel quis reprehenderit.',16,NULL,NULL,NULL,NULL,NULL),
	(151,2,'Voluptas optio aut eligendi enim sit. Soluta perspiciatis consequatur enim omnis. Architecto nobis velit eos unde.',6,NULL,NULL,NULL,NULL,NULL),
	(152,30,'Officia doloribus voluptatem nesciunt quia laudantium. Eos maiores nulla id harum ut aut. Corporis error est ducimus saepe et quas consequatur. Voluptatem debitis molestiae possimus.',2,NULL,NULL,NULL,NULL,NULL),
	(153,16,'Maiores est commodi molestiae. Ea est labore itaque cupiditate. Molestiae facere voluptatem qui quis voluptatem. Laudantium magni impedit expedita molestiae.',17,NULL,NULL,NULL,NULL,NULL),
	(154,37,'Deleniti accusantium cumque voluptates iure autem omnis veritatis fugiat. Illum aut et tempora et. Aspernatur at suscipit aliquid sed vitae. Nihil quia eos at dicta nihil pariatur.',27,NULL,NULL,NULL,NULL,NULL),
	(155,7,'Voluptas cupiditate id praesentium maiores perferendis non error voluptates. Sit non commodi qui qui magni voluptatem porro. Provident aut alias consequatur.',14,NULL,NULL,NULL,NULL,NULL),
	(156,32,'Dolor magnam ex totam nostrum aspernatur sunt. Inventore quod dolorum temporibus et aperiam veniam dolor. Quaerat accusamus maxime mollitia optio.',16,NULL,NULL,NULL,NULL,NULL),
	(157,45,'Rerum et libero minus dolorem eligendi ad vitae. Alias eius enim in corporis. Qui optio quod blanditiis hic.',10,NULL,NULL,NULL,NULL,NULL),
	(158,33,'Ratione numquam rerum vel dolore minus. Sed totam aspernatur ipsam et voluptas. Nemo voluptatum cumque odio beatae molestiae.',2,NULL,NULL,NULL,NULL,NULL),
	(159,32,'Voluptatem temporibus quis aliquid dignissimos doloribus eum reprehenderit. Libero sint nihil deserunt asperiores ut. Porro harum iste pariatur ut est.',31,NULL,NULL,NULL,NULL,NULL),
	(160,18,'Consectetur totam libero dicta est. Eligendi vero eligendi minus sed aperiam. Molestiae voluptate nulla alias non sit.',28,NULL,NULL,NULL,NULL,NULL),
	(161,19,'Eveniet vel repellendus qui. Quo dicta perferendis repellendus ducimus consequatur amet. Molestias sit consequatur quisquam. Est iste aliquam non laborum minus veritatis.',26,NULL,NULL,NULL,NULL,NULL),
	(162,44,'Sed quis ut quaerat omnis optio sit rerum. Ut excepturi aperiam voluptate tempora harum et et. Omnis in in natus nulla totam eaque.',34,NULL,NULL,NULL,NULL,NULL),
	(163,44,'Quia sequi ullam tempore voluptatem. Voluptatem ea et a amet dolores ut mollitia. Laboriosam earum voluptas quam nobis.',37,NULL,NULL,NULL,NULL,NULL),
	(164,48,'Laborum ipsum quasi officiis labore at et vel. Quae minus quis dolore labore sed repellat provident. Neque ducimus et expedita quidem iste.',9,NULL,NULL,NULL,NULL,NULL),
	(165,38,'Minus nemo aut ad vero numquam perspiciatis nulla. Ea nisi dolor quasi. Ut non voluptas ad cupiditate voluptas.',10,NULL,NULL,NULL,NULL,NULL),
	(166,18,'Doloribus iure natus et consequatur inventore. Odio harum ducimus ea.',34,NULL,NULL,NULL,NULL,NULL),
	(167,53,'Temporibus praesentium temporibus et et illo harum omnis. Incidunt molestias at architecto porro laborum et sed. In vel quia aspernatur mollitia cum dicta non.',9,NULL,NULL,NULL,NULL,NULL),
	(168,41,'Dolor est eaque perspiciatis explicabo ipsa dolore. Nobis quibusdam omnis vel qui magni. Perferendis reiciendis cum dolorum modi. Id quidem quam quibusdam quo fuga laboriosam ab.',3,NULL,NULL,NULL,NULL,NULL),
	(169,57,'Qui aut doloremque saepe aliquam quia. Magnam reiciendis nisi fugiat ut modi sit.',8,NULL,NULL,NULL,NULL,NULL),
	(170,20,'Voluptas ea at fugit dolor facere. Debitis autem dolor ratione illum. Exercitationem autem quaerat atque officia sit eum.',20,NULL,NULL,NULL,NULL,NULL),
	(171,36,'Saepe ipsa facilis occaecati recusandae. Quia temporibus labore dolor commodi sed similique vero. Ut rem aliquam inventore.',7,NULL,NULL,NULL,NULL,NULL),
	(172,37,'Quasi ipsum et ut consequatur repudiandae rerum rerum. Qui odio reiciendis molestiae minima.',3,NULL,NULL,NULL,NULL,NULL),
	(173,10,'Et voluptatum consequuntur eligendi ipsam eos totam. Ab molestiae dicta veritatis quas.',16,NULL,NULL,NULL,NULL,NULL),
	(174,27,'Nihil doloremque natus nihil sint recusandae. Sit officiis voluptas deserunt quaerat non ducimus omnis. Hic et assumenda eum quod. Deserunt quo quo et ad itaque.',11,NULL,NULL,NULL,NULL,NULL),
	(175,25,'Et et ut nulla atque corporis aut quo. Iure accusamus deserunt eos animi beatae iste. Placeat est quia placeat fugiat architecto et et. Excepturi qui labore placeat omnis dolorum.',23,NULL,NULL,NULL,NULL,NULL),
	(176,40,'Est ea cum in omnis qui sequi aperiam. Quod sapiente mollitia dolor optio amet.',33,NULL,NULL,NULL,NULL,NULL),
	(177,30,'Hic qui ab et omnis at. Eligendi corporis vero rerum omnis est. Sint quam suscipit omnis esse sunt nisi. Nihil quisquam voluptate ut sint animi sed.',26,NULL,NULL,NULL,NULL,NULL),
	(178,60,'Voluptatibus velit cupiditate quas repellendus deserunt. Facilis accusantium dolores ipsum vitae velit. Ea aut optio et amet ab.',7,NULL,NULL,NULL,NULL,NULL),
	(179,30,'Modi vel voluptas assumenda. Assumenda quia enim rem praesentium. Soluta explicabo cumque eum.',32,NULL,NULL,NULL,NULL,NULL),
	(180,2,'Ab ut non exercitationem sit sunt est. Quis consequatur natus nemo ut alias. Quam accusantium nihil consequuntur ab eius provident ex. Velit est unde sunt blanditiis.',3,NULL,NULL,NULL,NULL,NULL),
	(181,33,'Deserunt et culpa minima doloribus quia. Voluptatibus dolore et quia cumque non. Repellat eum sunt repudiandae.',6,NULL,NULL,NULL,NULL,NULL),
	(182,51,'Earum ratione repudiandae enim rerum nulla. Eum praesentium minus ut reiciendis numquam voluptatibus. Fugiat qui consequatur consequatur. Dolorem mollitia animi et quis accusamus dolorum.',37,NULL,NULL,NULL,NULL,NULL),
	(183,14,'Molestias aut sed qui assumenda iste dolores. Omnis incidunt vel voluptatum quis iusto. Sit corporis omnis nemo sapiente doloribus consequatur facilis.',31,NULL,NULL,NULL,NULL,NULL),
	(184,27,'Rerum deleniti consequuntur maxime aut. Aut ea iure exercitationem omnis aut debitis. Magnam non et ut dignissimos harum quae vitae rerum.',9,NULL,NULL,NULL,NULL,NULL),
	(185,47,'Natus ut neque suscipit vitae. Omnis voluptatem architecto reiciendis aut voluptatem dolor adipisci. Qui eaque odit aut dolorum itaque.',21,NULL,NULL,NULL,NULL,NULL),
	(186,21,'Reiciendis eum unde occaecati omnis. Perferendis consequuntur est illo modi voluptatem.\nMaxime eos ipsa possimus mollitia. Amet aut saepe dolor molestiae. Sint nulla esse quo qui eveniet numquam.',17,NULL,NULL,NULL,NULL,NULL),
	(187,52,'Et qui asperiores numquam quia tempora rerum quia. Quo quia quasi est consequatur ducimus atque.',15,NULL,NULL,NULL,NULL,NULL),
	(188,37,'Et illum accusamus quasi alias nobis impedit. Quia odit repellendus expedita fuga ut dolorum et labore. Perferendis impedit qui et pariatur.',3,NULL,NULL,NULL,NULL,NULL),
	(189,17,'Natus quidem et illo excepturi eos aspernatur. Provident et sit quis hic voluptas velit. Eaque doloremque quia nostrum et qui iusto eaque. Qui qui eos esse.',18,NULL,NULL,NULL,NULL,NULL),
	(190,13,'Et quia nostrum est delectus. Enim natus incidunt impedit nisi. Quas nam sit tempora iste quae et est.',1,NULL,NULL,NULL,NULL,NULL),
	(191,35,'Dolor eos perspiciatis ut ut sapiente id quibusdam. Neque ipsum sit officiis debitis velit. Nemo in illum blanditiis voluptatem et quibusdam. A maiores aliquam similique aspernatur tenetur.',2,NULL,NULL,NULL,NULL,NULL),
	(192,40,'Ut et pariatur est voluptatibus. Voluptatem esse et enim distinctio voluptatem pariatur velit. Omnis repudiandae corporis quis est at vitae. Facilis aliquam eum magnam ipsam quis voluptatem sed.',35,NULL,NULL,NULL,NULL,NULL),
	(193,40,'Qui est minus qui ipsum minus. Et nihil voluptatum quos aut nihil magni fuga. Possimus sit maxime et ducimus. Fugiat quo quia eum nobis. Et assumenda necessitatibus eligendi et quas sint ut.',4,NULL,NULL,NULL,NULL,NULL),
	(194,21,'Illum soluta ipsam dolorem inventore. Modi temporibus nemo praesentium rerum soluta. Rem in voluptas sed non id odio. Deleniti sed quam quibusdam delectus corporis a.',35,NULL,NULL,NULL,NULL,NULL),
	(195,10,'Perferendis iure similique veniam unde nulla. Est autem cumque beatae possimus. Assumenda nam nesciunt itaque aut beatae sed mollitia.\nEst temporibus ex suscipit ut ipsam. Error et nesciunt omnis ad.',24,NULL,NULL,NULL,NULL,NULL),
	(196,36,'Voluptatem est suscipit ea saepe voluptatem minus non. Odit non nihil doloribus. Quae qui pariatur velit sapiente ea.',8,NULL,NULL,NULL,NULL,NULL),
	(197,32,'Sed sequi magni beatae impedit molestiae. Quibusdam sunt quia velit. Animi rerum cumque sunt quos. Quibusdam recusandae eum dolorem consequatur vel repellendus sed.',35,NULL,NULL,NULL,NULL,NULL),
	(198,15,'Veritatis dolorum assumenda eum excepturi similique assumenda. Vero omnis repellendus voluptatibus velit unde.',23,NULL,NULL,NULL,NULL,NULL),
	(199,40,'Qui hic eligendi totam eum ut nesciunt. Suscipit consectetur voluptas vero inventore magnam et quae delectus. Qui ut dolorum rerum fugiat minus non.',33,NULL,NULL,NULL,NULL,NULL),
	(200,6,'Velit voluptas quae iste eum. Natus et neque minima quisquam aut sit.\nAt in amet atque ratione dolores nam. Voluptatem aut laboriosam qui qui asperiores.',17,NULL,NULL,NULL,NULL,NULL),
	(201,22,'Dolores ut alias dicta nesciunt et minus voluptas. Placeat aliquam eaque laborum odit autem. Molestias sit voluptas in consectetur laborum. Voluptatem dicta quo libero unde vitae voluptatum.',22,NULL,NULL,NULL,NULL,NULL),
	(202,31,'Doloribus cum et porro itaque earum. Repellendus molestiae sit inventore assumenda fugit. Quia et mollitia ut fugit. Voluptatum id eum voluptatem eum facere.',10,NULL,NULL,NULL,NULL,NULL),
	(203,19,'Praesentium vel cupiditate optio velit minima repellat ex maiores. Veritatis aut praesentium vel qui id.',35,NULL,NULL,NULL,NULL,NULL),
	(204,55,'Maxime quibusdam est minus aut. Porro veniam repellendus qui sit laboriosam id. Dicta sunt laborum minima unde iusto.',24,NULL,NULL,NULL,NULL,NULL),
	(205,12,'Maxime minima aut alias quia et enim. Minus sequi ut qui qui rerum. Eum dignissimos enim quae nisi molestiae qui.',3,NULL,NULL,NULL,NULL,NULL),
	(206,21,'Temporibus voluptate molestiae sunt vitae. Asperiores veniam mollitia rem dolorem illo quidem.',22,NULL,NULL,NULL,NULL,NULL),
	(207,9,'Maxime exercitationem ut est nesciunt aliquid. Est velit voluptates est facere sit in. Non non cupiditate pariatur qui unde in dolores.',6,NULL,NULL,NULL,NULL,NULL),
	(208,30,'Qui officiis maiores debitis maiores sit earum. Omnis sit qui id et fugiat. Sequi maiores dolorem est animi exercitationem.',15,NULL,NULL,NULL,NULL,NULL),
	(209,10,'Enim voluptates blanditiis et accusantium officia quis reiciendis. Et iure sed nihil optio. Deleniti magnam veritatis reprehenderit nisi ea quasi.',5,NULL,NULL,NULL,NULL,NULL),
	(210,28,'Sit magnam autem quam sint. Eveniet voluptas molestiae perspiciatis.',36,NULL,NULL,NULL,NULL,NULL),
	(211,37,'In et in qui qui et aut. Sint cupiditate laudantium commodi animi voluptatem odit. Voluptatem voluptatibus accusamus qui maiores. Et eos blanditiis quaerat quidem.',14,NULL,NULL,NULL,NULL,NULL),
	(212,48,'Odit natus omnis explicabo autem voluptatem minus. Et voluptatem quo minima voluptatem et. Est possimus voluptates et necessitatibus nisi quasi sit.',16,NULL,NULL,NULL,NULL,NULL),
	(213,18,'Aut ut at aut totam aut. Numquam voluptates ratione et necessitatibus neque ipsum. Omnis officia cupiditate voluptas minus facere sit voluptas.',34,NULL,NULL,NULL,NULL,NULL),
	(214,3,'Eos officiis maiores voluptatem ea. Voluptate in mollitia velit ut qui eaque. Id neque ipsum reprehenderit aut.',3,NULL,NULL,NULL,NULL,NULL),
	(215,42,'Nostrum reprehenderit iusto sit doloremque nobis quia. Quam est quidem id. Vel doloribus cumque voluptate facere ex omnis et cum. Dolores est omnis sit qui ipsum dignissimos nihil.',24,NULL,NULL,NULL,NULL,NULL),
	(216,58,'Excepturi voluptatem voluptas aut molestias ab asperiores. Consequuntur possimus omnis nihil ut veniam optio et asperiores. Perferendis est assumenda quisquam dolorem animi qui dolorem.',9,NULL,NULL,NULL,NULL,NULL),
	(217,22,'Ab consectetur culpa accusantium nisi id enim. Sit et pariatur consequatur dolorem possimus. Officiis sequi qui hic architecto sit id. Exercitationem accusamus et ipsa mollitia modi.',15,NULL,NULL,NULL,NULL,NULL),
	(218,1,'Nesciunt aliquid molestiae dolorem iste possimus aut. Qui ut minus est autem qui expedita.',36,NULL,NULL,NULL,NULL,NULL),
	(219,41,'Et maxime sunt dolores veritatis tenetur numquam. Hic fugit facere ut consequatur nemo. Nam quidem officiis quas aspernatur in provident. Deserunt ipsa eligendi consequatur non debitis quis.',36,NULL,NULL,NULL,NULL,NULL),
	(220,33,'Id eius ea eaque quia quia. Corporis repellat rerum fugit quam incidunt ducimus est. Porro velit quia minus quibusdam nihil et et. Omnis inventore aut voluptate itaque aspernatur iusto cum similique.',3,NULL,NULL,NULL,NULL,NULL),
	(221,43,'In rerum dolor voluptas provident et ducimus sit. Nostrum quisquam sunt asperiores. Eaque nemo est quia iure laboriosam in. Dolores sed eum est quia delectus odio.',33,NULL,NULL,NULL,NULL,NULL),
	(222,48,'Quia ad enim magnam fugit dolorem. Recusandae omnis est consequatur enim similique omnis suscipit. Autem architecto quod nobis illum voluptates iste.',17,NULL,NULL,NULL,NULL,NULL),
	(223,32,'Aut ab nostrum sed officia. Accusantium totam quae rerum non aut.',34,NULL,NULL,NULL,NULL,NULL),
	(224,24,'Dicta est ipsum debitis placeat voluptatem quo dicta. Optio et et laboriosam quo quo temporibus. Voluptatem non beatae omnis qui alias id harum. Dolorem quis ex consequatur.',9,NULL,NULL,NULL,NULL,NULL),
	(225,3,'At aut numquam est rerum et repellat. Voluptatem ea necessitatibus pariatur deserunt et.',7,NULL,NULL,NULL,NULL,NULL),
	(226,7,'Earum eos voluptatem rerum dolores. Enim soluta et voluptates animi. Neque voluptate voluptas quo esse.',37,NULL,NULL,NULL,NULL,NULL),
	(227,10,'Ut voluptate voluptatem porro omnis qui inventore sint. Rerum suscipit impedit nisi. Cupiditate et id explicabo magnam eum.',38,NULL,NULL,NULL,NULL,NULL),
	(228,40,'Possimus odit tempora minima. Expedita corrupti ut nulla sapiente modi. Et sunt expedita neque ipsam eveniet. Fugit cumque minus iure soluta.',25,NULL,NULL,NULL,NULL,NULL),
	(229,29,'Sed fugit nemo repellat eum quaerat. Earum ad nostrum consequatur omnis. Sint dolorem est perspiciatis odit recusandae. Hic saepe occaecati impedit et veritatis modi qui.',10,NULL,NULL,NULL,NULL,NULL),
	(230,28,'Eveniet ut sunt consequuntur doloremque odio quos. Veritatis veniam nobis exercitationem tenetur. Beatae quaerat odit aut quis ut dolorum enim. Quas repellendus dolorum nihil optio et hic.',34,NULL,NULL,NULL,NULL,NULL),
	(231,52,'Omnis sed pariatur totam. Veritatis voluptas id magnam vero. Itaque eveniet et cum veritatis dolorum qui.',22,NULL,NULL,NULL,NULL,NULL),
	(232,48,'Quis ex distinctio fugit. Nam explicabo quia ipsum expedita. Aperiam labore hic magni beatae quia aliquid.',36,NULL,NULL,NULL,NULL,NULL),
	(233,42,'Eum quidem dolor odit nemo est dicta. Rerum ipsa natus iusto sequi voluptas. Vero voluptatum consequatur quis recusandae reprehenderit autem. Quia mollitia esse vero dolorem.',6,NULL,NULL,NULL,NULL,NULL),
	(234,13,'Et necessitatibus vel perferendis autem et quia. Explicabo qui labore quo incidunt. Magnam harum eius ducimus mollitia cumque praesentium consequatur. Laudantium eum officia enim.',30,NULL,NULL,NULL,NULL,NULL),
	(235,24,'Architecto non doloribus qui repudiandae. Aliquam doloremque reprehenderit asperiores quia. Dignissimos autem dolores sit dolores.',19,NULL,NULL,NULL,NULL,NULL),
	(236,1,'Ut qui ut officiis veniam. Blanditiis architecto et incidunt perspiciatis rerum voluptates. Sint amet et nam incidunt voluptatum error autem.',1,NULL,NULL,NULL,NULL,NULL),
	(237,48,'Quaerat cum velit deleniti inventore architecto aut. Voluptatum laboriosam fugiat voluptatem iste. Et rerum nihil aliquid quas qui. Non doloremque pariatur doloribus quis nesciunt.',8,NULL,NULL,NULL,NULL,NULL),
	(238,15,'Voluptas dolores harum reiciendis placeat occaecati accusamus. A fugiat similique sed quibusdam expedita. Deserunt sit quis voluptate totam iste et.',32,NULL,NULL,NULL,NULL,NULL),
	(239,10,'Sint temporibus officiis praesentium distinctio. Est necessitatibus aliquid delectus sapiente ipsa quia neque. Porro odio impedit et est facere placeat.',36,NULL,NULL,NULL,NULL,NULL),
	(240,4,'Accusantium tenetur perferendis saepe soluta minus ex soluta. Ullam facilis adipisci et corrupti voluptatem aliquid ullam accusantium. Ea qui consequatur nisi ad sed saepe.',2,NULL,NULL,NULL,NULL,NULL),
	(241,50,'Modi asperiores quia voluptatibus esse est ducimus. Nostrum accusantium tempora sit quibusdam.',1,NULL,NULL,NULL,NULL,NULL),
	(242,58,'Facilis explicabo maiores numquam illo. Nisi officiis omnis molestiae cum. Natus laudantium dolorem omnis nemo aspernatur autem. In reprehenderit ex et quo quos.',19,NULL,NULL,NULL,NULL,NULL),
	(243,54,'Iste repellendus et architecto. Minus odit quidem aliquid iure quia quisquam ut. Et deserunt magnam qui cum accusamus id. Maiores suscipit et provident soluta rerum minus enim.',16,NULL,NULL,NULL,NULL,NULL),
	(244,3,'Ullam a aut consequuntur et mollitia maxime quia. Magnam excepturi eaque aliquam. Eaque et voluptatem consectetur laboriosam iste dolore. Nobis tenetur quo fuga nesciunt eaque.',38,NULL,NULL,NULL,NULL,NULL),
	(245,37,'Ut alias quisquam quos. Commodi optio fuga ut et tempore velit et. Aliquam sed esse qui quia nemo doloribus et.',19,NULL,NULL,NULL,NULL,NULL),
	(246,22,'Nesciunt reprehenderit deleniti facilis soluta. Repellendus quisquam repudiandae et et distinctio. Itaque sit deleniti atque repudiandae est eos molestias.',27,NULL,NULL,NULL,NULL,NULL),
	(247,34,'Itaque dolores voluptas corrupti. Deserunt porro dolore et fuga consectetur dolorum. Quos praesentium reprehenderit incidunt provident sed.',30,NULL,NULL,NULL,NULL,NULL),
	(248,13,'Nemo distinctio eaque sint fugit. Eos quaerat ipsa non dolores dolorum corrupti quam. Quis officiis non vel mollitia quidem nihil.',17,NULL,NULL,NULL,NULL,NULL),
	(249,59,'Facilis ipsam dolorem beatae. Ut animi illo et officiis numquam beatae vero in. Cum rem fugit recusandae sit eos saepe.\nQui non quisquam laboriosam autem. Temporibus rerum iste voluptatum qui.',34,NULL,NULL,NULL,NULL,NULL),
	(250,34,'Soluta hic eveniet aliquid qui voluptatem enim velit voluptatum. Natus autem et iusto in qui et dolores. Architecto consequatur laboriosam maiores in itaque quam.',35,NULL,NULL,NULL,NULL,NULL),
	(251,55,'Hic magni est qui molestias voluptas. Suscipit facere quas exercitationem nulla numquam et. Omnis libero omnis dolorum vel provident soluta. Minus incidunt nihil iusto debitis neque assumenda et.',11,NULL,NULL,NULL,NULL,NULL),
	(252,38,'Vel minima illo consequuntur deserunt qui. Dolorem fuga quibusdam laudantium deleniti amet. Tenetur modi nam aut omnis eius.',21,NULL,NULL,NULL,NULL,NULL),
	(253,23,'Veniam earum et enim. Ut commodi vero ut aliquid quasi fugit. Soluta praesentium voluptatem totam quo.',16,NULL,NULL,NULL,NULL,NULL),
	(254,10,'Dolores iusto iste dolores sint maiores. Et ad hic eum sapiente hic aut. Sed corrupti debitis provident dolores laborum aut recusandae. Qui molestias eveniet rerum delectus rem et.',28,NULL,NULL,NULL,NULL,NULL),
	(255,37,'Qui est fugiat quaerat. Vitae ut pariatur accusantium id. Porro reiciendis doloremque quo molestiae consequuntur esse molestiae ad.',1,NULL,NULL,NULL,NULL,NULL),
	(256,55,'Impedit quia eveniet et asperiores. Voluptas eum qui corrupti culpa voluptatibus. Asperiores consequatur quis dolore. Non voluptatem quo saepe sit quibusdam officia.',2,NULL,NULL,NULL,NULL,NULL),
	(257,59,'Voluptatem perferendis ut autem quis nihil vel quaerat. Neque pariatur aut hic quis quia sapiente et. At voluptatem numquam aut id voluptatem similique et.',8,NULL,NULL,NULL,NULL,NULL),
	(258,9,'Omnis et eos accusamus ut eveniet maiores. Qui architecto expedita recusandae ullam optio cumque. Sapiente quasi sequi iure maxime soluta. Illum sit neque consequatur vel culpa ipsam.',25,NULL,NULL,NULL,NULL,NULL),
	(259,38,'Placeat exercitationem laboriosam magnam. Sed blanditiis laboriosam commodi tempora est et. Debitis quis culpa consequuntur aut nostrum ipsum. Qui deleniti sint et laboriosam.',38,NULL,NULL,NULL,NULL,NULL),
	(260,47,'Quidem sed sed natus aliquam qui hic. Est impedit ut quam maxime quia officiis.\nUt non in vero. Veniam molestiae blanditiis dignissimos mollitia.',23,NULL,NULL,NULL,NULL,NULL);
ALTER TABLE `comments` ENABLE KEYS;
UNLOCK TABLES;


LOCK TABLES `comment_likes` WRITE;
ALTER TABLE `comment_likes` DISABLE KEYS;
INSERT INTO `comment_likes` (`id`, `user_id`, `comment_id`, `created_at`, `updated_at`, `deleted_at`) VALUES 
	(1,14,19,NULL,NULL,NULL),
	(2,6,56,NULL,NULL,NULL),
	(3,7,60,NULL,NULL,NULL),
	(4,6,35,NULL,NULL,NULL),
	(5,38,29,NULL,NULL,NULL),
	(6,23,22,NULL,NULL,NULL),
	(7,9,27,NULL,NULL,NULL),
	(8,36,58,NULL,NULL,NULL),
	(9,29,9,NULL,NULL,NULL),
	(10,27,5,NULL,NULL,NULL),
	(11,34,26,NULL,NULL,NULL),
	(12,17,19,NULL,NULL,NULL),
	(13,21,4,NULL,NULL,NULL),
	(14,36,3,NULL,NULL,NULL),
	(15,31,3,NULL,NULL,NULL),
	(16,15,14,NULL,NULL,NULL),
	(17,6,59,NULL,NULL,NULL),
	(18,1,20,NULL,NULL,NULL),
	(19,11,36,NULL,NULL,NULL),
	(20,28,18,NULL,NULL,NULL),
	(21,20,54,NULL,NULL,NULL),
	(22,4,33,NULL,NULL,NULL),
	(23,20,7,NULL,NULL,NULL),
	(24,16,6,NULL,NULL,NULL),
	(25,10,41,NULL,NULL,NULL),
	(26,35,15,NULL,NULL,NULL),
	(27,17,37,NULL,NULL,NULL),
	(28,1,49,NULL,NULL,NULL),
	(29,30,59,NULL,NULL,NULL),
	(30,16,3,NULL,NULL,NULL),
	(31,13,2,NULL,NULL,NULL),
	(32,4,22,NULL,NULL,NULL),
	(33,16,39,NULL,NULL,NULL),
	(34,17,17,NULL,NULL,NULL),
	(35,17,41,NULL,NULL,NULL),
	(36,19,59,NULL,NULL,NULL),
	(37,25,17,NULL,NULL,NULL),
	(38,33,50,NULL,NULL,NULL),
	(39,37,31,NULL,NULL,NULL),
	(40,30,38,NULL,NULL,NULL),
	(41,21,58,NULL,NULL,NULL),
	(42,9,7,NULL,NULL,NULL),
	(43,20,57,NULL,NULL,NULL),
	(44,35,41,NULL,NULL,NULL),
	(45,3,42,NULL,NULL,NULL),
	(46,32,15,NULL,NULL,NULL),
	(47,38,23,NULL,NULL,NULL),
	(48,5,9,NULL,NULL,NULL),
	(49,12,5,NULL,NULL,NULL),
	(50,14,5,NULL,NULL,NULL),
	(51,18,47,NULL,NULL,NULL),
	(52,17,30,NULL,NULL,NULL),
	(53,2,59,NULL,NULL,NULL),
	(54,37,10,NULL,NULL,NULL),
	(55,2,16,NULL,NULL,NULL),
	(56,38,57,NULL,NULL,NULL),
	(57,35,26,NULL,NULL,NULL),
	(58,12,5,NULL,NULL,NULL),
	(59,6,15,NULL,NULL,NULL),
	(60,24,48,NULL,NULL,NULL),
	(61,20,53,NULL,NULL,NULL),
	(62,31,26,NULL,NULL,NULL),
	(63,11,26,NULL,NULL,NULL),
	(64,36,53,NULL,NULL,NULL),
	(65,8,17,NULL,NULL,NULL),
	(66,19,48,NULL,NULL,NULL),
	(67,37,13,NULL,NULL,NULL),
	(68,3,16,NULL,NULL,NULL),
	(69,26,21,NULL,NULL,NULL),
	(70,23,37,NULL,NULL,NULL),
	(71,35,11,NULL,NULL,NULL),
	(72,17,29,NULL,NULL,NULL),
	(73,17,21,NULL,NULL,NULL),
	(74,34,37,NULL,NULL,NULL),
	(75,25,47,NULL,NULL,NULL),
	(76,26,37,NULL,NULL,NULL),
	(77,38,45,NULL,NULL,NULL),
	(78,29,45,NULL,NULL,NULL),
	(79,4,7,NULL,NULL,NULL),
	(80,16,38,NULL,NULL,NULL),
	(81,10,51,NULL,NULL,NULL),
	(82,3,25,NULL,NULL,NULL),
	(83,17,42,NULL,NULL,NULL),
	(84,35,3,NULL,NULL,NULL),
	(85,11,40,NULL,NULL,NULL),
	(86,24,60,NULL,NULL,NULL),
	(87,36,57,NULL,NULL,NULL),
	(88,23,21,NULL,NULL,NULL),
	(89,36,12,NULL,NULL,NULL),
	(90,31,45,NULL,NULL,NULL),
	(91,27,35,NULL,NULL,NULL),
	(92,36,57,NULL,NULL,NULL),
	(93,2,6,NULL,NULL,NULL),
	(94,27,27,NULL,NULL,NULL),
	(95,5,26,NULL,NULL,NULL),
	(96,2,40,NULL,NULL,NULL),
	(97,27,30,NULL,NULL,NULL),
	(98,31,2,NULL,NULL,NULL),
	(99,9,46,NULL,NULL,NULL),
	(100,14,43,NULL,NULL,NULL),
	(101,29,48,NULL,NULL,NULL),
	(102,19,28,NULL,NULL,NULL),
	(103,28,56,NULL,NULL,NULL),
	(104,5,27,NULL,NULL,NULL),
	(105,19,14,NULL,NULL,NULL),
	(106,20,55,NULL,NULL,NULL),
	(107,36,30,NULL,NULL,NULL),
	(108,17,17,NULL,NULL,NULL),
	(109,6,59,NULL,NULL,NULL),
	(110,11,4,NULL,NULL,NULL),
	(111,29,4,NULL,NULL,NULL),
	(112,21,7,NULL,NULL,NULL),
	(113,22,3,NULL,NULL,NULL),
	(114,9,38,NULL,NULL,NULL),
	(115,5,52,NULL,NULL,NULL),
	(116,2,7,NULL,NULL,NULL),
	(117,15,51,NULL,NULL,NULL),
	(118,23,8,NULL,NULL,NULL),
	(119,13,16,NULL,NULL,NULL),
	(120,33,9,NULL,NULL,NULL),
	(121,26,9,NULL,NULL,NULL),
	(122,32,2,NULL,NULL,NULL),
	(123,3,12,NULL,NULL,NULL),
	(124,38,1,NULL,NULL,NULL),
	(125,21,5,NULL,NULL,NULL),
	(126,18,22,NULL,NULL,NULL),
	(127,31,47,NULL,NULL,NULL),
	(128,16,2,NULL,NULL,NULL),
	(129,4,32,NULL,NULL,NULL),
	(130,10,2,NULL,NULL,NULL),
	(131,16,54,NULL,NULL,NULL),
	(132,1,11,NULL,NULL,NULL),
	(133,18,39,NULL,NULL,NULL),
	(134,21,44,NULL,NULL,NULL),
	(135,19,9,NULL,NULL,NULL),
	(136,18,11,NULL,NULL,NULL),
	(137,3,10,NULL,NULL,NULL),
	(138,28,32,NULL,NULL,NULL),
	(139,21,33,NULL,NULL,NULL),
	(140,28,14,NULL,NULL,NULL),
	(141,34,16,NULL,NULL,NULL),
	(142,30,15,NULL,NULL,NULL),
	(143,26,10,NULL,NULL,NULL),
	(144,9,9,NULL,NULL,NULL),
	(145,12,17,NULL,NULL,NULL),
	(146,16,10,NULL,NULL,NULL),
	(147,3,39,NULL,NULL,NULL),
	(148,16,46,NULL,NULL,NULL),
	(149,22,8,NULL,NULL,NULL),
	(150,21,5,NULL,NULL,NULL),
	(151,11,56,NULL,NULL,NULL),
	(152,22,37,NULL,NULL,NULL),
	(153,29,58,NULL,NULL,NULL),
	(154,7,35,NULL,NULL,NULL),
	(155,36,52,NULL,NULL,NULL),
	(156,10,4,NULL,NULL,NULL),
	(157,6,23,NULL,NULL,NULL),
	(158,32,16,NULL,NULL,NULL),
	(159,32,10,NULL,NULL,NULL),
	(160,37,52,NULL,NULL,NULL),
	(161,20,48,NULL,NULL,NULL),
	(162,26,26,NULL,NULL,NULL),
	(163,5,60,NULL,NULL,NULL),
	(164,5,44,NULL,NULL,NULL),
	(165,29,6,NULL,NULL,NULL),
	(166,33,11,NULL,NULL,NULL),
	(167,35,37,NULL,NULL,NULL),
	(168,16,37,NULL,NULL,NULL),
	(169,34,60,NULL,NULL,NULL),
	(170,12,48,NULL,NULL,NULL),
	(171,4,7,NULL,NULL,NULL),
	(172,32,35,NULL,NULL,NULL),
	(173,38,55,NULL,NULL,NULL),
	(174,6,54,NULL,NULL,NULL),
	(175,23,18,NULL,NULL,NULL),
	(176,22,22,NULL,NULL,NULL),
	(177,13,43,NULL,NULL,NULL),
	(178,33,5,NULL,NULL,NULL),
	(179,36,22,NULL,NULL,NULL),
	(180,8,58,NULL,NULL,NULL),
	(181,12,3,NULL,NULL,NULL),
	(182,24,22,NULL,NULL,NULL),
	(183,34,39,NULL,NULL,NULL),
	(184,11,19,NULL,NULL,NULL),
	(185,37,28,NULL,NULL,NULL),
	(186,1,28,NULL,NULL,NULL),
	(187,2,54,NULL,NULL,NULL),
	(188,10,31,NULL,NULL,NULL),
	(189,29,3,NULL,NULL,NULL),
	(190,33,3,NULL,NULL,NULL),
	(191,33,56,NULL,NULL,NULL),
	(192,15,44,NULL,NULL,NULL),
	(193,5,38,NULL,NULL,NULL),
	(194,19,32,NULL,NULL,NULL),
	(195,27,45,NULL,NULL,NULL),
	(196,8,25,NULL,NULL,NULL),
	(197,3,58,NULL,NULL,NULL),
	(198,25,57,NULL,NULL,NULL),
	(199,5,3,NULL,NULL,NULL),
	(200,38,58,NULL,NULL,NULL),
	(201,13,4,NULL,NULL,NULL),
	(202,24,19,NULL,NULL,NULL),
	(203,12,41,NULL,NULL,NULL),
	(204,16,12,NULL,NULL,NULL),
	(205,12,3,NULL,NULL,NULL),
	(206,13,41,NULL,NULL,NULL),
	(207,36,28,NULL,NULL,NULL),
	(208,24,59,NULL,NULL,NULL),
	(209,2,48,NULL,NULL,NULL),
	(210,36,57,NULL,NULL,NULL),
	(211,15,22,NULL,NULL,NULL),
	(212,8,18,NULL,NULL,NULL),
	(213,25,54,NULL,NULL,NULL),
	(214,2,8,NULL,NULL,NULL),
	(215,33,59,NULL,NULL,NULL),
	(216,34,42,NULL,NULL,NULL),
	(217,18,36,NULL,NULL,NULL),
	(218,3,39,NULL,NULL,NULL),
	(219,24,21,NULL,NULL,NULL),
	(220,10,48,NULL,NULL,NULL),
	(221,27,21,NULL,NULL,NULL),
	(222,5,25,NULL,NULL,NULL),
	(223,26,34,NULL,NULL,NULL),
	(224,34,54,NULL,NULL,NULL),
	(225,14,22,NULL,NULL,NULL),
	(226,30,31,NULL,NULL,NULL),
	(227,36,3,NULL,NULL,NULL),
	(228,27,50,NULL,NULL,NULL),
	(229,15,9,NULL,NULL,NULL),
	(230,2,22,NULL,NULL,NULL),
	(231,14,34,NULL,NULL,NULL),
	(232,1,51,NULL,NULL,NULL),
	(233,4,2,NULL,NULL,NULL),
	(234,25,17,NULL,NULL,NULL),
	(235,19,32,NULL,NULL,NULL),
	(236,36,5,NULL,NULL,NULL),
	(237,8,37,NULL,NULL,NULL),
	(238,20,19,NULL,NULL,NULL),
	(239,30,11,NULL,NULL,NULL),
	(240,8,15,NULL,NULL,NULL),
	(241,17,11,NULL,NULL,NULL),
	(242,23,10,NULL,NULL,NULL),
	(243,16,49,NULL,NULL,NULL),
	(244,27,36,NULL,NULL,NULL),
	(245,10,10,NULL,NULL,NULL),
	(246,20,10,NULL,NULL,NULL),
	(247,33,6,NULL,NULL,NULL),
	(248,32,38,NULL,NULL,NULL),
	(249,25,54,NULL,NULL,NULL),
	(250,23,59,NULL,NULL,NULL),
	(251,24,14,NULL,NULL,NULL),
	(252,19,41,NULL,NULL,NULL),
	(253,33,28,NULL,NULL,NULL),
	(254,13,18,NULL,NULL,NULL),
	(255,36,30,NULL,NULL,NULL),
	(256,36,34,NULL,NULL,NULL),
	(257,8,30,NULL,NULL,NULL),
	(258,8,40,NULL,NULL,NULL),
	(259,21,36,NULL,NULL,NULL),
	(260,16,44,NULL,NULL,NULL);
ALTER TABLE `comment_likes` ENABLE KEYS;
UNLOCK TABLES;


LOCK TABLES `groups` WRITE;
ALTER TABLE `groups` DISABLE KEYS;
INSERT INTO `groups` (`id`, `timeline_id`, `active`, `type`, `member_privacy`, `post_privacy`, `event_privacy`, `created_at`, `updated_at`, `deleted_at`) VALUES 
	(1,60,1,'closed','everyone','members','only_admins','2017-11-09 13:55:00','2017-11-09 13:55:00',NULL),
	(2,61,1,'open','everyone','members','only_admins','2017-11-09 13:55:00','2017-11-09 13:55:00',NULL),
	(3,62,1,'open','everyone','members','only_admins','2017-11-09 13:55:00','2017-11-09 13:55:00',NULL),
	(4,63,1,'open','everyone','members','only_admins','2017-11-09 13:55:00','2017-11-09 13:55:00',NULL),
	(5,64,1,'open','everyone','members','only_admins','2017-11-09 13:55:00','2017-11-09 13:55:00',NULL),
	(6,65,1,'secret','everyone','members','only_admins','2017-11-09 13:55:00','2017-11-09 13:55:00',NULL),
	(7,66,1,'open','everyone','members','only_admins','2017-11-09 13:55:00','2017-11-09 13:55:00',NULL),
	(8,67,1,'closed','everyone','members','only_admins','2017-11-09 13:55:00','2017-11-09 13:55:00',NULL),
	(9,68,1,'open','everyone','members','only_admins','2017-11-09 13:55:00','2017-11-09 13:55:00',NULL),
	(10,69,1,'secret','everyone','members','only_admins','2017-11-09 13:55:00','2017-11-09 13:55:00',NULL),
	(11,70,1,'open','everyone','members','only_admins','2017-11-09 13:55:00','2017-11-09 13:55:00',NULL),
	(12,71,1,'open','everyone','members','only_admins','2017-11-09 13:55:00','2017-11-09 13:55:00',NULL),
	(13,72,1,'open','everyone','members','only_admins','2017-11-09 13:55:00','2017-11-09 13:55:00',NULL),
	(14,73,1,'secret','everyone','members','only_admins','2017-11-09 13:55:00','2017-11-09 13:55:00',NULL),
	(15,74,1,'closed','everyone','members','only_admins','2017-11-09 13:55:00','2017-11-09 13:55:00',NULL),
	(16,75,1,'secret','everyone','members','only_admins','2017-11-09 13:55:00','2017-11-09 13:55:00',NULL),
	(17,76,1,'secret','everyone','members','only_admins','2017-11-09 13:55:00','2017-11-09 13:55:00',NULL),
	(18,77,1,'secret','everyone','members','only_admins','2017-11-09 13:55:00','2017-11-09 13:55:00',NULL),
	(19,78,1,'secret','everyone','members','only_admins','2017-11-09 13:55:00','2017-11-09 13:55:00',NULL),
	(20,79,1,'open','everyone','members','only_admins','2017-11-09 13:55:00','2017-11-09 13:55:00',NULL),
	(21,80,1,'open','everyone','members','only_admins','2017-11-09 13:55:00','2017-11-09 13:55:00',NULL),
	(22,81,1,'open','everyone','members','only_admins','2017-11-09 13:55:00','2017-11-09 13:55:00',NULL),
	(23,82,1,'secret','everyone','members','only_admins','2017-11-09 13:55:00','2017-11-09 13:55:00',NULL),
	(24,83,1,'closed','everyone','members','only_admins','2017-11-09 13:55:00','2017-11-09 13:55:00',NULL),
	(25,84,1,'open','everyone','members','only_admins','2017-11-09 13:55:00','2017-11-09 13:55:00',NULL),
	(26,85,1,'secret','everyone','members','only_admins','2017-11-09 13:55:00','2017-11-09 13:55:00',NULL),
	(27,86,1,'open','everyone','members','only_admins','2017-11-09 13:55:00','2017-11-09 13:55:00',NULL),
	(28,87,1,'secret','everyone','members','only_admins','2017-11-09 13:55:00','2017-11-09 13:55:00',NULL),
	(29,88,1,'open','everyone','members','only_admins','2017-11-09 13:55:00','2017-11-09 13:55:00',NULL),
	(30,89,1,'open','everyone','members','only_admins','2017-11-09 13:55:00','2017-11-09 13:55:00',NULL),
	(31,90,1,'open','everyone','members','only_admins','2017-11-09 13:55:00','2017-11-09 13:55:00',NULL),
	(32,91,1,'open','everyone','members','only_admins','2017-11-09 13:55:00','2017-11-09 13:55:00',NULL),
	(33,92,1,'open','everyone','members','only_admins','2017-11-09 13:55:00','2017-11-09 13:55:00',NULL);
ALTER TABLE `groups` ENABLE KEYS;
UNLOCK TABLES;


LOCK TABLES `events` WRITE;
ALTER TABLE `events` DISABLE KEYS;
ALTER TABLE `events` ENABLE KEYS;
UNLOCK TABLES;


LOCK TABLES `event_user` WRITE;
ALTER TABLE `event_user` DISABLE KEYS;
ALTER TABLE `event_user` ENABLE KEYS;
UNLOCK TABLES;


LOCK TABLES `followers` WRITE;
ALTER TABLE `followers` DISABLE KEYS;
INSERT INTO `followers` (`id`, `follower_id`, `leader_id`, `status`, `created_at`, `updated_at`, `deleted_at`) VALUES 
	(1,15,1,'approved',NULL,NULL,NULL),
	(2,16,1,'approved',NULL,NULL,NULL),
	(3,19,1,'approved',NULL,NULL,NULL),
	(4,7,2,'approved',NULL,NULL,NULL),
	(5,32,3,'approved',NULL,NULL,NULL),
	(6,3,3,'approved',NULL,NULL,NULL),
	(7,2,3,'approved',NULL,NULL,NULL),
	(8,33,4,'approved',NULL,NULL,NULL),
	(9,6,4,'approved',NULL,NULL,NULL),
	(10,26,5,'approved',NULL,NULL,NULL),
	(11,21,5,'approved',NULL,NULL,NULL),
	(12,20,5,'approved',NULL,NULL,NULL),
	(13,32,6,'approved',NULL,NULL,NULL),
	(14,14,6,'approved',NULL,NULL,NULL),
	(15,2,7,'approved',NULL,NULL,NULL),
	(16,32,7,'approved',NULL,NULL,NULL),
	(17,27,7,'approved',NULL,NULL,NULL),
	(18,3,8,'approved',NULL,NULL,NULL),
	(19,15,8,'approved',NULL,NULL,NULL),
	(20,12,8,'approved',NULL,NULL,NULL),
	(21,37,9,'approved',NULL,NULL,NULL),
	(22,6,10,'approved',NULL,NULL,NULL),
	(23,25,10,'approved',NULL,NULL,NULL),
	(24,27,11,'approved',NULL,NULL,NULL),
	(25,22,12,'approved',NULL,NULL,NULL),
	(26,3,13,'approved',NULL,NULL,NULL),
	(27,22,14,'approved',NULL,NULL,NULL),
	(28,30,14,'approved',NULL,NULL,NULL),
	(29,28,14,'approved',NULL,NULL,NULL),
	(30,35,15,'approved',NULL,NULL,NULL),
	(31,19,15,'approved',NULL,NULL,NULL),
	(32,38,15,'approved',NULL,NULL,NULL),
	(33,18,16,'approved',NULL,NULL,NULL),
	(34,3,16,'approved',NULL,NULL,NULL),
	(35,18,17,'approved',NULL,NULL,NULL),
	(36,28,18,'approved',NULL,NULL,NULL),
	(37,38,18,'approved',NULL,NULL,NULL),
	(38,4,19,'approved',NULL,NULL,NULL),
	(39,2,20,'approved',NULL,NULL,NULL),
	(40,21,20,'approved',NULL,NULL,NULL),
	(41,5,21,'approved',NULL,NULL,NULL),
	(42,17,22,'approved',NULL,NULL,NULL),
	(43,19,22,'approved',NULL,NULL,NULL),
	(44,22,23,'approved',NULL,NULL,NULL),
	(45,7,23,'approved',NULL,NULL,NULL),
	(46,1,23,'approved',NULL,NULL,NULL),
	(47,18,24,'approved',NULL,NULL,NULL),
	(48,37,24,'approved',NULL,NULL,NULL),
	(49,32,24,'approved',NULL,NULL,NULL),
	(50,27,25,'approved',NULL,NULL,NULL),
	(51,34,25,'approved',NULL,NULL,NULL),
	(52,21,25,'approved',NULL,NULL,NULL),
	(53,18,26,'approved',NULL,NULL,NULL),
	(54,5,26,'approved',NULL,NULL,NULL),
	(55,22,26,'approved',NULL,NULL,NULL),
	(56,34,27,'approved',NULL,NULL,NULL),
	(57,24,28,'approved',NULL,NULL,NULL),
	(58,21,28,'approved',NULL,NULL,NULL),
	(59,15,28,'approved',NULL,NULL,NULL),
	(60,16,29,'approved',NULL,NULL,NULL),
	(61,19,29,'approved',NULL,NULL,NULL),
	(62,3,30,'approved',NULL,NULL,NULL),
	(63,25,30,'approved',NULL,NULL,NULL),
	(64,2,31,'approved',NULL,NULL,NULL),
	(65,16,32,'approved',NULL,NULL,NULL),
	(66,25,33,'approved',NULL,NULL,NULL),
	(67,6,33,'approved',NULL,NULL,NULL),
	(68,29,33,'approved',NULL,NULL,NULL),
	(69,15,34,'approved',NULL,NULL,NULL),
	(70,20,34,'approved',NULL,NULL,NULL),
	(71,22,35,'approved',NULL,NULL,NULL),
	(72,30,36,'approved',NULL,NULL,NULL),
	(73,3,37,'approved',NULL,NULL,NULL),
	(74,12,37,'approved',NULL,NULL,NULL),
	(75,28,38,'approved',NULL,NULL,NULL),
	(76,31,38,'approved',NULL,NULL,NULL),
	(77,26,38,'approved',NULL,NULL,NULL),
	(78,16,39,'approved',NULL,NULL,NULL),
	(79,38,39,'approved',NULL,NULL,NULL),
	(80,9,39,'approved',NULL,NULL,NULL);
ALTER TABLE `followers` ENABLE KEYS;
UNLOCK TABLES;


LOCK TABLES `group_user` WRITE;
ALTER TABLE `group_user` DISABLE KEYS;
INSERT INTO `group_user` (`id`, `group_id`, `user_id`, `role_id`, `status`, `created_at`, `updated_at`, `deleted_at`) VALUES 
	(1,1,3,3,'approved',NULL,NULL,NULL),
	(2,1,18,2,'approved',NULL,NULL,NULL),
	(3,2,13,1,'approved',NULL,NULL,NULL),
	(4,2,11,1,'approved',NULL,NULL,NULL),
	(5,2,18,3,'approved',NULL,NULL,NULL),
	(6,3,7,1,'approved',NULL,NULL,NULL),
	(7,3,20,2,'approved',NULL,NULL,NULL),
	(8,3,10,3,'approved',NULL,NULL,NULL),
	(9,4,15,3,'approved',NULL,NULL,NULL),
	(10,4,20,1,'approved',NULL,NULL,NULL),
	(11,4,18,1,'approved',NULL,NULL,NULL),
	(12,5,16,2,'approved',NULL,NULL,NULL),
	(13,5,1,2,'approved',NULL,NULL,NULL),
	(14,5,8,1,'approved',NULL,NULL,NULL),
	(15,6,1,1,'approved',NULL,NULL,NULL),
	(16,6,15,2,'approved',NULL,NULL,NULL),
	(17,6,10,2,'approved',NULL,NULL,NULL),
	(18,7,19,2,'approved',NULL,NULL,NULL),
	(19,7,17,2,'approved',NULL,NULL,NULL),
	(20,8,2,1,'approved',NULL,NULL,NULL),
	(21,8,20,2,'approved',NULL,NULL,NULL),
	(22,9,8,3,'approved',NULL,NULL,NULL),
	(23,10,17,2,'approved',NULL,NULL,NULL),
	(24,11,15,2,'approved',NULL,NULL,NULL),
	(25,11,3,1,'approved',NULL,NULL,NULL),
	(26,11,14,2,'approved',NULL,NULL,NULL),
	(27,12,3,3,'approved',NULL,NULL,NULL),
	(28,12,1,2,'approved',NULL,NULL,NULL),
	(29,13,19,2,'approved',NULL,NULL,NULL),
	(30,13,16,1,'approved',NULL,NULL,NULL),
	(31,13,3,3,'approved',NULL,NULL,NULL),
	(32,14,2,2,'approved',NULL,NULL,NULL),
	(33,14,16,1,'approved',NULL,NULL,NULL),
	(34,15,18,1,'approved',NULL,NULL,NULL),
	(35,15,20,2,'approved',NULL,NULL,NULL),
	(36,15,17,2,'approved',NULL,NULL,NULL),
	(37,16,11,2,'approved',NULL,NULL,NULL),
	(38,16,7,1,'approved',NULL,NULL,NULL),
	(39,17,20,3,'approved',NULL,NULL,NULL),
	(40,18,14,2,'approved',NULL,NULL,NULL),
	(41,19,2,2,'approved',NULL,NULL,NULL),
	(42,20,19,1,'approved',NULL,NULL,NULL),
	(43,20,14,3,'approved',NULL,NULL,NULL),
	(44,20,11,2,'approved',NULL,NULL,NULL),
	(45,21,5,2,'approved',NULL,NULL,NULL),
	(46,22,1,2,'approved',NULL,NULL,NULL),
	(47,22,14,1,'approved',NULL,NULL,NULL),
	(48,23,20,3,'approved',NULL,NULL,NULL),
	(49,24,19,1,'approved',NULL,NULL,NULL),
	(50,24,3,2,'approved',NULL,NULL,NULL),
	(51,25,1,1,'approved',NULL,NULL,NULL),
	(52,26,1,3,'approved',NULL,NULL,NULL),
	(53,26,17,2,'approved',NULL,NULL,NULL),
	(54,26,9,2,'approved',NULL,NULL,NULL),
	(55,27,20,2,'approved',NULL,NULL,NULL),
	(56,27,4,2,'approved',NULL,NULL,NULL),
	(57,27,5,3,'approved',NULL,NULL,NULL),
	(58,28,8,1,'approved',NULL,NULL,NULL),
	(59,28,11,1,'approved',NULL,NULL,NULL),
	(60,29,17,2,'approved',NULL,NULL,NULL),
	(61,30,5,3,'approved',NULL,NULL,NULL),
	(62,30,19,3,'approved',NULL,NULL,NULL),
	(63,30,14,3,'approved',NULL,NULL,NULL),
	(64,31,18,2,'approved',NULL,NULL,NULL),
	(65,31,5,1,'approved',NULL,NULL,NULL),
	(66,32,8,1,'approved',NULL,NULL,NULL),
	(67,33,19,1,'approved',NULL,NULL,NULL),
	(68,33,7,1,'approved',NULL,NULL,NULL),
	(69,33,8,1,'approved',NULL,NULL,NULL);
ALTER TABLE `group_user` ENABLE KEYS;
UNLOCK TABLES;


LOCK TABLES `hashtags` WRITE;
ALTER TABLE `hashtags` DISABLE KEYS;
INSERT INTO `hashtags` (`id`, `tag`, `last_trend_time`, `count`, `created_at`, `updated_at`, `deleted_at`) VALUES 
	(1,'rem','1992-04-12 00:47:02',28,'2017-11-09 13:55:00','2017-11-09 13:55:00',NULL),
	(2,'ullam','1988-02-15 11:19:19',58,'2017-11-09 13:55:00','2017-11-09 13:55:00',NULL),
	(3,'in','1991-07-05 01:16:41',19,'2017-11-09 13:55:00','2017-11-09 13:55:00',NULL),
	(4,'id','1991-12-24 16:20:25',31,'2017-11-09 13:55:00','2017-11-09 13:55:00',NULL),
	(5,'eos','1981-08-28 09:46:25',10,'2017-11-09 13:55:00','2017-11-09 13:55:00',NULL),
	(6,'et','1997-03-19 00:41:58',30,'2017-11-09 13:55:00','2017-11-09 13:55:00',NULL),
	(7,'culpa','1982-06-05 01:22:32',58,'2017-11-09 13:55:00','2017-11-09 13:55:00',NULL),
	(8,'labore','1970-01-30 09:41:56',46,'2017-11-09 13:55:00','2017-11-09 13:55:00',NULL),
	(9,'ut','1985-07-15 09:11:29',31,'2017-11-09 13:55:00','2017-11-09 13:55:00',NULL),
	(10,'quibusdam','2016-01-25 10:46:15',28,'2017-11-09 13:55:00','2017-11-09 13:55:00',NULL),
	(11,'impedit','1997-06-04 17:10:49',45,'2017-11-09 13:55:00','2017-11-09 13:55:00',NULL),
	(12,'dolorem','1980-06-23 04:10:12',43,'2017-11-09 13:55:00','2017-11-09 13:55:00',NULL),
	(13,'voluptas','2014-07-04 01:20:27',32,'2017-11-09 13:55:00','2017-11-09 13:55:00',NULL),
	(14,'inventore','1989-04-15 14:39:58',18,'2017-11-09 13:55:00','2017-11-09 13:55:00',NULL),
	(15,'temporibus','2007-03-05 09:37:56',15,'2017-11-09 13:55:00','2017-11-09 13:55:00',NULL),
	(16,'placeat','1990-06-17 05:43:41',11,'2017-11-09 13:55:00','2017-11-09 13:55:00',NULL),
	(17,'necessitatibus','1985-01-07 16:33:01',59,'2017-11-09 13:55:00','2017-11-09 13:55:00',NULL),
	(18,'id','1978-06-12 01:50:21',10,'2017-11-09 13:55:00','2017-11-09 13:55:00',NULL),
	(19,'consequatur','1978-02-09 09:34:11',5,'2017-11-09 13:55:00','2017-11-09 13:55:00',NULL),
	(20,'quia','1994-04-24 22:37:25',14,'2017-11-09 13:55:00','2017-11-09 13:55:00',NULL),
	(21,'praesentium','2007-12-04 10:49:34',9,'2017-11-09 13:55:00','2017-11-09 13:55:00',NULL),
	(22,'corrupti','1999-08-31 03:24:05',39,'2017-11-09 13:55:00','2017-11-09 13:55:00',NULL),
	(23,'perspiciatis','1998-08-29 16:30:27',58,'2017-11-09 13:55:00','2017-11-09 13:55:00',NULL),
	(24,'ut','1985-06-25 10:36:47',8,'2017-11-09 13:55:00','2017-11-09 13:55:00',NULL),
	(25,'mollitia','1970-03-16 10:06:56',44,'2017-11-09 13:55:00','2017-11-09 13:55:00',NULL),
	(26,'qui','1993-10-16 15:44:26',32,'2017-11-09 13:55:00','2017-11-09 13:55:00',NULL),
	(27,'sunt','1978-11-22 11:23:30',5,'2017-11-09 13:55:00','2017-11-09 13:55:00',NULL),
	(28,'dolore','2012-09-21 15:24:23',45,'2017-11-09 13:55:00','2017-11-09 13:55:00',NULL),
	(29,'repellat','2007-04-29 01:22:58',40,'2017-11-09 13:55:00','2017-11-09 13:55:00',NULL),
	(30,'non','1974-07-26 17:25:05',30,'2017-11-09 13:55:00','2017-11-09 13:55:00',NULL);
ALTER TABLE `hashtags` ENABLE KEYS;
UNLOCK TABLES;


LOCK TABLES `languages` WRITE;
ALTER TABLE `languages` DISABLE KEYS;
ALTER TABLE `languages` ENABLE KEYS;
UNLOCK TABLES;


LOCK TABLES `media` WRITE;
ALTER TABLE `media` DISABLE KEYS;
INSERT INTO `media` (`id`, `title`, `type`, `source`, `created_at`, `updated_at`, `deleted_at`) VALUES 
	(1,'Miss Maud Leffler','image','5.jpg','2017-11-09 13:54:56','2017-11-09 13:54:56',NULL),
	(2,'Maddison Schmitt','image','5.jpg','2017-11-09 13:54:56','2017-11-09 13:54:56',NULL),
	(3,'Bernita Murphy','image','12.jpg','2017-11-09 13:54:56','2017-11-09 13:54:56',NULL),
	(4,'Kasey Adams I','image','5.jpg','2017-11-09 13:54:56','2017-11-09 13:54:56',NULL),
	(5,'Domenica Leuschke','image','1.png','2017-11-09 13:54:56','2017-11-09 13:54:56',NULL),
	(6,'Deshaun Konopelski','image','5.jpg','2017-11-09 13:54:56','2017-11-09 13:54:56',NULL),
	(7,'Hans O\'Conner','image','1.jpg','2017-11-09 13:54:56','2017-11-09 13:54:56',NULL),
	(8,'Ms. Kasandra Gutmann','image','3.jpg','2017-11-09 13:54:56','2017-11-09 13:54:56',NULL),
	(9,'Miss Caleigh Zieme DDS','image','3.png','2017-11-09 13:54:56','2017-11-09 13:54:56',NULL),
	(10,'Davon Grant','image','4.jpg','2017-11-09 13:54:56','2017-11-09 13:54:56',NULL),
	(11,'Delfina Schiller','image','6.jpg','2017-11-09 13:54:56','2017-11-09 13:54:56',NULL),
	(12,'Vidal Kerluke','image','7.jpg','2017-11-09 13:54:56','2017-11-09 13:54:56',NULL),
	(13,'Merl Parker V','image','9.jpg','2017-11-09 13:54:56','2017-11-09 13:54:56',NULL),
	(14,'Dr. Retha Bednar','image','13.jpg','2017-11-09 13:54:56','2017-11-09 13:54:56',NULL),
	(15,'Mariane Mraz','image','10.jpg','2017-11-09 13:54:56','2017-11-09 13:54:56',NULL),
	(16,'Mr. Shane Hansen IV','image','12.jpg','2017-11-09 13:54:56','2017-11-09 13:54:56',NULL),
	(17,'Dr. Oliver Gutkowski DDS','image','5.jpg','2017-11-09 13:54:56','2017-11-09 13:54:56',NULL),
	(18,'Malachi Bradtke','image','11.jpg','2017-11-09 13:54:56','2017-11-09 13:54:56',NULL),
	(19,'Mitchell Harvey','image','5.jpg','2017-11-09 13:54:56','2017-11-09 13:54:56',NULL),
	(20,'Beth Schaden','image','13.jpg','2017-11-09 13:54:56','2017-11-09 13:54:56',NULL),
	(21,'David Schuppe','image','4.png','2017-11-09 13:54:56','2017-11-09 13:54:56',NULL),
	(22,'Kristin Graham','image','2.jpg','2017-11-09 13:54:56','2017-11-09 13:54:56',NULL),
	(23,'Cathy Sipes','image','6.jpg','2017-11-09 13:54:56','2017-11-09 13:54:56',NULL),
	(24,'Jake Howell','image','7.jpg','2017-11-09 13:54:56','2017-11-09 13:54:56',NULL),
	(25,'Jalyn Hahn Jr.','image','3.jpg','2017-11-09 13:54:56','2017-11-09 13:54:56',NULL),
	(26,'Ewell Lang III','image','12.jpg','2017-11-09 13:54:56','2017-11-09 13:54:56',NULL),
	(27,'Weston Cormier','image','9.jpg','2017-11-09 13:54:56','2017-11-09 13:54:56',NULL),
	(28,'Prof. Billy Gleichner II','image','3.jpg','2017-11-09 13:54:56','2017-11-09 13:54:56',NULL),
	(29,'Dr. King Wisozk','image','4.jpg','2017-11-09 13:54:56','2017-11-09 13:54:56',NULL),
	(30,'Prof. Asha Ebert PhD','image','1.jpg','2017-11-09 13:54:56','2017-11-09 13:54:56',NULL),
	(31,'Brad Howell','image','3.jpg','2017-11-09 13:54:56','2017-11-09 13:54:56',NULL),
	(32,'Mrs. Aaliyah Pacocha V','image','6.jpg','2017-11-09 13:54:56','2017-11-09 13:54:56',NULL),
	(33,'Mafalda Denesik','image','1.png','2017-11-09 13:54:56','2017-11-09 13:54:56',NULL),
	(34,'Mr. Abdullah Ward DVM','image','12.jpg','2017-11-09 13:54:56','2017-11-09 13:54:56',NULL),
	(35,'Marlon Windler','image','2.png','2017-11-09 13:54:56','2017-11-09 13:54:56',NULL),
	(36,'Madie O\'Kon','image','1.jpg','2017-11-09 13:54:56','2017-11-09 13:54:56',NULL),
	(37,'Malachi Wilderman PhD','image','10.jpg','2017-11-09 13:54:56','2017-11-09 13:54:56',NULL),
	(38,'Jazmyn Rath','image','7.jpg','2017-11-09 13:54:56','2017-11-09 13:54:56',NULL),
	(39,'Hassie Koepp','image','3.jpg','2017-11-09 13:54:56','2017-11-09 13:54:56',NULL),
	(40,'Dr. Jacey Grant','image','12.jpg','2017-11-09 13:54:56','2017-11-09 13:54:56',NULL),
	(41,'Ms. Elouise Rogahn','image','4.png','2017-11-09 13:54:56','2017-11-09 13:54:56',NULL),
	(42,'Dr. Tavares Windler','image','12.jpg','2017-11-09 13:54:56','2017-11-09 13:54:56',NULL),
	(43,'Edna Wisoky','image','1.png','2017-11-09 13:54:56','2017-11-09 13:54:56',NULL),
	(44,'Jevon Schuster','image','12.jpg','2017-11-09 13:54:56','2017-11-09 13:54:56',NULL),
	(45,'Verona Schamberger V','image','6.jpg','2017-11-09 13:54:56','2017-11-09 13:54:56',NULL),
	(46,'Kiera Hamill','image','4.png','2017-11-09 13:54:56','2017-11-09 13:54:56',NULL),
	(47,'Dr. Jaeden Torphy I','image','11.jpg','2017-11-09 13:54:56','2017-11-09 13:54:56',NULL),
	(48,'Mariana Reynolds','image','11.jpg','2017-11-09 13:54:56','2017-11-09 13:54:56',NULL),
	(49,'Miss Gladys Zulauf','image','1.jpg','2017-11-09 13:54:56','2017-11-09 13:54:56',NULL),
	(50,'Janelle Hyatt II','image','9.jpg','2017-11-09 13:54:56','2017-11-09 13:54:56',NULL),
	(51,'Horacio Jast','image','9.jpg','2017-11-09 13:54:56','2017-11-09 13:54:56',NULL),
	(52,'Prof. Chanelle Bailey','image','1.png','2017-11-09 13:54:57','2017-11-09 13:54:57',NULL),
	(53,'Pattie King','image','2.png','2017-11-09 13:54:57','2017-11-09 13:54:57',NULL),
	(54,'Gunnar Rogahn','image','2.jpg','2017-11-09 13:54:57','2017-11-09 13:54:57',NULL),
	(55,'Rolando O\'Reilly','image','13.jpg','2017-11-09 13:54:57','2017-11-09 13:54:57',NULL),
	(56,'Gerardo Erdman','image','4.png','2017-11-09 13:54:57','2017-11-09 13:54:57',NULL),
	(57,'Lauren Connelly','image','12.jpg','2017-11-09 13:54:57','2017-11-09 13:54:57',NULL),
	(58,'Murphy Hand','image','11.jpg','2017-11-09 13:54:57','2017-11-09 13:54:57',NULL),
	(59,'Kristin Treutel','image','13.jpg','2017-11-09 13:54:57','2017-11-09 13:54:57',NULL),
	(60,'Duncan Lubowitz','image','8.jpg','2017-11-09 13:54:57','2017-11-09 13:54:57',NULL),
	(61,'Prof. Maximilian Cassin','image','5.jpg','2017-11-09 13:54:57','2017-11-09 13:54:57',NULL),
	(62,'Darian Klein','image','8.jpg','2017-11-09 13:54:57','2017-11-09 13:54:57',NULL),
	(63,'Mrs. Dovie Hermiston','image','4.jpg','2017-11-09 13:54:57','2017-11-09 13:54:57',NULL),
	(64,'Perry Kuhlman','image','5.jpg','2017-11-09 13:54:57','2017-11-09 13:54:57',NULL),
	(65,'Jaylen Hessel','image','10.jpg','2017-11-09 13:54:57','2017-11-09 13:54:57',NULL),
	(66,'Thea Green','image','1.png','2017-11-09 13:54:57','2017-11-09 13:54:57',NULL),
	(67,'Rory Collins','image','1.jpg','2017-11-09 13:54:57','2017-11-09 13:54:57',NULL),
	(68,'Tara Kirlin I','image','4.png','2017-11-09 13:54:57','2017-11-09 13:54:57',NULL),
	(69,'Janie Konopelski','image','8.jpg','2017-11-09 13:54:57','2017-11-09 13:54:57',NULL),
	(70,'Shawna Blick','image','4.png','2017-11-09 13:54:57','2017-11-09 13:54:57',NULL),
	(71,'Davonte Schmitt','image','11.jpg','2017-11-09 13:54:57','2017-11-09 13:54:57',NULL),
	(72,'Emely Stokes','image','6.jpg','2017-11-09 13:54:57','2017-11-09 13:54:57',NULL),
	(73,'Shayna Kautzer','image','11.jpg','2017-11-09 13:54:57','2017-11-09 13:54:57',NULL),
	(74,'Reanna Grant','image','11.jpg','2017-11-09 13:54:57','2017-11-09 13:54:57',NULL),
	(75,'Carson Kunze MD','image','3.jpg','2017-11-09 13:54:57','2017-11-09 13:54:57',NULL),
	(76,'Ashlee Reynolds','image','2.jpg','2017-11-09 13:54:57','2017-11-09 13:54:57',NULL),
	(77,'Ms. Lorna Altenwerth I','image','4.png','2017-11-09 13:54:57','2017-11-09 13:54:57',NULL),
	(78,'Mohammed Herzog','image','1.jpg','2017-11-09 13:54:57','2017-11-09 13:54:57',NULL),
	(79,'Nannie Dietrich','image','2.png','2017-11-09 13:54:57','2017-11-09 13:54:57',NULL),
	(80,'Kevon Ortiz Sr.','image','3.jpg','2017-11-09 13:54:57','2017-11-09 13:54:57',NULL);
ALTER TABLE `media` ENABLE KEYS;
UNLOCK TABLES;


LOCK TABLES `messages` WRITE;
ALTER TABLE `messages` DISABLE KEYS;
ALTER TABLE `messages` ENABLE KEYS;
UNLOCK TABLES;


LOCK TABLES `migrations` WRITE;
ALTER TABLE `migrations` DISABLE KEYS;
INSERT INTO `migrations` (`id`, `migration`, `batch`) VALUES 
	(1,'2014_10_12_100000_create_password_resets_table',1),
	(2,'2014_10_12_100000_create_settings_table',1),
	(3,'2014_10_28_175635_create_threads_table',1),
	(4,'2014_10_28_175710_create_messages_table',1),
	(5,'2014_10_28_180224_create_participants_table',1),
	(6,'2014_11_03_154831_add_soft_deletes_to_participants_table',1),
	(7,'2014_11_10_083449_add_nullable_to_last_read_in_participants_table',1),
	(8,'2014_11_20_131739_alter_last_read_in_participants_table',1),
	(9,'2014_12_04_124531_add_softdeletes_to_threads_table',1),
	(10,'2016_05_11_102459_create_categories_table',1),
	(11,'2016_05_11_102459_create_followers_table',1),
	(12,'2016_05_11_102459_create_group_user_table',1),
	(13,'2016_05_11_102459_create_groups_table',1),
	(14,'2016_05_11_102459_create_languages_table',1),
	(15,'2016_05_11_102459_create_media_table',1),
	(16,'2016_05_11_102459_create_page_likes_table',1),
	(17,'2016_05_11_102459_create_page_user_table',1),
	(18,'2016_05_11_102459_create_pages_table',1),
	(19,'2016_05_11_102459_create_post_follows_table',1),
	(20,'2016_05_11_102459_create_post_likes_table',1),
	(21,'2016_05_11_102459_create_post_media_table',1),
	(22,'2016_05_11_102459_create_post_shares_table',1),
	(23,'2016_05_11_102459_create_posts_table',1),
	(24,'2016_05_11_102459_create_timelines_table',1),
	(25,'2016_05_11_102459_create_user_settings_table',1),
	(26,'2016_05_11_102459_create_users_table',1),
	(27,'2016_05_11_102460_create_timeline_reports_table',1),
	(28,'2016_05_11_102500_create_announcement_user_table',1),
	(29,'2016_05_11_102500_create_announcements_table',1),
	(30,'2016_05_11_102500_create_comment_likes_table',1),
	(31,'2016_05_11_102500_create_comments_table',1),
	(32,'2016_05_11_102500_create_hashtags_table',1),
	(33,'2016_05_11_102500_create_notifications_table',1),
	(34,'2016_05_11_102500_create_post_reports_table',1),
	(35,'2016_07_08_170940_create_post_tags_table',1),
	(36,'2016_08_01_123157_entrust_setup_tables',1),
	(37,'2016_08_02_123157_create_foreign_keys',1),
	(38,'2016_08_03_103604_create_static_pages_table',1),
	(39,'2016_08_28_194209_alter_users',1),
	(40,'2016_08_31_174439_insert_settings',1),
	(41,'2016_09_04_022020_database_update_one_dot_two',1),
	(42,'2016_09_05_224813_database_update_one_dot_three',1),
	(43,'2016_10_24_070240_database_update_one_dot_four',1),
	(44,'2016_11_12_064152_database_update_two_dot_one',1),
	(45,'2017_02_26_074925_create_sessions_table',1),
	(46,'2017_03_01_135034_database_update_two_dot_two',1),
	(47,'2017_05_18_035912_create_wallpapers',1),
	(48,'2017_05_18_051905_database_update_three',1),
	(49,'2017_05_25_085951_alter_messages_table',1),
	(50,'2017_07_10_114459_create_saved_timelines_table',1),
	(51,'2017_07_10_124410_create_saved_posts_table',1);
ALTER TABLE `migrations` ENABLE KEYS;
UNLOCK TABLES;


LOCK TABLES `notifications` WRITE;
ALTER TABLE `notifications` DISABLE KEYS;
INSERT INTO `notifications` (`id`, `post_id`, `timeline_id`, `user_id`, `notified_by`, `seen`, `description`, `type`, `link`, `created_at`, `updated_at`, `deleted_at`) VALUES 
	(1,29,NULL,8,33,0,'Aperiam molestias necessitatibus laborum ipsa. Ea est cum quia minima temporibus. Labore mollitia voluptate consequuntur odio perferendis asperiores.','following',NULL,'2017-11-09 13:55:04','2017-11-09 13:55:04',NULL),
	(2,30,NULL,29,19,0,'Repellat et sunt aliquid quo autem voluptatum voluptates totam. Qui excepturi similique repellendus itaque natus. Tenetur iusto perspiciatis voluptate qui qui voluptatibus.','like',NULL,'2017-11-09 13:55:05','2017-11-09 13:55:05',NULL),
	(3,12,NULL,24,24,0,'Voluptatem dolore quidem laudantium aut cum praesentium. Et enim sed ducimus sit velit corporis error quia. Vel consequatur nostrum aut ut qui eum.','comment',NULL,'2017-11-09 13:55:05','2017-11-09 13:55:05',NULL),
	(4,36,NULL,7,11,0,'Nulla ut aut ex similique. Aut doloremque ea mollitia aspernatur laborum enim. Et fugit ut voluptates est architecto enim possimus. Qui voluptas neque dolor sunt modi dolorum.','post',NULL,'2017-11-09 13:55:05','2017-11-09 13:55:05',NULL),
	(5,30,NULL,38,4,0,'Debitis est quos ut ducimus consequuntur. Ut eaque qui veritatis vero. Ut dolor enim et error excepturi minima incidunt.','following',NULL,'2017-11-09 13:55:05','2017-11-09 13:55:05',NULL),
	(6,30,NULL,15,28,0,'Reprehenderit quidem et quibusdam. Quasi qui rerum soluta expedita ullam quis. Id dolor dicta quasi suscipit earum.','report',NULL,'2017-11-09 13:55:05','2017-11-09 13:55:05',NULL),
	(7,40,NULL,5,1,0,'Dicta blanditiis consequatur modi similique sint ea hic. Maiores eligendi optio eum ex inventore. Molestiae ab hic et aut. Odit illo odio velit ea voluptates exercitationem magni suscipit.','comment',NULL,'2017-11-09 13:55:05','2017-11-09 13:55:05',NULL),
	(8,50,NULL,31,8,1,'Omnis aut et officiis saepe optio. Quis ratione laborum perferendis ex quia quia maxime. Consequatur eos et qui magnam et autem sed.','following',NULL,'2017-11-09 13:55:05','2017-11-09 13:55:05',NULL),
	(9,52,NULL,37,24,1,'Sunt et nihil rerum nam labore. Dolor ut et ipsa voluptatum harum omnis. Eum nemo impedit alias ut vero. Est consequatur esse quo temporibus esse nulla possimus vero.','message',NULL,'2017-11-09 13:55:06','2017-11-09 13:55:06',NULL),
	(10,17,NULL,12,16,0,'Quidem atque est atque. Sed quia eum perspiciatis amet aspernatur in perferendis. Placeat animi error fugiat magni tempora. Molestiae quod accusamus ut vel ipsum.','message',NULL,'2017-11-09 13:55:06','2017-11-09 13:55:06',NULL),
	(11,31,NULL,22,14,1,'Quisquam illum quaerat sit delectus reiciendis quod. Ea tempora aut aut ut quo. Quia rerum nemo et. Nesciunt quaerat dolore iusto non minima.','report',NULL,'2017-11-09 13:55:06','2017-11-09 13:55:06',NULL),
	(12,20,NULL,12,17,1,'Aperiam magni ullam dolores enim nihil dicta veritatis. Est et officia rem eum aliquid.','like',NULL,'2017-11-09 13:55:06','2017-11-09 13:55:06',NULL),
	(13,12,NULL,24,9,1,'Similique ut at velit quisquam. Nihil eaque soluta necessitatibus reiciendis alias. Et fuga natus similique.','following',NULL,'2017-11-09 13:55:06','2017-11-09 13:55:06',NULL),
	(14,48,NULL,20,29,0,'Aperiam cum quos repudiandae magnam harum repellat. Optio pariatur pariatur aut architecto. Nam amet hic ipsum sed aperiam. Atque voluptate amet sed.','following',NULL,'2017-11-09 13:55:06','2017-11-09 13:55:06',NULL),
	(15,3,NULL,36,29,1,'Qui quaerat qui suscipit id cumque. Esse facere minus iure excepturi. Et a molestias et consectetur. Consequatur aut molestias neque error iusto quidem repellendus. Nihil quia aut sunt rerum est.','referral',NULL,'2017-11-09 13:55:07','2017-11-09 13:55:07',NULL),
	(16,3,NULL,5,13,1,'Voluptatibus corrupti nulla voluptatem dignissimos molestias illum sunt. Aut neque est cumque. Architecto molestias in et iusto enim. Ut quo rem accusamus necessitatibus.','comment',NULL,'2017-11-09 13:55:07','2017-11-09 13:55:07',NULL),
	(17,18,NULL,29,21,1,'Iure voluptas in eius. Aliquam harum numquam deleniti tenetur.','comment',NULL,'2017-11-09 13:55:07','2017-11-09 13:55:07',NULL),
	(18,28,NULL,11,38,1,'Debitis ut delectus totam quia dolores perferendis. Possimus eum modi doloremque. Fugit soluta est odio quis ea.','like',NULL,'2017-11-09 13:55:07','2017-11-09 13:55:07',NULL),
	(19,60,NULL,32,24,0,'Officia veniam fuga voluptatem qui aperiam. Illo est sint et itaque. Voluptatem veritatis cum veritatis rerum illo quis autem qui. Ipsum non totam libero enim unde.','comment',NULL,'2017-11-09 13:55:07','2017-11-09 13:55:07',NULL),
	(20,20,NULL,36,37,0,'Omnis consequatur quas in aliquam repellat laborum aut. Mollitia dicta nam distinctio. Molestias eveniet autem voluptas qui. Eos tenetur illum laudantium.','referral',NULL,'2017-11-09 13:55:07','2017-11-09 13:55:07',NULL),
	(21,26,NULL,33,22,0,'Magni qui delectus eum aut. Id quia quia necessitatibus nam quam et. Pariatur tenetur et ad nostrum.','post',NULL,'2017-11-09 13:55:07','2017-11-09 13:55:07',NULL),
	(22,4,NULL,15,33,0,'Et veniam doloremque magnam ut quos. Earum numquam excepturi id. Neque nihil et dicta nam rerum aut.','report',NULL,'2017-11-09 13:55:08','2017-11-09 13:55:08',NULL),
	(23,52,NULL,29,9,0,'Harum id ipsum nostrum et. Vero aut vel laborum commodi. Voluptate est est dolorem consequatur hic nostrum voluptatem.','follower',NULL,'2017-11-09 13:55:08','2017-11-09 13:55:08',NULL),
	(24,53,NULL,8,16,1,'Necessitatibus deleniti inventore quo. Veritatis esse illum sint quo nesciunt repellendus nemo est. Consequatur nemo autem odio dolores. Dignissimos in nihil odit ut.','following',NULL,'2017-11-09 13:55:08','2017-11-09 13:55:08',NULL),
	(25,2,NULL,5,14,1,'Sint quaerat consectetur illo possimus voluptas dolorem. Molestiae repudiandae quia est sapiente dolores. Sit illo maxime saepe et nemo soluta occaecati. Similique consequatur suscipit ad.','follower',NULL,'2017-11-09 13:55:08','2017-11-09 13:55:08',NULL),
	(26,37,NULL,19,27,0,'Maxime iusto deserunt sed pariatur est quisquam. Sed voluptas reiciendis temporibus quaerat. Delectus in aut vero fugit unde id. Optio eos molestiae repudiandae est voluptas et asperiores rerum.','follower',NULL,'2017-11-09 13:55:08','2017-11-09 13:55:08',NULL),
	(27,23,NULL,25,17,1,'Exercitationem nisi ex ad reiciendis. Officia et cum omnis quaerat.','report',NULL,'2017-11-09 13:55:08','2017-11-09 13:55:08',NULL),
	(28,42,NULL,26,5,0,'Nostrum mollitia nulla nam et id id magnam. Alias sed eos sit et sequi. Provident sed quaerat voluptatem temporibus repellat quaerat.','message',NULL,'2017-11-09 13:55:08','2017-11-09 13:55:08',NULL),
	(29,33,NULL,7,21,0,'Fugit ex eos odio iure. Nulla quaerat enim voluptas consequatur doloribus eos. Suscipit architecto voluptas fuga nobis atque.','message',NULL,'2017-11-09 13:55:09','2017-11-09 13:55:09',NULL),
	(30,43,NULL,32,11,1,'Aut nam nulla et quia. Voluptates et laudantium nihil. Dolor reiciendis adipisci libero est animi aut. Animi et quas consequatur enim minima optio cum.','follower',NULL,'2017-11-09 13:55:09','2017-11-09 13:55:09',NULL),
	(31,2,NULL,30,29,0,'Rerum cumque nobis est adipisci quis. Sit minima quia expedita quos ut laboriosam commodi. Nisi voluptatem occaecati ratione sunt omnis officiis.','share',NULL,'2017-11-09 13:55:09','2017-11-09 13:55:09',NULL),
	(32,16,NULL,20,2,0,'Qui voluptatem facere aut quis reiciendis sunt quia. Temporibus alias accusantium corrupti dolor doloremque. Consequuntur autem eum molestias maiores.','comment',NULL,'2017-11-09 13:55:09','2017-11-09 13:55:09',NULL),
	(33,13,NULL,24,10,0,'Enim possimus ut eum et. Dolorum assumenda rem ipsam unde doloribus nihil similique. Assumenda distinctio eum mollitia voluptatibus. Dicta reprehenderit harum maiores et.','comment',NULL,'2017-11-09 13:55:09','2017-11-09 13:55:09',NULL),
	(34,1,NULL,1,37,1,'Et aut magni qui autem. Sed quia eius totam minima voluptatum magni. Totam suscipit incidunt quo unde. Doloremque quia voluptatum optio.','comment',NULL,'2017-11-09 13:55:09','2017-11-09 13:55:09',NULL),
	(35,50,NULL,12,7,0,'Et et beatae eum dolor deleniti excepturi. Quis ut quae molestiae et quo. Quasi aut animi eaque eum officiis.','comment',NULL,'2017-11-09 13:55:10','2017-11-09 13:55:10',NULL),
	(36,35,NULL,23,35,1,'Et consectetur rerum rem. Unde hic culpa facilis cupiditate qui. Earum labore iusto velit vel placeat qui. Voluptas asperiores nostrum consequatur officia.','follower',NULL,'2017-11-09 13:55:10','2017-11-09 13:55:10',NULL),
	(37,58,NULL,30,31,0,'Aut assumenda neque ad error. Molestias illum sit odio exercitationem. Eveniet qui sunt dolor temporibus. Nobis esse vero veniam quia.','post',NULL,'2017-11-09 13:55:10','2017-11-09 13:55:10',NULL),
	(38,44,NULL,20,26,0,'Tempore nemo mollitia sunt. Et dolor sint reprehenderit quia. A illo aut deleniti. Eaque tempore ipsa accusamus sit enim porro.','follower',NULL,'2017-11-09 13:55:10','2017-11-09 13:55:10',NULL),
	(39,25,NULL,10,37,0,'Et molestiae voluptatem consequatur nihil voluptas. Iure maxime natus deserunt ut id eius accusantium. Voluptas quo mollitia sint rerum. Voluptatem autem et adipisci eligendi quod corporis.','share',NULL,'2017-11-09 13:55:10','2017-11-09 13:55:10',NULL),
	(40,41,NULL,18,7,1,'Molestiae voluptas beatae dolores aliquam minus aut. Aut earum voluptatem illum aliquid quia itaque animi. Rem saepe dignissimos quos voluptate. Doloremque laudantium deleniti eius est autem.','post',NULL,'2017-11-09 13:55:10','2017-11-09 13:55:10',NULL);
ALTER TABLE `notifications` ENABLE KEYS;
UNLOCK TABLES;


LOCK TABLES `pages` WRITE;
ALTER TABLE `pages` DISABLE KEYS;
INSERT INTO `pages` (`id`, `timeline_id`, `address`, `active`, `category_id`, `message_privacy`, `member_privacy`, `phone`, `timeline_post_privacy`, `website`, `verified`, `created_at`, `updated_at`, `deleted_at`) VALUES 
	(1,40,'7992 Kuhic Springs\nJaniefort, MI 29931',1,7,'everyone','everyone',NULL,'everyone',NULL,0,'2017-11-09 13:55:00','2017-11-09 13:55:00',NULL),
	(2,41,'568 Heidi Manor\nEast Tremaine, IA 79854',1,8,'everyone','everyone',NULL,'everyone',NULL,0,'2017-11-09 13:55:00','2017-11-09 13:55:00',NULL),
	(3,42,'50005 Dimitri Unions\nPfefferburgh, MS 45013-8948',1,17,'everyone','everyone',NULL,'everyone',NULL,0,'2017-11-09 13:55:00','2017-11-09 13:55:00',NULL),
	(4,43,'353 Leola Mountain\nLilianburgh, ID 03888-1205',1,20,'everyone','everyone',NULL,'everyone',NULL,0,'2017-11-09 13:55:00','2017-11-09 13:55:00',NULL),
	(5,44,'82327 Jabari Mission\nEast Jamarcus, IL 28537',1,12,'everyone','everyone',NULL,'everyone',NULL,0,'2017-11-09 13:55:00','2017-11-09 13:55:00',NULL),
	(6,45,'64900 Borer Ramp\nWest Eliasfurt, AK 42555',1,8,'everyone','everyone',NULL,'everyone',NULL,0,'2017-11-09 13:55:00','2017-11-09 13:55:00',NULL),
	(7,46,'2864 Jaquelin Ridges Apt. 977\nWehnerfurt, AL 41105-2774',1,2,'everyone','everyone',NULL,'everyone',NULL,0,'2017-11-09 13:55:00','2017-11-09 13:55:00',NULL),
	(8,47,'1455 Troy Brooks\nCotyhaven, LA 58919',1,5,'everyone','everyone',NULL,'everyone',NULL,0,'2017-11-09 13:55:00','2017-11-09 13:55:00',NULL),
	(9,48,'14531 Cronin Mount\nSouth Delilahland, UT 28660-5141',1,11,'everyone','everyone',NULL,'everyone',NULL,0,'2017-11-09 13:55:00','2017-11-09 13:55:00',NULL),
	(10,49,'711 Kadin Rue Apt. 294\nNorth Florida, UT 30113',1,19,'everyone','everyone',NULL,'everyone',NULL,0,'2017-11-09 13:55:00','2017-11-09 13:55:00',NULL),
	(11,50,'12904 Feest Isle Apt. 459\nCristfort, DE 12386',1,3,'everyone','everyone',NULL,'everyone',NULL,0,'2017-11-09 13:55:00','2017-11-09 13:55:00',NULL),
	(12,51,'9855 Asa Orchard\nRobbstad, ND 01750-1230',1,20,'everyone','everyone',NULL,'everyone',NULL,0,'2017-11-09 13:55:00','2017-11-09 13:55:00',NULL),
	(13,52,'21769 Deborah Ramp\nWest Elvera, NC 23218',1,20,'everyone','everyone',NULL,'everyone',NULL,0,'2017-11-09 13:55:00','2017-11-09 13:55:00',NULL),
	(14,53,'46036 Greenholt Brook Apt. 861\nLake Gardnerfort, PA 89604',1,6,'everyone','everyone',NULL,'everyone',NULL,0,'2017-11-09 13:55:00','2017-11-09 13:55:00',NULL),
	(15,54,'23212 Jazmyn Coves\nSouth Simeon, AR 17120',1,11,'everyone','everyone',NULL,'everyone',NULL,0,'2017-11-09 13:55:00','2017-11-09 13:55:00',NULL),
	(16,55,'18938 Delphine Greens Suite 002\nEast Edisonshire, FL 18146',1,10,'everyone','everyone',NULL,'everyone',NULL,0,'2017-11-09 13:55:00','2017-11-09 13:55:00',NULL),
	(17,56,'512 Purdy Points\nLake Dallinbury, WI 32289',1,3,'everyone','everyone',NULL,'everyone',NULL,0,'2017-11-09 13:55:00','2017-11-09 13:55:00',NULL),
	(18,57,'582 Mueller Rest\nProhaskastad, SC 69696-7670',1,8,'everyone','everyone',NULL,'everyone',NULL,0,'2017-11-09 13:55:00','2017-11-09 13:55:00',NULL),
	(19,58,'945 Spencer Ways Apt. 653\nLake Shermanville, CA 01559',1,18,'everyone','everyone',NULL,'everyone',NULL,0,'2017-11-09 13:55:00','2017-11-09 13:55:00',NULL),
	(20,59,'8595 Gottlieb Light\nNewtonside, CO 21097',1,15,'everyone','everyone',NULL,'everyone',NULL,0,'2017-11-09 13:55:00','2017-11-09 13:55:00',NULL);
ALTER TABLE `pages` ENABLE KEYS;
UNLOCK TABLES;


LOCK TABLES `page_likes` WRITE;
ALTER TABLE `page_likes` DISABLE KEYS;
INSERT INTO `page_likes` (`id`, `page_id`, `user_id`, `created_at`, `updated_at`, `deleted_at`) VALUES 
	(1,1,15,NULL,NULL,NULL),
	(2,2,15,NULL,NULL,NULL),
	(3,2,11,NULL,NULL,NULL),
	(4,3,14,NULL,NULL,NULL),
	(5,3,5,NULL,NULL,NULL),
	(6,3,16,NULL,NULL,NULL),
	(7,4,19,NULL,NULL,NULL),
	(8,5,14,NULL,NULL,NULL),
	(9,5,4,NULL,NULL,NULL),
	(10,5,7,NULL,NULL,NULL),
	(11,6,16,NULL,NULL,NULL),
	(12,6,6,NULL,NULL,NULL),
	(13,6,19,NULL,NULL,NULL),
	(14,7,8,NULL,NULL,NULL),
	(15,7,7,NULL,NULL,NULL),
	(16,7,13,NULL,NULL,NULL),
	(17,8,2,NULL,NULL,NULL),
	(18,9,13,NULL,NULL,NULL),
	(19,9,11,NULL,NULL,NULL),
	(20,9,12,NULL,NULL,NULL),
	(21,10,1,NULL,NULL,NULL),
	(22,11,16,NULL,NULL,NULL),
	(23,11,11,NULL,NULL,NULL),
	(24,12,10,NULL,NULL,NULL),
	(25,12,1,NULL,NULL,NULL),
	(26,13,19,NULL,NULL,NULL),
	(27,14,7,NULL,NULL,NULL),
	(28,14,19,NULL,NULL,NULL),
	(29,14,4,NULL,NULL,NULL),
	(30,15,9,NULL,NULL,NULL),
	(31,15,7,NULL,NULL,NULL),
	(32,15,19,NULL,NULL,NULL),
	(33,16,10,NULL,NULL,NULL),
	(34,16,18,NULL,NULL,NULL),
	(35,16,6,NULL,NULL,NULL),
	(36,17,15,NULL,NULL,NULL),
	(37,18,12,NULL,NULL,NULL),
	(38,18,2,NULL,NULL,NULL),
	(39,19,15,NULL,NULL,NULL),
	(40,19,16,NULL,NULL,NULL),
	(41,19,13,NULL,NULL,NULL),
	(42,20,10,NULL,NULL,NULL),
	(43,20,13,NULL,NULL,NULL),
	(44,20,6,NULL,NULL,NULL);
ALTER TABLE `page_likes` ENABLE KEYS;
UNLOCK TABLES;


LOCK TABLES `page_user` WRITE;
ALTER TABLE `page_user` DISABLE KEYS;
INSERT INTO `page_user` (`id`, `page_id`, `user_id`, `role_id`, `active`, `created_at`, `updated_at`, `deleted_at`) VALUES 
	(1,1,19,1,1,NULL,NULL,NULL),
	(2,1,12,2,1,NULL,NULL,NULL),
	(3,2,9,2,1,NULL,NULL,NULL),
	(4,2,2,2,1,NULL,NULL,NULL),
	(5,2,16,2,1,NULL,NULL,NULL),
	(6,3,10,1,1,NULL,NULL,NULL),
	(7,3,15,1,1,NULL,NULL,NULL),
	(8,3,19,2,1,NULL,NULL,NULL),
	(9,4,18,2,1,NULL,NULL,NULL),
	(10,4,5,3,1,NULL,NULL,NULL),
	(11,5,11,2,1,NULL,NULL,NULL),
	(12,6,17,3,1,NULL,NULL,NULL),
	(13,6,11,2,1,NULL,NULL,NULL),
	(14,7,7,1,1,NULL,NULL,NULL),
	(15,8,11,1,1,NULL,NULL,NULL),
	(16,9,17,2,1,NULL,NULL,NULL),
	(17,9,6,2,1,NULL,NULL,NULL),
	(18,9,8,3,1,NULL,NULL,NULL),
	(19,10,20,3,1,NULL,NULL,NULL),
	(20,10,6,3,1,NULL,NULL,NULL),
	(21,11,14,2,1,NULL,NULL,NULL),
	(22,11,8,3,1,NULL,NULL,NULL),
	(23,11,11,2,1,NULL,NULL,NULL),
	(24,12,1,1,1,NULL,NULL,NULL),
	(25,12,4,1,1,NULL,NULL,NULL),
	(26,13,3,1,1,NULL,NULL,NULL),
	(27,13,4,3,1,NULL,NULL,NULL),
	(28,13,15,2,1,NULL,NULL,NULL),
	(29,14,20,2,1,NULL,NULL,NULL),
	(30,14,17,2,1,NULL,NULL,NULL),
	(31,15,17,3,1,NULL,NULL,NULL),
	(32,16,12,2,1,NULL,NULL,NULL),
	(33,17,18,2,1,NULL,NULL,NULL),
	(34,17,1,1,1,NULL,NULL,NULL),
	(35,17,6,3,1,NULL,NULL,NULL),
	(36,18,14,3,1,NULL,NULL,NULL),
	(37,18,7,1,1,NULL,NULL,NULL),
	(38,19,12,1,1,NULL,NULL,NULL),
	(39,20,5,3,1,NULL,NULL,NULL),
	(40,20,14,1,1,NULL,NULL,NULL),
	(41,20,10,3,1,NULL,NULL,NULL);
ALTER TABLE `page_user` ENABLE KEYS;
UNLOCK TABLES;


LOCK TABLES `participants` WRITE;
ALTER TABLE `participants` DISABLE KEYS;
ALTER TABLE `participants` ENABLE KEYS;
UNLOCK TABLES;


LOCK TABLES `password_resets` WRITE;
ALTER TABLE `password_resets` DISABLE KEYS;
ALTER TABLE `password_resets` ENABLE KEYS;
UNLOCK TABLES;


LOCK TABLES `permissions` WRITE;
ALTER TABLE `permissions` DISABLE KEYS;
ALTER TABLE `permissions` ENABLE KEYS;
UNLOCK TABLES;


LOCK TABLES `roles` WRITE;
ALTER TABLE `roles` DISABLE KEYS;
INSERT INTO `roles` (`id`, `name`, `display_name`, `description`, `created_at`, `updated_at`, `deleted_at`) VALUES 
	(1,'admin','Admin','Access to everything','2017-11-09 13:54:57','2017-11-09 13:54:57',NULL),
	(2,'user','User','Access limited to user','2017-11-09 13:54:57','2017-11-09 13:54:57',NULL),
	(3,'moderator','Moderator','Access limited to moderator','2017-11-09 13:54:57','2017-11-09 13:54:57',NULL),
	(4,'editor','Editor','Access limited to editor','2017-11-09 13:54:57','2017-11-09 13:54:57',NULL);
ALTER TABLE `roles` ENABLE KEYS;
UNLOCK TABLES;


LOCK TABLES `permission_role` WRITE;
ALTER TABLE `permission_role` DISABLE KEYS;
ALTER TABLE `permission_role` ENABLE KEYS;
UNLOCK TABLES;


LOCK TABLES `posts` WRITE;
ALTER TABLE `posts` DISABLE KEYS;
INSERT INTO `posts` (`id`, `description`, `timeline_id`, `user_id`, `active`, `soundcloud_title`, `soundcloud_id`, `youtube_title`, `youtube_video_id`, `location`, `type`, `created_at`, `updated_at`, `deleted_at`, `shared_post_id`) VALUES 
	(1,'Maxime ut ducimus et odit cumque voluptas non. Non beatae aut repellat et neque consequatur. Odio consequatur est nihil sint.',50,37,1,NULL,NULL,NULL,NULL,'Angola','text','2017-11-09 13:55:00','2017-11-09 13:55:00',NULL,NULL),
	(2,'Consequuntur eveniet quos quo et magni. Dolor sunt repellendus non minima ut.',48,14,1,NULL,NULL,NULL,NULL,'Bahamas','location','2017-11-09 13:55:00','2017-11-09 13:55:00',NULL,NULL),
	(3,'Rerum asperiores quasi repellat inventore rerum quod. Sapiente enim odit veritatis quia omnis.\nFugiat impedit dicta molestiae autem nihil. Aspernatur beatae minima sunt sed tenetur.',2,27,1,NULL,NULL,NULL,NULL,'Poland','location','2017-11-09 13:55:00','2017-11-09 13:55:00',NULL,NULL),
	(4,'Assumenda voluptas quod sapiente omnis qui. Et repudiandae non error numquam facere in minus. Ut eius voluptatem mollitia impedit dignissimos est. Maiores beatae rerum magni quae ut.',77,4,1,NULL,NULL,NULL,NULL,'Germany','music','2017-11-09 13:55:00','2017-11-09 13:55:00',NULL,NULL),
	(5,'Voluptatem sit quae et velit. Ea id ducimus perspiciatis voluptatem ratione voluptatem. Quia consequuntur maxime atque aut.',61,31,1,NULL,NULL,NULL,NULL,'French Guiana','music','2017-11-09 13:55:00','2017-11-09 13:55:00',NULL,NULL),
	(6,'Voluptas ab saepe molestiae non totam ut unde iste. Dicta porro maiores voluptatibus dolorem vel enim quos totam. Veritatis sapiente itaque ut provident sint ut.',90,26,1,NULL,NULL,NULL,NULL,'Suriname','text','2017-11-09 13:55:00','2017-11-09 13:55:00',NULL,NULL),
	(7,'Nisi sunt non et consequuntur ut omnis assumenda omnis. Eius aspernatur non excepturi vel sit vel fuga voluptas. Quaerat quae amet quisquam qui eos velit eius. Ipsam corrupti id sint saepe sunt qui.',55,7,1,NULL,NULL,NULL,NULL,'Namibia','text','2017-11-09 13:55:00','2017-11-09 13:55:00',NULL,NULL),
	(8,'Veritatis eum modi qui tempora. Vel id mollitia et est ex sapiente. Doloremque et eos rem ut odio.',21,33,1,NULL,NULL,NULL,NULL,'Uruguay','location','2017-11-09 13:55:00','2017-11-09 13:55:00',NULL,NULL),
	(9,'Doloribus qui dolores similique quaerat necessitatibus est autem. Rerum a praesentium corporis eum repellat corrupti consequuntur esse. Tempore sed neque harum ea amet.',25,32,1,NULL,NULL,NULL,NULL,'Belize','location','2017-11-09 13:55:00','2017-11-09 13:55:00',NULL,NULL),
	(10,'Dolore et consectetur occaecati sint occaecati quis consequuntur. Quibusdam quos dolorum maiores reiciendis ullam. Et inventore in et. Deserunt et sint dolor dolor architecto.',42,11,1,NULL,NULL,NULL,NULL,'Benin','video','2017-11-09 13:55:00','2017-11-09 13:55:00',NULL,NULL),
	(11,'Nobis eius exercitationem excepturi repellendus optio. Ut aliquid est quaerat est ipsam sit eaque. Expedita non ut sequi iure voluptas dignissimos.',37,14,1,NULL,NULL,NULL,NULL,'Belgium','location','2017-11-09 13:55:00','2017-11-09 13:55:00',NULL,NULL),
	(12,'Et et quo et quia ex fugit inventore. Placeat rem quod nihil ut.',46,25,1,NULL,NULL,NULL,NULL,'Burundi','video','2017-11-09 13:55:00','2017-11-09 13:55:00',NULL,NULL),
	(13,'Molestiae qui omnis et. Earum praesentium rem suscipit repudiandae quos sed et. Eos id culpa labore aut esse ut.',11,10,1,NULL,NULL,NULL,NULL,'Fiji','text','2017-11-09 13:55:00','2017-11-09 13:55:00',NULL,NULL),
	(14,'Saepe consequatur enim deserunt est sint et nemo. Perferendis tempore eum cupiditate. Labore optio aut vitae in quibusdam. Excepturi sed voluptates quae id molestias dignissimos reiciendis.',84,4,1,NULL,NULL,NULL,NULL,'Australia','music','2017-11-09 13:55:00','2017-11-09 13:55:00',NULL,NULL),
	(15,'Modi quia sit assumenda ipsam facilis quia est sed. Repellat illo modi aut repudiandae quas. Exercitationem voluptatem iure odio quis.',53,7,1,NULL,NULL,NULL,NULL,'Lesotho','video','2017-11-09 13:55:00','2017-11-09 13:55:00',NULL,NULL),
	(16,'Sit neque beatae ad sunt nemo iure. Est nihil voluptatibus at facere doloremque sunt repudiandae. Et vel delectus illo quia. Saepe quidem rem totam laborum aut omnis architecto.',36,37,1,NULL,NULL,NULL,NULL,'Armenia','music','2017-11-09 13:55:00','2017-11-09 13:55:00',NULL,NULL),
	(17,'Qui placeat perferendis sunt explicabo impedit sequi velit. Minus illum repudiandae minus quis ab. Voluptatibus eum qui ut vel. Molestias voluptas sunt autem dolores expedita.',27,32,1,NULL,NULL,NULL,NULL,'Hungary','video','2017-11-09 13:55:00','2017-11-09 13:55:00',NULL,NULL),
	(18,'Dolor magni ut saepe. Ipsum rerum quae eveniet. Tempora dolorem est consequuntur vel.',48,7,1,NULL,NULL,NULL,NULL,'Greenland','location','2017-11-09 13:55:00','2017-11-09 13:55:00',NULL,NULL),
	(19,'Quia corrupti exercitationem quidem qui ratione. Eligendi ipsum soluta provident deleniti repellat id voluptas. Voluptatem qui aut repellat quos tenetur velit blanditiis.',50,13,1,NULL,NULL,NULL,NULL,'Palau','text','2017-11-09 13:55:00','2017-11-09 13:55:00',NULL,NULL),
	(20,'Eum ratione excepturi corrupti maxime consequatur quis. Quidem veritatis non autem odit. Veritatis natus et maxime reprehenderit voluptates. Aspernatur delectus error occaecati incidunt repellat ut.',52,1,1,NULL,NULL,NULL,NULL,'Aruba','location','2017-11-09 13:55:00','2017-11-09 13:55:00',NULL,NULL),
	(21,'Architecto est recusandae et. Qui eveniet quia sed nam non. Perferendis et sapiente eveniet et. Modi repellat repellendus labore ipsam et enim totam.',26,7,1,NULL,NULL,NULL,NULL,'Guernsey','text','2017-11-09 13:55:00','2017-11-09 13:55:00',NULL,NULL),
	(22,'Occaecati dolorum id provident eius. Consectetur distinctio sed ea et alias impedit. Tempore quibusdam dolores iste veniam voluptate.',78,11,1,NULL,NULL,NULL,NULL,'Germany','music','2017-11-09 13:55:00','2017-11-09 13:55:00',NULL,NULL),
	(23,'Ex nihil omnis ratione vero. Eaque eos quos nam sit rem in maxime. Vel sed et non non.',6,1,1,NULL,NULL,NULL,NULL,'Faroe Islands','text','2017-11-09 13:55:00','2017-11-09 13:55:00',NULL,NULL),
	(24,'Repellat consequatur odit a dolore est possimus. Sed et reiciendis aut est est ipsum ipsam voluptatibus. Repellendus ut nostrum rerum et inventore. Quo voluptas rerum ipsa nulla aut.',37,38,1,NULL,NULL,NULL,NULL,'New Caledonia','location','2017-11-09 13:55:00','2017-11-09 13:55:00',NULL,NULL),
	(25,'Aut iste velit pariatur et ut dolorem dignissimos. Voluptate dignissimos labore qui alias sapiente ut reiciendis. Ab et vel amet omnis.\nQui accusantium aperiam est. Qui earum iste rerum est.',54,11,1,NULL,NULL,NULL,NULL,'Monaco','location','2017-11-09 13:55:00','2017-11-09 13:55:00',NULL,NULL),
	(26,'Sint necessitatibus quidem dolores sint. Neque odit sunt magni voluptatem voluptatem quia ut. Architecto itaque molestiae saepe officiis id. Neque saepe at aut in eos sit.',16,19,1,NULL,NULL,NULL,NULL,'Barbados','location','2017-11-09 13:55:00','2017-11-09 13:55:00',NULL,NULL),
	(27,'Sint qui qui amet consequatur. Non error enim magnam dolorem. Qui rerum sunt debitis eum. Voluptatem eos nesciunt natus est sed.',65,33,1,NULL,NULL,NULL,NULL,'Nepal','video','2017-11-09 13:55:00','2017-11-09 13:55:00',NULL,NULL),
	(28,'Consequatur ducimus magnam deserunt animi possimus quo qui qui. Rerum voluptatem praesentium aperiam et quo dolore eos libero. Cupiditate maiores maiores dicta sed vel dolores.',28,18,1,NULL,NULL,NULL,NULL,'Swaziland','text','2017-11-09 13:55:00','2017-11-09 13:55:00',NULL,NULL),
	(29,'Dolor commodi ut minus recusandae nulla excepturi. In quisquam autem ut. Nulla suscipit rem quidem odio ab adipisci ipsam. Voluptas cupiditate eius eveniet aperiam aut et et.',38,15,1,NULL,NULL,NULL,NULL,'Comoros','text','2017-11-09 13:55:00','2017-11-09 13:55:00',NULL,NULL),
	(30,'Ex id dolor fugit voluptatem earum est aliquid. Ut cum quo enim iste provident molestiae. Recusandae saepe inventore et qui. Incidunt voluptates veritatis et quaerat labore.',58,21,1,NULL,NULL,NULL,NULL,'Saint Helena','location','2017-11-09 13:55:00','2017-11-09 13:55:00',NULL,NULL),
	(31,'Debitis alias sed expedita nobis. Quas ullam et incidunt adipisci ea nostrum ut. Et occaecati laboriosam inventore voluptatem quam ipsa. Laboriosam molestias officia ab omnis enim.',50,19,1,NULL,NULL,NULL,NULL,'Lithuania','music','2017-11-09 13:55:00','2017-11-09 13:55:00',NULL,NULL),
	(32,'Perferendis fuga quo consequatur distinctio et voluptates illum consequuntur. Aut quae id in. Quam dignissimos est quos.',86,34,1,NULL,NULL,NULL,NULL,'Solomon Islands','photo','2017-11-09 13:55:00','2017-11-09 13:55:00',NULL,NULL),
	(33,'Placeat voluptas et eos delectus. Ab ut veniam sed error dolorem doloremque ea minima. Possimus commodi vitae voluptas.',3,7,1,NULL,NULL,NULL,NULL,'Algeria','music','2017-11-09 13:55:00','2017-11-09 13:55:00',NULL,NULL),
	(34,'Suscipit occaecati maxime nulla ad nihil id numquam. Optio est ullam exercitationem ex dolore tempore. Deserunt perspiciatis voluptatum recusandae aut cupiditate quia facere.',64,9,1,NULL,NULL,NULL,NULL,'Greece','photo','2017-11-09 13:55:00','2017-11-09 13:55:00',NULL,NULL),
	(35,'Possimus quo et rem beatae enim. Sed enim sit blanditiis ab id optio ab. Et sunt nobis veniam qui natus quia. Quis in ullam beatae.',72,10,1,NULL,NULL,NULL,NULL,'El Salvador','photo','2017-11-09 13:55:00','2017-11-09 13:55:00',NULL,NULL),
	(36,'Neque inventore incidunt et magni quam. Optio provident nihil est ut. Sint molestiae porro enim.',67,8,1,NULL,NULL,NULL,NULL,'Isle of Man','photo','2017-11-09 13:55:00','2017-11-09 13:55:00',NULL,NULL),
	(37,'Enim rerum ullam dolore accusantium sequi nihil beatae sunt. Qui laboriosam labore omnis et impedit odio nesciunt. Amet repudiandae ut occaecati dicta. Distinctio est est asperiores et.',36,37,1,NULL,NULL,NULL,NULL,'Poland','music','2017-11-09 13:55:01','2017-11-09 13:55:01',NULL,NULL),
	(38,'Est autem cupiditate nisi dolorem dolorem voluptas nulla provident. Hic qui fugiat soluta dolorem. Quia aperiam odio in est maxime id assumenda qui. Dicta consectetur soluta labore est animi.',89,2,1,NULL,NULL,NULL,NULL,'Sierra Leone','text','2017-11-09 13:55:01','2017-11-09 13:55:01',NULL,NULL),
	(39,'Illo ad ducimus non qui est. Consequatur corrupti quia impedit error officiis rerum. Eveniet est ipsum quibusdam voluptatum quibusdam et. Corporis sed officia repellendus animi.',19,33,1,NULL,NULL,NULL,NULL,'Trinidad and Tobago','location','2017-11-09 13:55:01','2017-11-09 13:55:01',NULL,NULL),
	(40,'Voluptatem qui aut dolor molestiae rem. Explicabo non dolore eveniet tempora rerum. Amet explicabo aut id facilis vel. Inventore aut amet voluptas sit.',78,34,1,NULL,NULL,NULL,NULL,'Japan','text','2017-11-09 13:55:01','2017-11-09 13:55:01',NULL,NULL),
	(41,'Quod illum repellat ullam numquam. Excepturi est expedita dignissimos dignissimos suscipit placeat aut ipsa.\nAliquid quasi quas natus molestias. Aperiam voluptates minima consequatur ratione saepe.',49,1,1,NULL,NULL,NULL,NULL,'Micronesia','video','2017-11-09 13:55:01','2017-11-09 13:55:01',NULL,NULL),
	(42,'Quo voluptates est nulla est aut culpa sunt. Enim est dolor a a dolorem eveniet quis. Quae aut exercitationem porro id provident corporis. Necessitatibus unde et nam repellendus corporis laborum.',59,15,1,NULL,NULL,NULL,NULL,'Palau','video','2017-11-09 13:55:01','2017-11-09 13:55:01',NULL,NULL),
	(43,'Neque deserunt atque ut eos temporibus illum. Magnam sequi qui atque velit non quia qui. Eum laudantium eum libero id. Debitis est sit odio ab eum.',30,21,1,NULL,NULL,NULL,NULL,'Brazil','location','2017-11-09 13:55:01','2017-11-09 13:55:01',NULL,NULL),
	(44,'Minus eveniet illum et dicta non soluta. Animi sint et esse qui sed fuga culpa odit. Quia harum officia soluta quos laboriosam aspernatur odio.',10,6,1,NULL,NULL,NULL,NULL,'Bhutan','video','2017-11-09 13:55:01','2017-11-09 13:55:01',NULL,NULL),
	(45,'Impedit laboriosam suscipit perspiciatis similique minus quia et qui. Repudiandae deleniti quidem ex est distinctio consequatur molestias repellendus. Impedit quisquam consequuntur odio.',4,18,1,NULL,NULL,NULL,NULL,'Japan','location','2017-11-09 13:55:01','2017-11-09 13:55:01',NULL,NULL),
	(46,'Aperiam numquam vero reprehenderit ab et ipsum at. Eveniet minima assumenda assumenda velit fuga sed. Vero minima et sit dolor. Qui nostrum aut iure illum perspiciatis commodi commodi.',69,13,1,NULL,NULL,NULL,NULL,'Malawi','video','2017-11-09 13:55:01','2017-11-09 13:55:01',NULL,NULL),
	(47,'Nobis voluptatem est omnis hic voluptatem. Aut ipsum facilis autem adipisci voluptate voluptatem dolorem.',64,13,1,NULL,NULL,NULL,NULL,'Heard Island and McDonald Islands','text','2017-11-09 13:55:01','2017-11-09 13:55:01',NULL,NULL),
	(48,'Ipsam eum dignissimos at ut in velit. Ratione ducimus aut reiciendis sint quod exercitationem.',34,4,1,NULL,NULL,NULL,NULL,'Syrian Arab Republic','music','2017-11-09 13:55:01','2017-11-09 13:55:01',NULL,NULL),
	(49,'Et praesentium sunt voluptatem rerum odio id unde. Sed nulla repudiandae dignissimos sit ut et aut dolorum. Architecto enim cum in optio deleniti. Optio nemo consectetur adipisci at.',2,28,1,NULL,NULL,NULL,NULL,'Malaysia','photo','2017-11-09 13:55:01','2017-11-09 13:55:01',NULL,NULL),
	(50,'Magnam laudantium minus doloribus ea hic sit nostrum aut. Vel hic voluptatem est accusantium suscipit laudantium nobis facilis. Tenetur odit natus cum ut.',64,18,1,NULL,NULL,NULL,NULL,'Burundi','text','2017-11-09 13:55:01','2017-11-09 13:55:01',NULL,NULL),
	(51,'Expedita mollitia nostrum beatae quibusdam. Qui sunt aut voluptas. Alias perspiciatis quibusdam fugiat inventore non quod ipsa.',32,12,1,NULL,NULL,NULL,NULL,'Peru','music','2017-11-09 13:55:01','2017-11-09 13:55:01',NULL,NULL),
	(52,'Atque animi commodi maiores debitis hic et. Aut eaque reprehenderit perferendis. Consequuntur sed dolore dolores saepe consequatur omnis.',50,9,1,NULL,NULL,NULL,NULL,'Cambodia','text','2017-11-09 13:55:01','2017-11-09 13:55:01',NULL,NULL),
	(53,'Laborum dicta ratione maxime tenetur incidunt. Et dolorem suscipit commodi nisi. Ut id quia laborum inventore facere ut.',31,21,1,NULL,NULL,NULL,NULL,'Azerbaijan','music','2017-11-09 13:55:01','2017-11-09 13:55:01',NULL,NULL),
	(54,'Aut tempore illum neque nisi nobis. Ducimus reiciendis aliquam eos dolorem quidem sed. Quod eius cum perspiciatis labore. Inventore voluptatem repellendus ab sit doloribus.',71,36,1,NULL,NULL,NULL,NULL,'Macedonia','music','2017-11-09 13:55:01','2017-11-09 13:55:01',NULL,NULL),
	(55,'Vel aliquam ea eaque vitae. Asperiores neque officia et iure molestiae. Nostrum eaque quod earum dolorem.',88,9,1,NULL,NULL,NULL,NULL,'Northern Mariana Islands','text','2017-11-09 13:55:01','2017-11-09 13:55:01',NULL,NULL),
	(56,'Sit harum vel et laudantium omnis eaque assumenda. Nihil quaerat voluptas ipsa qui enim et. Ut voluptates commodi ducimus in aut quibusdam esse vero. Natus aliquam ut aperiam.',3,35,1,NULL,NULL,NULL,NULL,'Nigeria','music','2017-11-09 13:55:01','2017-11-09 13:55:01',NULL,NULL),
	(57,'Corporis aut ullam excepturi quos aut iste. Aut quis eum in ipsum praesentium. Nam atque qui ipsam recusandae sit harum qui. Necessitatibus ad doloribus consequatur iste libero officia.',30,23,1,NULL,NULL,NULL,NULL,'Mali','music','2017-11-09 13:55:01','2017-11-09 13:55:01',NULL,NULL),
	(58,'Eos eos quidem aut aut veritatis laudantium. Aliquid rerum consequuntur odio est rerum quam labore nam.',25,37,1,NULL,NULL,NULL,NULL,'Guadeloupe','video','2017-11-09 13:55:01','2017-11-09 13:55:01',NULL,NULL),
	(59,'Corporis quisquam quibusdam dolor praesentium. Ad qui dolorem corporis sed sint laboriosam ab. Cumque eveniet provident rem nihil veniam voluptatem.',55,14,1,NULL,NULL,NULL,NULL,'Oman','photo','2017-11-09 13:55:01','2017-11-09 13:55:01',NULL,NULL),
	(60,'Temporibus qui quia ducimus enim odit. Omnis nisi repellat distinctio iste quia nihil voluptas. Fuga dolorum ducimus sequi quo voluptas voluptates.',10,27,1,NULL,NULL,NULL,NULL,'Costa Rica','music','2017-11-09 13:55:01','2017-11-09 13:55:01',NULL,NULL),
	(61,'Iure est est ab aperiam. Reiciendis dolore quia ex consectetur. Ex deleniti commodi laboriosam consequatur autem adipisci.',74,24,1,NULL,NULL,NULL,NULL,'Grenada','music','2017-11-09 13:55:01','2017-11-09 13:55:01',NULL,NULL),
	(62,'Dolore in aut ea earum maxime. Exercitationem sapiente tempore voluptatem soluta aut porro. In ut voluptatem ut laboriosam ut aliquid.',17,25,1,NULL,NULL,NULL,NULL,'Costa Rica','photo','2017-11-09 13:55:01','2017-11-09 13:55:01',NULL,NULL),
	(63,'Culpa aut est cupiditate illo laborum dignissimos. Quo impedit quisquam occaecati ut aut. Quod hic hic non et dignissimos doloremque nisi.\nOptio ut ut velit velit. Atque modi amet labore distinctio.',13,19,1,NULL,NULL,NULL,NULL,'Saint Barthelemy','text','2017-11-09 13:55:01','2017-11-09 13:55:01',NULL,NULL),
	(64,'Id itaque accusantium eaque aliquam occaecati aspernatur. Qui enim nulla et rerum aperiam voluptatum ut. Mollitia sed quo in voluptatem.',51,35,1,NULL,NULL,NULL,NULL,'Cote d\'Ivoire','photo','2017-11-09 13:55:01','2017-11-09 13:55:01',NULL,NULL),
	(65,'Nam excepturi sed mollitia adipisci non sit. Tenetur dolorem eveniet et illum dignissimos. Aut ipsa in ut assumenda dolores qui. Est impedit debitis itaque et reprehenderit id labore.',15,31,1,NULL,NULL,NULL,NULL,'Mexico','text','2017-11-09 13:55:01','2017-11-09 13:55:01',NULL,NULL),
	(66,'Nobis distinctio nemo exercitationem amet velit animi facere perferendis. Sint sint minus laborum neque. Ad mollitia soluta modi corrupti deleniti earum sed.',49,16,1,NULL,NULL,NULL,NULL,'Taiwan','location','2017-11-09 13:55:01','2017-11-09 13:55:01',NULL,NULL),
	(67,'Repudiandae quo ullam cupiditate quo cum laboriosam est. Nam repellendus voluptatem expedita eaque rerum. Itaque libero sit eos id aut corrupti optio.',60,26,1,NULL,NULL,NULL,NULL,'Solomon Islands','music','2017-11-09 13:55:01','2017-11-09 13:55:01',NULL,NULL),
	(68,'Dicta assumenda ea non velit harum ut laboriosam nihil. Perferendis et ab repellat autem suscipit. Quia voluptate quia iure accusantium et omnis tenetur cum.',72,8,1,NULL,NULL,NULL,NULL,'Ireland','music','2017-11-09 13:55:01','2017-11-09 13:55:01',NULL,NULL),
	(69,'Non corrupti numquam consequatur vero. Sunt voluptatem repellat quidem ratione excepturi pariatur. Quaerat distinctio ut maxime illum et quos assumenda maxime.',70,22,1,NULL,NULL,NULL,NULL,'Western Sahara','location','2017-11-09 13:55:01','2017-11-09 13:55:01',NULL,NULL),
	(70,'Ea et quisquam et distinctio laudantium. Sapiente et voluptas eaque ipsam veritatis aut. Molestiae et quia natus ut earum. Omnis qui ut illo dignissimos nulla voluptate officiis nihil.',64,35,1,NULL,NULL,NULL,NULL,'Guyana','music','2017-11-09 13:55:01','2017-11-09 13:55:01',NULL,NULL),
	(71,'Ullam enim inventore a molestias et animi architecto quo. Non similique exercitationem possimus sit fugit ipsam.',6,8,1,NULL,NULL,NULL,NULL,'Guam','location','2017-11-09 13:55:01','2017-11-09 13:55:01',NULL,NULL),
	(72,'Error molestias veritatis quos unde distinctio ex ullam est. Nihil voluptates id in consequatur aut. Et est omnis est.',15,29,1,NULL,NULL,NULL,NULL,'Liechtenstein','location','2017-11-09 13:55:01','2017-11-09 13:55:01',NULL,NULL),
	(73,'Placeat voluptatum architecto illum tenetur in praesentium. Impedit aspernatur quam vel veritatis est reprehenderit voluptatibus ea. Est quam maiores ut quas.',41,21,1,NULL,NULL,NULL,NULL,'China','photo','2017-11-09 13:55:01','2017-11-09 13:55:01',NULL,NULL),
	(74,'Omnis deleniti veniam tempora ratione aut veritatis. Quos qui sint deserunt perspiciatis. Similique quibusdam aut ipsa voluptas ea. Non sit alias reprehenderit voluptates.',21,30,1,NULL,NULL,NULL,NULL,'Namibia','video','2017-11-09 13:55:01','2017-11-09 13:55:01',NULL,NULL),
	(75,'Debitis inventore iure iusto aut et. Temporibus qui qui omnis omnis quam minima itaque. Ut voluptates voluptate ipsam voluptatum omnis. Est ut totam et illo hic tempora et.',54,11,1,NULL,NULL,NULL,NULL,'Western Sahara','photo','2017-11-09 13:55:01','2017-11-09 13:55:01',NULL,NULL),
	(76,'Quod debitis ipsa est velit est rerum rerum. Sint magnam occaecati explicabo dolor eos non et. Quis animi et culpa consectetur soluta expedita molestias voluptatum.',85,34,1,NULL,NULL,NULL,NULL,'Tunisia','music','2017-11-09 13:55:01','2017-11-09 13:55:01',NULL,NULL),
	(77,'Vel nihil aliquid illo. Ipsum et ut aut numquam libero vel aut. Omnis consectetur assumenda nihil nihil eos sed natus. Reprehenderit aspernatur soluta et delectus sit.',47,20,1,NULL,NULL,NULL,NULL,'Andorra','location','2017-11-09 13:55:01','2017-11-09 13:55:01',NULL,NULL),
	(78,'Provident aut qui ut temporibus. Ducimus impedit aut provident minima. Deserunt voluptatem fugit quidem quaerat hic sint.',57,25,1,NULL,NULL,NULL,NULL,'Malawi','video','2017-11-09 13:55:01','2017-11-09 13:55:01',NULL,NULL),
	(79,'Laborum ratione consequatur consectetur maiores velit aut laboriosam vero. Distinctio aut velit eaque odio aliquam cupiditate. Maxime eveniet corrupti neque iste ut laboriosam.',69,13,1,NULL,NULL,NULL,NULL,'Dominican Republic','video','2017-11-09 13:55:01','2017-11-09 13:55:01',NULL,NULL),
	(80,'Velit eos consequatur et sed ut delectus. Quis cupiditate ducimus optio pariatur molestiae magni quisquam. Laudantium sit at deleniti aut sequi ab.',88,36,1,NULL,NULL,NULL,NULL,'Hungary','photo','2017-11-09 13:55:01','2017-11-09 13:55:01',NULL,NULL),
	(81,'Sunt et ipsam voluptates quos vel. Culpa accusantium dolore error pariatur. Iusto facilis temporibus maiores ut.',42,29,1,NULL,NULL,NULL,NULL,'Bangladesh','video','2017-11-09 13:55:01','2017-11-09 13:55:01',NULL,NULL),
	(82,'Voluptatem ipsa vero omnis. Harum autem qui qui corporis asperiores ipsam. Ut minima facilis illo est voluptates. Possimus eos et omnis ducimus. Modi explicabo nihil inventore quo.',76,23,1,NULL,NULL,NULL,NULL,'Spain','music','2017-11-09 13:55:01','2017-11-09 13:55:01',NULL,NULL),
	(83,'Tempore est eius eum hic itaque. Veritatis voluptas qui labore ea nihil qui et. Adipisci error iusto et et nisi aspernatur consequuntur eum. Sed quod ut aliquam quas.',67,1,1,NULL,NULL,NULL,NULL,'Dominican Republic','text','2017-11-09 13:55:01','2017-11-09 13:55:01',NULL,NULL),
	(84,'Id consequuntur illum ab unde. Sunt quos dolores ut. Ipsum a voluptatum ea culpa odio. Aut dolores sit eaque cupiditate. Laudantium ut atque quod error quis sit consequatur.',62,33,1,NULL,NULL,NULL,NULL,'Gabon','video','2017-11-09 13:55:01','2017-11-09 13:55:01',NULL,NULL),
	(85,'Facilis dolores dolores quo dignissimos et excepturi blanditiis. Qui ut sapiente beatae facere. Tenetur sint fugiat veniam vel dolores mollitia. Dicta vel ipsam id est ipsam ad.',58,32,1,NULL,NULL,NULL,NULL,'Belize','video','2017-11-09 13:55:01','2017-11-09 13:55:01',NULL,NULL),
	(86,'Reiciendis porro reprehenderit non repudiandae et. Ad autem et culpa nemo. Voluptatem in ea qui.',34,38,1,NULL,NULL,NULL,NULL,'Croatia','music','2017-11-09 13:55:01','2017-11-09 13:55:01',NULL,NULL),
	(87,'Dicta doloribus illum sit. Doloribus consequatur eum et repellendus voluptatem rerum eaque. Dolores ut cumque qui quo iste sit doloribus illo.',18,33,1,NULL,NULL,NULL,NULL,'Mozambique','text','2017-11-09 13:55:01','2017-11-09 13:55:01',NULL,NULL),
	(88,'Sed porro impedit non. Minus sapiente minima magnam eveniet sunt neque. Qui exercitationem nulla quas aut. Voluptas temporibus asperiores vel optio harum eum fuga delectus.',78,18,1,NULL,NULL,NULL,NULL,'Georgia','text','2017-11-09 13:55:01','2017-11-09 13:55:01',NULL,NULL),
	(89,'Tenetur neque eos aliquid dolorem aut est. Et quia illo et et sed eius totam.\nDoloribus illo minus nobis aut et vitae earum. Maxime assumenda repellat molestiae optio laborum neque modi.',82,14,1,NULL,NULL,NULL,NULL,'Macao','location','2017-11-09 13:55:01','2017-11-09 13:55:01',NULL,NULL),
	(90,'Cumque est at dignissimos est eos. Deserunt enim repellat necessitatibus autem cumque vel. Dolor ad autem quod corrupti quos omnis.',1,31,1,NULL,NULL,NULL,NULL,'United Arab Emirates','location','2017-11-09 13:55:01','2017-11-09 13:55:01',NULL,NULL),
	(91,'Nostrum dolor est est quam. Autem ad aut quia voluptas inventore consequatur. Accusantium enim consequatur voluptate quae iure.',71,4,1,NULL,NULL,NULL,NULL,'Palestinian Territory','location','2017-11-09 13:55:01','2017-11-09 13:55:01',NULL,NULL),
	(92,'Commodi aut in animi dolorum quos. Fugit dolor et maxime omnis nulla eos. Dignissimos nostrum ut reprehenderit accusamus non laudantium provident sed.',70,3,1,NULL,NULL,NULL,NULL,'Dominica','location','2017-11-09 13:55:01','2017-11-09 13:55:01',NULL,NULL),
	(93,'Debitis molestias odio cumque ut mollitia saepe quis in. Et dolorem reprehenderit vitae ut voluptatibus.',67,24,1,NULL,NULL,NULL,NULL,'Solomon Islands','photo','2017-11-09 13:55:01','2017-11-09 13:55:01',NULL,NULL),
	(94,'Sint molestiae ut rerum magni qui qui eum ad. Autem nemo commodi placeat quis accusantium qui sunt reiciendis. Maiores repellat labore rem quis quae et.',80,17,1,NULL,NULL,NULL,NULL,'Netherlands','text','2017-11-09 13:55:01','2017-11-09 13:55:01',NULL,NULL),
	(95,'Sit unde aut voluptatibus aspernatur suscipit. Vero fugit voluptatum eos doloremque aliquid officiis exercitationem. Eius est sit voluptatem ea quidem laborum.',15,18,1,NULL,NULL,NULL,NULL,'Poland','location','2017-11-09 13:55:01','2017-11-09 13:55:01',NULL,NULL),
	(96,'Ipsa molestiae qui veritatis et sequi. Hic autem porro voluptatibus commodi perferendis eaque ut quaerat. Fuga itaque tenetur sapiente qui.',25,21,1,NULL,NULL,NULL,NULL,'Gibraltar','photo','2017-11-09 13:55:01','2017-11-09 13:55:01',NULL,NULL),
	(97,'Ut mollitia quo iste qui. Quidem quidem harum ut vel. Dolor nihil non vel. Minima recusandae quae qui necessitatibus non ut. Quis asperiores dolorum optio totam velit ut debitis.',78,27,1,NULL,NULL,NULL,NULL,'Ecuador','video','2017-11-09 13:55:01','2017-11-09 13:55:01',NULL,NULL),
	(98,'Itaque commodi atque et aut repellat eligendi. Tenetur facilis reiciendis ipsa esse sed ut sint sint. Fuga id hic illo qui repellendus et similique fugit.',88,25,1,NULL,NULL,NULL,NULL,'Equatorial Guinea','location','2017-11-09 13:55:01','2017-11-09 13:55:01',NULL,NULL),
	(99,'Ipsam necessitatibus maiores molestiae vel inventore. Adipisci et facere non dolores nam assumenda. Quibusdam voluptatem est et cupiditate. Eaque exercitationem quia aut qui.',75,23,1,NULL,NULL,NULL,NULL,'Eritrea','location','2017-11-09 13:55:01','2017-11-09 13:55:01',NULL,NULL),
	(100,'Iure accusantium dolorem illo sint in et incidunt. Quia rerum quo dolore minima eos et. Dicta quo quam aut voluptatum. Totam et quaerat libero.',63,26,1,NULL,NULL,NULL,NULL,'Sri Lanka','photo','2017-11-09 13:55:01','2017-11-09 13:55:01',NULL,NULL),
	(101,'Voluptate ipsam corporis rerum et. Corrupti eveniet incidunt ab et omnis qui dolores. Et vel eius numquam quo omnis voluptate. Recusandae placeat ea veritatis dolorem molestias a ut.',32,13,1,NULL,NULL,NULL,NULL,'Turkmenistan','music','2017-11-09 13:55:01','2017-11-09 13:55:01',NULL,NULL),
	(102,'Voluptate repellendus sit et magni quas cum minima. Itaque at totam inventore nam rerum quod omnis. Explicabo laudantium libero voluptate voluptate explicabo.',31,29,1,NULL,NULL,NULL,NULL,'New Caledonia','video','2017-11-09 13:55:01','2017-11-09 13:55:01',NULL,NULL),
	(103,'Quo aut aut facere quasi doloremque quia. Et incidunt magni ad enim quo. Vel odit illo voluptas sit et animi architecto. Et animi occaecati iusto et quod occaecati sapiente.',23,24,1,NULL,NULL,NULL,NULL,'Barbados','text','2017-11-09 13:55:01','2017-11-09 13:55:01',NULL,NULL),
	(104,'Earum dolorem est nam qui totam possimus. Id qui repudiandae quo recusandae. Est veniam eos et nihil nihil neque aut porro.',81,2,1,NULL,NULL,NULL,NULL,'Norfolk Island','music','2017-11-09 13:55:01','2017-11-09 13:55:01',NULL,NULL),
	(105,'Id numquam facilis est dolorum est. A sint unde voluptatibus quidem ut. Earum sit qui doloremque quos id. Aut quia quam corporis delectus illo molestiae harum quae.',55,25,1,NULL,NULL,NULL,NULL,'Dominica','video','2017-11-09 13:55:01','2017-11-09 13:55:01',NULL,NULL),
	(106,'Dignissimos voluptatem est pariatur dolorem. Rerum quis eos omnis tenetur. Quo cupiditate adipisci natus maiores. Vitae eveniet quasi temporibus autem sit consequatur.',6,9,1,NULL,NULL,NULL,NULL,'Albania','photo','2017-11-09 13:55:01','2017-11-09 13:55:01',NULL,NULL),
	(107,'Dolorum vero inventore minus beatae voluptatem veniam consequuntur. Suscipit nihil facilis deserunt. Illo rerum voluptatem sed vel. Sunt non ipsam assumenda.',59,24,1,NULL,NULL,NULL,NULL,'Slovenia','music','2017-11-09 13:55:01','2017-11-09 13:55:01',NULL,NULL),
	(108,'Aliquam iure ad quisquam qui. Et voluptatem similique quibusdam beatae. Explicabo rerum mollitia aliquid quisquam nostrum numquam saepe qui. Et nemo voluptatum soluta voluptatibus magnam.',29,17,1,NULL,NULL,NULL,NULL,'Guernsey','video','2017-11-09 13:55:01','2017-11-09 13:55:01',NULL,NULL),
	(109,'Rerum sit quo ducimus dolorem tenetur debitis at. Consequatur et quae voluptatibus. Eius eos accusantium voluptatem at illo eaque architecto velit. Praesentium nulla natus distinctio qui earum.',1,6,1,NULL,NULL,NULL,NULL,'Turkmenistan','text','2017-11-09 13:55:01','2017-11-09 13:55:01',NULL,NULL),
	(110,'Suscipit esse eaque sapiente omnis. Omnis veritatis sed laudantium et aperiam. Molestiae non laboriosam quia quibusdam enim rem. Atque impedit accusantium quasi et.',67,17,1,NULL,NULL,NULL,NULL,'Morocco','location','2017-11-09 13:55:01','2017-11-09 13:55:01',NULL,NULL),
	(111,'Pariatur nulla dicta cupiditate velit ut possimus facere a. Voluptate reiciendis qui omnis tempora dignissimos soluta. Eos quasi atque sed consequatur et illo dolor. Et dolores qui cum voluptatem.',80,10,1,NULL,NULL,NULL,NULL,'Cote d\'Ivoire','photo','2017-11-09 13:55:01','2017-11-09 13:55:01',NULL,NULL),
	(112,'Omnis occaecati ipsa tempore voluptatem recusandae tenetur. Labore consequatur ullam voluptas veritatis eligendi et at. Odit quos facere eaque quo. Molestias sed ea tempore sint et qui.',34,8,1,NULL,NULL,NULL,NULL,'Grenada','text','2017-11-09 13:55:01','2017-11-09 13:55:01',NULL,NULL),
	(113,'Libero consectetur numquam doloribus ut quo. Culpa ullam sed aut dignissimos est ullam. Eos itaque illum aliquid consequatur quisquam quas. Sit unde aliquid dolorum nesciunt aspernatur numquam sed.',87,28,1,NULL,NULL,NULL,NULL,'Guernsey','music','2017-11-09 13:55:01','2017-11-09 13:55:01',NULL,NULL),
	(114,'Quam doloribus ea sed aspernatur laboriosam. Enim quibusdam in voluptatem minus pariatur. Praesentium est ut quia dolorem. Neque incidunt eius optio neque voluptatibus.',66,18,1,NULL,NULL,NULL,NULL,'Guatemala','photo','2017-11-09 13:55:01','2017-11-09 13:55:01',NULL,NULL),
	(115,'Modi mollitia quidem et qui quia ea qui et. Doloremque sint et ullam distinctio quia labore. Rerum ut dolorem harum molestias.',66,23,1,NULL,NULL,NULL,NULL,'Bouvet Island (Bouvetoya)','text','2017-11-09 13:55:01','2017-11-09 13:55:01',NULL,NULL),
	(116,'Rerum ab dolore rerum dolorem qui totam. Inventore labore ut neque quis provident. Officia eum consequatur est maxime sed et sunt ipsum. Aliquid voluptatem dolores quae repudiandae quasi.',82,13,1,NULL,NULL,NULL,NULL,'Venezuela','location','2017-11-09 13:55:01','2017-11-09 13:55:01',NULL,NULL),
	(117,'Perspiciatis eum mollitia dolorum harum. Saepe ipsa qui ab voluptates aliquam. Placeat non id corrupti sint id soluta. Et ipsum occaecati distinctio ut sunt.',61,37,1,NULL,NULL,NULL,NULL,'Lao People\'s Democratic Republic','music','2017-11-09 13:55:01','2017-11-09 13:55:01',NULL,NULL),
	(118,'Dicta voluptas nesciunt et alias dignissimos asperiores. Aut ipsam et vel quo sed autem nam assumenda. Est et modi ea ad ipsa excepturi.',27,28,1,NULL,NULL,NULL,NULL,'Tanzania','photo','2017-11-09 13:55:01','2017-11-09 13:55:01',NULL,NULL),
	(119,'Praesentium tenetur earum reiciendis et. Quibusdam et molestiae repellat qui. Rerum sed consectetur dolor numquam veritatis.',15,26,1,NULL,NULL,NULL,NULL,'Nicaragua','photo','2017-11-09 13:55:01','2017-11-09 13:55:01',NULL,NULL),
	(120,'Quod in qui alias eos. Velit consequatur sunt hic. Rem corrupti ea cum velit ut cumque. Ea veritatis voluptates cupiditate illum aperiam architecto.',76,29,1,NULL,NULL,NULL,NULL,'San Marino','text','2017-11-09 13:55:01','2017-11-09 13:55:01',NULL,NULL),
	(121,'Commodi aut assumenda facere omnis architecto debitis. Totam voluptatibus ducimus beatae ex aut vitae. Aut reprehenderit perspiciatis porro repellat iusto asperiores et assumenda.',53,31,1,NULL,NULL,NULL,NULL,'Cambodia','text','2017-11-09 13:55:01','2017-11-09 13:55:01',NULL,NULL),
	(122,'Quibusdam et voluptatibus enim in eum. Id ex voluptas eligendi. Nobis vitae sint soluta voluptatem aspernatur.',90,15,1,NULL,NULL,NULL,NULL,'Malta','video','2017-11-09 13:55:01','2017-11-09 13:55:01',NULL,NULL),
	(123,'Et accusantium laboriosam reprehenderit ipsam. Eum non hic vitae possimus voluptate. Eos ut rerum cupiditate incidunt saepe.',11,14,1,NULL,NULL,NULL,NULL,'Papua New Guinea','video','2017-11-09 13:55:01','2017-11-09 13:55:01',NULL,NULL),
	(124,'Voluptate et qui nihil expedita. Dolorem deleniti vel aut veniam veniam occaecati est. Iusto ut sint inventore quod. Odit quas minus qui possimus delectus saepe qui.',7,25,1,NULL,NULL,NULL,NULL,'Algeria','location','2017-11-09 13:55:01','2017-11-09 13:55:01',NULL,NULL),
	(125,'Sit corrupti fugit omnis consequatur. Sint nulla soluta ut libero eveniet delectus qui. Autem ut corporis qui soluta rem sed sit.',69,26,1,NULL,NULL,NULL,NULL,'Costa Rica','location','2017-11-09 13:55:01','2017-11-09 13:55:01',NULL,NULL),
	(126,'Nemo nihil deleniti voluptas sit. Perferendis sit adipisci aliquid consequatur.',45,29,1,NULL,NULL,NULL,NULL,'Senegal','location','2017-11-09 13:55:01','2017-11-09 13:55:01',NULL,NULL),
	(127,'Minima quibusdam nam atque nihil quo commodi at. Eos expedita aperiam quia aut est perferendis. Ipsum nemo voluptas aut ut non non reprehenderit.',63,12,1,NULL,NULL,NULL,NULL,'Pakistan','video','2017-11-09 13:55:01','2017-11-09 13:55:01',NULL,NULL),
	(128,'Consequatur nostrum ad accusantium consequatur. Esse aut ea id cupiditate vero a dolorem est. Dicta quia dolorem quo debitis debitis provident est.',65,38,1,NULL,NULL,NULL,NULL,'El Salvador','video','2017-11-09 13:55:01','2017-11-09 13:55:01',NULL,NULL),
	(129,'Praesentium possimus velit id illum. Illum rerum dolores officia reprehenderit voluptas fugiat aut. Dolores debitis est enim rem harum. Ducimus fuga reprehenderit consequatur modi.',81,33,1,NULL,NULL,NULL,NULL,'Bhutan','music','2017-11-09 13:55:01','2017-11-09 13:55:01',NULL,NULL),
	(130,'Dolorem doloremque dolores omnis et quia aut voluptatem. Et velit laborum non earum. Voluptatem nisi ipsam exercitationem iure ipsa tenetur id. Voluptas in dignissimos culpa ut.',34,1,1,NULL,NULL,NULL,NULL,'New Caledonia','video','2017-11-09 13:55:01','2017-11-09 13:55:01',NULL,NULL),
	(131,'Nihil distinctio dignissimos excepturi rerum facilis et vel impedit. Minima laborum ut qui. Voluptatem cumque repudiandae et eum tempore.',22,29,1,NULL,NULL,NULL,NULL,'Equatorial Guinea','text','2017-11-09 13:55:01','2017-11-09 13:55:01',NULL,NULL),
	(132,'Pariatur ut vel incidunt cumque blanditiis ipsa iusto. Assumenda culpa enim ullam quaerat dolorum. Doloremque quam non commodi aut ea quod velit consequatur.',35,15,1,NULL,NULL,NULL,NULL,'Guinea-Bissau','photo','2017-11-09 13:55:01','2017-11-09 13:55:01',NULL,NULL),
	(133,'Quam soluta voluptatem autem minus ullam commodi ratione. Fugiat porro amet occaecati quasi. Totam soluta est magni corporis maxime.',35,38,1,NULL,NULL,NULL,NULL,'Lithuania','text','2017-11-09 13:55:01','2017-11-09 13:55:01',NULL,NULL),
	(134,'Veritatis suscipit impedit numquam. Asperiores quia id tempore iste ea tempore rerum. Ducimus aut ut eveniet vitae ab.',50,9,1,NULL,NULL,NULL,NULL,'Mayotte','location','2017-11-09 13:55:01','2017-11-09 13:55:01',NULL,NULL),
	(135,'Sapiente repellat sed nihil ipsum perferendis porro. Aut expedita harum tempora quia. Quia ipsa aliquam illum autem praesentium ut dolor.',8,2,1,NULL,NULL,NULL,NULL,'Nauru','music','2017-11-09 13:55:01','2017-11-09 13:55:01',NULL,NULL),
	(136,'Eius eum quos atque. Expedita officia placeat dolor aliquid aut maxime.',69,34,1,NULL,NULL,NULL,NULL,'Cook Islands','photo','2017-11-09 13:55:01','2017-11-09 13:55:01',NULL,NULL),
	(137,'Quidem quo provident dicta velit qui quis ut nobis. Ex maiores amet necessitatibus veniam officia. Aut nesciunt adipisci ullam officiis. Rem non ea eius aperiam doloribus.',16,17,1,NULL,NULL,NULL,NULL,'United States Minor Outlying Islands','photo','2017-11-09 13:55:01','2017-11-09 13:55:01',NULL,NULL),
	(138,'Cum pariatur autem expedita rerum. Harum commodi aperiam modi ipsam temporibus blanditiis. Vero non qui perspiciatis et qui doloribus et ab.',48,19,1,NULL,NULL,NULL,NULL,'Slovakia (Slovak Republic)','location','2017-11-09 13:55:01','2017-11-09 13:55:01',NULL,NULL),
	(139,'Qui asperiores et nihil ut qui ipsam. Unde voluptatem possimus eum sapiente consectetur. Voluptas quod beatae fugiat.',48,8,1,NULL,NULL,NULL,NULL,'Guinea-Bissau','photo','2017-11-09 13:55:01','2017-11-09 13:55:01',NULL,NULL),
	(140,'Ut in id facere minima dolor dignissimos. Aut similique et et dolor ut animi eum. Porro maiores et sed itaque beatae odit et. Ut omnis repellat mollitia est.',63,20,1,NULL,NULL,NULL,NULL,'India','video','2017-11-09 13:55:01','2017-11-09 13:55:01',NULL,NULL),
	(141,'Architecto nemo enim quam ducimus incidunt atque. Ut aliquid molestiae id reiciendis et accusantium. Voluptates soluta autem et est laborum unde.',4,4,1,NULL,NULL,NULL,NULL,'Cambodia','video','2017-11-09 13:55:01','2017-11-09 13:55:01',NULL,NULL),
	(142,'Numquam necessitatibus amet assumenda dolorem distinctio harum et. Quis inventore ipsam ea quod. Quia corporis quas molestiae.',78,9,1,NULL,NULL,NULL,NULL,'Ukraine','location','2017-11-09 13:55:01','2017-11-09 13:55:01',NULL,NULL),
	(143,'Aut id neque iste similique rem qui iure. Ratione delectus incidunt et eum. Beatae tenetur eius ut. Fuga adipisci blanditiis incidunt maiores est illo temporibus ipsum.',72,1,1,NULL,NULL,NULL,NULL,'Canada','location','2017-11-09 13:55:01','2017-11-09 13:55:01',NULL,NULL),
	(144,'Exercitationem ea nihil reprehenderit eum maiores architecto reprehenderit. Quidem mollitia corrupti sint repellendus. Et incidunt ipsa est quia architecto hic.',18,37,1,NULL,NULL,NULL,NULL,'Burundi','video','2017-11-09 13:55:01','2017-11-09 13:55:01',NULL,NULL),
	(145,'Beatae possimus assumenda aut voluptas et beatae. Quis maxime voluptas asperiores qui sint aut consequatur. Minima veniam quibusdam id eos magni.',63,26,1,NULL,NULL,NULL,NULL,'Anguilla','text','2017-11-09 13:55:01','2017-11-09 13:55:01',NULL,NULL),
	(146,'Odit qui earum praesentium. Eius ad qui ipsum sequi culpa iure officiis. Quam nihil non rerum aut sed repudiandae quia. Molestiae atque quo tenetur nisi et temporibus atque.',67,38,1,NULL,NULL,NULL,NULL,'Dominica','location','2017-11-09 13:55:01','2017-11-09 13:55:01',NULL,NULL),
	(147,'Dolores aspernatur quisquam beatae rem beatae ipsum quam. Enim et ut iure.',6,38,1,NULL,NULL,NULL,NULL,'Bolivia','music','2017-11-09 13:55:01','2017-11-09 13:55:01',NULL,NULL),
	(148,'Omnis similique labore minima reprehenderit iure sed. Error enim impedit dolore totam aut aut. Accusantium assumenda est quos modi culpa.',65,20,1,NULL,NULL,NULL,NULL,'Cayman Islands','text','2017-11-09 13:55:01','2017-11-09 13:55:01',NULL,NULL),
	(149,'Eveniet ut qui excepturi animi. Quis et omnis doloribus quas enim. Ut officia illo amet atque.',79,11,1,NULL,NULL,NULL,NULL,'Syrian Arab Republic','location','2017-11-09 13:55:01','2017-11-09 13:55:01',NULL,NULL),
	(150,'Architecto eaque saepe distinctio consequuntur. Omnis explicabo exercitationem dolor. Assumenda possimus cumque corporis maxime fugiat nobis. A quidem perferendis et quod.',71,37,1,NULL,NULL,NULL,NULL,'China','music','2017-11-09 13:55:01','2017-11-09 13:55:01',NULL,NULL),
	(151,'Fugit doloribus molestiae eveniet amet est. Nesciunt dicta dolor et voluptates amet. Ipsum id veniam nesciunt. Et maiores odio voluptatem necessitatibus officia numquam.',44,3,1,NULL,NULL,NULL,NULL,'Panama','location','2017-11-09 13:55:01','2017-11-09 13:55:01',NULL,NULL),
	(152,'Repudiandae aliquid amet unde numquam officia repellendus ut. Minima occaecati vero animi cum. Numquam quis quas impedit. Qui et minima fugiat cum hic dolorem iste.',61,9,1,NULL,NULL,NULL,NULL,'Saint Pierre and Miquelon','video','2017-11-09 13:55:01','2017-11-09 13:55:01',NULL,NULL),
	(153,'Perferendis atque provident sunt nihil. Ut ducimus consequuntur delectus dolorum est alias deleniti cupiditate. Vel incidunt et suscipit nisi fugiat.',80,37,1,NULL,NULL,NULL,NULL,'Belarus','text','2017-11-09 13:55:01','2017-11-09 13:55:01',NULL,NULL),
	(154,'Maiores harum voluptate voluptatem autem culpa ea. Facere dicta earum est. Autem ex officiis corrupti expedita recusandae aliquam.',49,22,1,NULL,NULL,NULL,NULL,'Georgia','music','2017-11-09 13:55:01','2017-11-09 13:55:01',NULL,NULL),
	(155,'Ut iure earum consequatur exercitationem cum non. Nam est et veniam ut et atque aut. Eius excepturi quisquam molestiae sit tenetur voluptatem praesentium.',70,21,1,NULL,NULL,NULL,NULL,'French Guiana','location','2017-11-09 13:55:01','2017-11-09 13:55:01',NULL,NULL),
	(156,'Id commodi non officiis dolore. Eos assumenda repellat ut voluptates iure. Omnis qui impedit sit et porro esse iusto odio.',68,19,1,NULL,NULL,NULL,NULL,'Indonesia','text','2017-11-09 13:55:01','2017-11-09 13:55:01',NULL,NULL),
	(157,'Expedita eos enim ex aliquid corporis aut. Fugit ipsam porro dolor iusto. Temporibus natus sunt quis assumenda.',24,36,1,NULL,NULL,NULL,NULL,'Holy See (Vatican City State)','text','2017-11-09 13:55:01','2017-11-09 13:55:01',NULL,NULL),
	(158,'Veritatis laudantium rerum enim corrupti et. Ut qui et ea et. Quas totam ut omnis quaerat quidem laboriosam. Quia aut vitae quos optio. Quisquam qui possimus commodi est autem nihil est natus.',20,14,1,NULL,NULL,NULL,NULL,'Holy See (Vatican City State)','location','2017-11-09 13:55:01','2017-11-09 13:55:01',NULL,NULL),
	(159,'Non rerum aliquid placeat omnis. Ratione eius sint et velit illo natus laborum. Porro explicabo commodi tempora est. Recusandae expedita temporibus maiores quasi.',6,12,1,NULL,NULL,NULL,NULL,'Brazil','photo','2017-11-09 13:55:01','2017-11-09 13:55:01',NULL,NULL),
	(160,'Eaque eum atque sunt saepe. Dignissimos deserunt et in dolorem. Enim dignissimos consequatur sit nisi adipisci reprehenderit delectus. Voluptatum aperiam rerum aperiam placeat sed.',5,18,1,NULL,NULL,NULL,NULL,'Serbia','video','2017-11-09 13:55:01','2017-11-09 13:55:01',NULL,NULL),
	(161,'Quisquam sunt qui nihil aut sapiente eos. Optio reprehenderit incidunt dolorum fuga id natus ipsa atque. A cum rerum a at non. Quod consequuntur eos consequatur voluptatem natus quam qui.',34,26,1,NULL,NULL,NULL,NULL,'Norfolk Island','location','2017-11-09 13:55:01','2017-11-09 13:55:01',NULL,NULL),
	(162,'Aut doloremque dolorem sed libero. Adipisci culpa accusantium non quas aliquam qui distinctio quo. Saepe ea possimus porro maxime quia.',74,31,1,NULL,NULL,NULL,NULL,'New Zealand','music','2017-11-09 13:55:01','2017-11-09 13:55:01',NULL,NULL),
	(163,'Eveniet fugit omnis suscipit. Iste autem ullam quasi maiores et pariatur. Alias ut dolorem reiciendis est omnis dolorem distinctio. Sed enim libero dolorem totam placeat totam voluptatem.',20,38,1,NULL,NULL,NULL,NULL,'Bahrain','text','2017-11-09 13:55:01','2017-11-09 13:55:01',NULL,NULL),
	(164,'Exercitationem temporibus reprehenderit ea. Quia dignissimos et tempore qui atque id quia. Et et dolorem itaque atque sequi accusantium culpa. Ea voluptatibus laudantium hic.',48,18,1,NULL,NULL,NULL,NULL,'Brazil','music','2017-11-09 13:55:01','2017-11-09 13:55:01',NULL,NULL),
	(165,'Quo aliquam ut velit ad omnis eum placeat maiores. Et autem aut neque nihil repellat aspernatur eveniet. Itaque consequuntur quam ipsam.',52,19,1,NULL,NULL,NULL,NULL,'Venezuela','photo','2017-11-09 13:55:01','2017-11-09 13:55:01',NULL,NULL),
	(166,'At voluptatibus doloremque inventore unde eius in consequuntur. Suscipit ipsa aperiam similique quos vel voluptas.',24,15,1,NULL,NULL,NULL,NULL,'Mali','photo','2017-11-09 13:55:01','2017-11-09 13:55:01',NULL,NULL),
	(167,'Molestiae ipsa sint dignissimos autem velit. Commodi beatae iste possimus ipsum unde voluptatem quaerat maxime. Suscipit ut ullam quos odit harum molestiae.',57,17,1,NULL,NULL,NULL,NULL,'Sweden','location','2017-11-09 13:55:01','2017-11-09 13:55:01',NULL,NULL),
	(168,'Aperiam laborum nam dicta illum vero minus. Placeat est praesentium molestiae. Eos nisi mollitia fuga deleniti perspiciatis omnis quod.',66,16,1,NULL,NULL,NULL,NULL,'Puerto Rico','video','2017-11-09 13:55:01','2017-11-09 13:55:01',NULL,NULL),
	(169,'Expedita rem iure placeat incidunt expedita. Fugit est voluptatem voluptatibus facilis vel blanditiis quos mollitia. Rerum aliquid est est aliquid repellat est.',16,31,1,NULL,NULL,NULL,NULL,'French Guiana','text','2017-11-09 13:55:01','2017-11-09 13:55:01',NULL,NULL),
	(170,'Quia omnis doloribus et voluptas. Eos quasi et molestias alias saepe.\nMagni enim expedita aspernatur sed ullam. Non velit itaque repudiandae consequatur. Libero nam praesentium iste aliquid.',1,3,1,NULL,NULL,NULL,NULL,'Panama','location','2017-11-09 13:55:01','2017-11-09 13:55:01',NULL,NULL),
	(171,'Id dolorum voluptas dolorem id nulla distinctio molestiae blanditiis. Magnam molestiae corrupti occaecati cumque optio in et.',32,15,1,NULL,NULL,NULL,NULL,'Poland','photo','2017-11-09 13:55:01','2017-11-09 13:55:01',NULL,NULL),
	(172,'Earum quaerat dicta voluptatem quam. Quo architecto eius vero alias quas. Quam ea officia atque laborum iusto iusto velit deserunt.',59,9,1,NULL,NULL,NULL,NULL,'Mozambique','location','2017-11-09 13:55:01','2017-11-09 13:55:01',NULL,NULL),
	(173,'Unde et esse sint ab esse. Velit praesentium perspiciatis tempore. Magnam vero amet aliquid nihil voluptates inventore. Et inventore qui laboriosam est.',65,5,1,NULL,NULL,NULL,NULL,'Jamaica','text','2017-11-09 13:55:01','2017-11-09 13:55:01',NULL,NULL),
	(174,'Illo autem minima eum. Eaque aspernatur aut alias. Dolore iste magnam saepe.',62,20,1,NULL,NULL,NULL,NULL,'Georgia','music','2017-11-09 13:55:01','2017-11-09 13:55:01',NULL,NULL),
	(175,'Ad sunt voluptatem qui eum. Totam molestiae ut numquam quaerat inventore hic. Autem nulla sit et velit distinctio.',54,1,1,NULL,NULL,NULL,NULL,'Netherlands','photo','2017-11-09 13:55:01','2017-11-09 13:55:01',NULL,NULL),
	(176,'Temporibus debitis sapiente sint. Ex neque aperiam dolorum facere sint doloribus eum. Exercitationem voluptatum vero omnis.',58,18,1,NULL,NULL,NULL,NULL,'Antarctica (the territory South of 60 deg S)','photo','2017-11-09 13:55:01','2017-11-09 13:55:01',NULL,NULL),
	(177,'Magnam sapiente nesciunt reprehenderit quia. Ipsam maxime libero maiores non natus facere alias. Saepe inventore assumenda similique impedit. Cupiditate rerum ab beatae.',26,21,1,NULL,NULL,NULL,NULL,'Tanzania','text','2017-11-09 13:55:01','2017-11-09 13:55:01',NULL,NULL),
	(178,'Aut odit quis ex eveniet. Tempore dolor dolor explicabo et illo consectetur qui quod. Quis dolores voluptatibus eum veniam et sunt eos hic. Culpa explicabo corporis illo aut illum quia et quos.',73,9,1,NULL,NULL,NULL,NULL,'Kyrgyz Republic','video','2017-11-09 13:55:01','2017-11-09 13:55:01',NULL,NULL),
	(179,'Omnis ut facere nisi nostrum libero velit. Consequuntur eligendi est non quas laudantium et.',76,26,1,NULL,NULL,NULL,NULL,'Saint Vincent and the Grenadines','music','2017-11-09 13:55:01','2017-11-09 13:55:01',NULL,NULL),
	(180,'Et ab non voluptas totam consectetur officia. Aut quia suscipit ipsum velit sint magni itaque.',15,12,1,NULL,NULL,NULL,NULL,'Falkland Islands (Malvinas)','photo','2017-11-09 13:55:01','2017-11-09 13:55:01',NULL,NULL),
	(181,'In ab vero dolores inventore quis ducimus et. Ea id cumque quis est officiis ut. Tempore cum eveniet excepturi vel itaque aspernatur sunt.',83,6,1,NULL,NULL,NULL,NULL,'Hong Kong','location','2017-11-09 13:55:01','2017-11-09 13:55:01',NULL,NULL),
	(182,'Odio qui rem eligendi deserunt eum dolores. Consequatur et earum sint facilis veritatis. Quidem et fuga unde culpa fugit et officia. Itaque debitis culpa rerum necessitatibus fugiat.',45,15,1,NULL,NULL,NULL,NULL,'Kazakhstan','photo','2017-11-09 13:55:01','2017-11-09 13:55:01',NULL,NULL),
	(183,'Accusantium aut temporibus nam nam soluta et. Quia qui perspiciatis neque est asperiores. Magnam quo voluptatibus id. Ad ut sequi autem qui molestiae impedit et nihil.',90,21,1,NULL,NULL,NULL,NULL,'Bhutan','text','2017-11-09 13:55:01','2017-11-09 13:55:01',NULL,NULL),
	(184,'Tempora qui exercitationem a. Nesciunt saepe et non quasi aut. Vel est ab omnis porro. Similique et placeat et accusantium. Qui eos unde autem nihil magnam incidunt.',1,33,1,NULL,NULL,NULL,NULL,'Marshall Islands','music','2017-11-09 13:55:01','2017-11-09 13:55:01',NULL,NULL),
	(185,'Praesentium sit maxime facilis vel. Nesciunt sequi autem esse vel et. Quia libero amet earum nobis eligendi. Sunt assumenda laboriosam molestiae.',76,26,1,NULL,NULL,NULL,NULL,'American Samoa','location','2017-11-09 13:55:01','2017-11-09 13:55:01',NULL,NULL),
	(186,'Inventore aut eos non beatae. Excepturi ex dolore aperiam eum vel.',53,6,1,NULL,NULL,NULL,NULL,'Fiji','text','2017-11-09 13:55:01','2017-11-09 13:55:01',NULL,NULL),
	(187,'Minus voluptas id quia earum qui. Rerum dolor eaque aut quo. Vero veritatis delectus nulla quia consequuntur.',69,38,1,NULL,NULL,NULL,NULL,'Micronesia','photo','2017-11-09 13:55:01','2017-11-09 13:55:01',NULL,NULL),
	(188,'Et libero nam non voluptas. Ducimus veritatis eveniet tenetur magnam vel ipsum. Ex ratione rerum ullam mollitia nam sequi. Eligendi perspiciatis odio quisquam ratione est eius possimus.',3,35,1,NULL,NULL,NULL,NULL,'Yemen','music','2017-11-09 13:55:01','2017-11-09 13:55:01',NULL,NULL),
	(189,'Fugiat animi dolore vel et dolor consequuntur. Repudiandae praesentium vitae perspiciatis occaecati velit. Quas vel possimus voluptatem rerum.',54,23,1,NULL,NULL,NULL,NULL,'Mozambique','music','2017-11-09 13:55:01','2017-11-09 13:55:01',NULL,NULL),
	(190,'Est aut libero quas vel velit assumenda. Consequuntur dolore dolorem natus. Magni vel sit amet velit et autem ea ipsam.',52,5,1,NULL,NULL,NULL,NULL,'Nepal','photo','2017-11-09 13:55:01','2017-11-09 13:55:01',NULL,NULL),
	(191,'Et rerum quo laborum aliquid ut. Pariatur cumque expedita rerum architecto.',56,20,1,NULL,NULL,NULL,NULL,'Guam','music','2017-11-09 13:55:01','2017-11-09 13:55:01',NULL,NULL),
	(192,'Magni qui aut repellat molestiae unde iste et. Eos tempora pariatur id magni similique sint. Omnis recusandae et odit. Aliquid labore tempora quam veritatis.',18,35,1,NULL,NULL,NULL,NULL,'Serbia','photo','2017-11-09 13:55:01','2017-11-09 13:55:01',NULL,NULL),
	(193,'Expedita voluptates repudiandae quo qui est. Illum dolor aut quos odit totam consequatur eum. Voluptatum enim tempore ad. In distinctio ut qui et necessitatibus.',57,19,1,NULL,NULL,NULL,NULL,'Comoros','music','2017-11-09 13:55:01','2017-11-09 13:55:01',NULL,NULL),
	(194,'Vitae quia velit eos asperiores. Vel vitae rem quis asperiores. Neque ut aperiam quo itaque. Dolor sequi dolor voluptates vitae ut qui perspiciatis.',74,10,1,NULL,NULL,NULL,NULL,'Chile','video','2017-11-09 13:55:01','2017-11-09 13:55:01',NULL,NULL),
	(195,'Doloremque eveniet explicabo quos deleniti voluptatem. Atque voluptatem doloremque impedit quia ut. Voluptas quam dolor fugiat. Delectus nemo ab cum est corrupti quidem quod.',34,35,1,NULL,NULL,NULL,NULL,'Mali','photo','2017-11-09 13:55:01','2017-11-09 13:55:01',NULL,NULL),
	(196,'Facilis non odit id et eaque impedit et. Quam minus laborum dicta velit consequatur recusandae possimus. In blanditiis ipsa repudiandae aut. Et aut aperiam asperiores illo nihil accusamus.',28,32,1,NULL,NULL,NULL,NULL,'Turkmenistan','photo','2017-11-09 13:55:01','2017-11-09 13:55:01',NULL,NULL),
	(197,'Eos commodi sint quia dolores quod architecto. Nam molestias nihil laborum et quia. Sit quae hic in quo nostrum.',73,31,1,NULL,NULL,NULL,NULL,'Jordan','text','2017-11-09 13:55:01','2017-11-09 13:55:01',NULL,NULL),
	(198,'Exercitationem facere eveniet quo et et itaque. Iusto cum earum est aut porro id dicta. Molestias excepturi nostrum quia nihil aut. Quam itaque neque in. Cumque quia adipisci sed tempora qui.',31,28,1,NULL,NULL,NULL,NULL,'Chile','music','2017-11-09 13:55:01','2017-11-09 13:55:01',NULL,NULL),
	(199,'Fuga inventore sunt est voluptas dicta voluptatum illo. Blanditiis iusto quia et iure quo. Veritatis molestiae cupiditate repellendus dolor pariatur consectetur quo.',30,5,1,NULL,NULL,NULL,NULL,'Mayotte','text','2017-11-09 13:55:01','2017-11-09 13:55:01',NULL,NULL),
	(200,'Ullam numquam cum eos aliquid ipsam quia. Sint at vitae odio eos ratione. In non ex ut reprehenderit. Natus nostrum placeat eius laboriosam ex. Eum fugiat incidunt quia et ex et doloribus sed.',90,34,1,NULL,NULL,NULL,NULL,'Cuba','video','2017-11-09 13:55:01','2017-11-09 13:55:01',NULL,NULL),
	(201,'Est est est est assumenda necessitatibus ad unde. Aliquid tempora quam quas accusantium quia reiciendis expedita quis. Ut distinctio aut dolores ut sed illo quia saepe.',63,17,1,NULL,NULL,NULL,NULL,'Tonga','location','2017-11-09 13:55:01','2017-11-09 13:55:01',NULL,NULL),
	(202,'Quia omnis aut vero voluptates fugiat. Est beatae accusantium expedita ipsa itaque ea. Debitis asperiores fuga eum dolorem totam.',60,20,1,NULL,NULL,NULL,NULL,'Malta','text','2017-11-09 13:55:01','2017-11-09 13:55:01',NULL,NULL),
	(203,'Sint impedit unde occaecati non consequatur soluta provident hic. Quam debitis ut et maxime. Omnis odit et esse cupiditate dolore. Modi itaque corporis nostrum corporis at.',52,23,1,NULL,NULL,NULL,NULL,'Kyrgyz Republic','photo','2017-11-09 13:55:01','2017-11-09 13:55:01',NULL,NULL),
	(204,'Sit vitae enim fugit ut a corporis. Explicabo voluptatem ullam veniam et.',13,17,1,NULL,NULL,NULL,NULL,'China','photo','2017-11-09 13:55:01','2017-11-09 13:55:01',NULL,NULL),
	(205,'Culpa culpa minus occaecati alias. Expedita nulla eligendi molestiae quas sint enim. Et porro quia natus velit. Voluptatem ea itaque odio qui.',46,1,1,NULL,NULL,NULL,NULL,'American Samoa','text','2017-11-09 13:55:01','2017-11-09 13:55:01',NULL,NULL),
	(206,'Facilis ut ut eos quia sapiente unde. Impedit quidem est voluptatem enim quisquam voluptas quas. Possimus asperiores debitis ipsa voluptatem ut.',83,5,1,NULL,NULL,NULL,NULL,'Poland','location','2017-11-09 13:55:01','2017-11-09 13:55:01',NULL,NULL),
	(207,'Omnis perferendis labore vero asperiores non porro quam. Repellendus rem officia minus. Est et animi aut aliquam in nobis rerum.',44,32,1,NULL,NULL,NULL,NULL,'Tanzania','music','2017-11-09 13:55:01','2017-11-09 13:55:01',NULL,NULL),
	(208,'Dolorem ducimus eveniet omnis fugiat enim. Minus officiis nesciunt dolore. Modi aliquid officiis quo modi aliquid quaerat sequi.',1,27,1,NULL,NULL,NULL,NULL,'Uruguay','text','2017-11-09 13:55:01','2017-11-09 13:55:01',NULL,NULL),
	(209,'Quia dolores quis consequuntur. Eligendi accusamus officiis incidunt sint est. Dolores qui in reiciendis qui ipsa fugit est.',28,22,1,NULL,NULL,NULL,NULL,'Nigeria','video','2017-11-09 13:55:01','2017-11-09 13:55:01',NULL,NULL),
	(210,'Quia ad aut doloremque qui dolore. Ratione aliquid assumenda voluptatem non pariatur numquam. Laborum est quaerat dolor ut repellendus ratione dolorem. Est illum quo repellendus.',83,27,1,NULL,NULL,NULL,NULL,'Moldova','text','2017-11-09 13:55:01','2017-11-09 13:55:01',NULL,NULL),
	(211,'Suscipit dolores quis quam animi consectetur. Voluptatem nesciunt molestiae officia sed. Ut cupiditate facere in cupiditate dolor dicta magni. Sunt eligendi nisi et et occaecati.',62,27,1,NULL,NULL,NULL,NULL,'Cook Islands','text','2017-11-09 13:55:01','2017-11-09 13:55:01',NULL,NULL),
	(212,'Nam officiis tempora perferendis qui enim. Aut voluptatem est aut vitae.',21,10,1,NULL,NULL,NULL,NULL,'Singapore','location','2017-11-09 13:55:01','2017-11-09 13:55:01',NULL,NULL),
	(213,'Autem ea provident quisquam enim esse velit. Libero molestias fugit doloribus ut. Officiis asperiores ipsum sed suscipit quam similique. Aut ut quo soluta quam est sit.',32,4,1,NULL,NULL,NULL,NULL,'Czech Republic','photo','2017-11-09 13:55:01','2017-11-09 13:55:01',NULL,NULL),
	(214,'Eaque consequuntur unde reiciendis aut et. Nobis beatae non laboriosam unde. Eaque laboriosam iure deleniti ut sint ullam quia error.',70,32,1,NULL,NULL,NULL,NULL,'Australia','text','2017-11-09 13:55:01','2017-11-09 13:55:01',NULL,NULL),
	(215,'Quibusdam explicabo eveniet impedit a in et. Voluptas cupiditate dolorem exercitationem dolor distinctio ducimus.',23,17,1,NULL,NULL,NULL,NULL,'Holy See (Vatican City State)','location','2017-11-09 13:55:01','2017-11-09 13:55:01',NULL,NULL),
	(216,'Et incidunt vitae atque vitae ut qui. Cupiditate cupiditate libero dolorem debitis. Minus quia ipsum a aut qui facere esse. Quia et esse rerum voluptatum aut porro.',78,12,1,NULL,NULL,NULL,NULL,'Sudan','location','2017-11-09 13:55:01','2017-11-09 13:55:01',NULL,NULL),
	(217,'Qui doloremque rerum accusamus et harum et. Illum dolor alias et quaerat fugiat eius ducimus esse. Sequi assumenda nemo aut distinctio dolores. Fugit aut atque ab id nesciunt omnis repellendus.',70,27,1,NULL,NULL,NULL,NULL,'Anguilla','photo','2017-11-09 13:55:01','2017-11-09 13:55:01',NULL,NULL),
	(218,'Illo temporibus amet atque non. Ad aperiam explicabo ut dolores consequuntur saepe. Incidunt vitae itaque voluptatibus blanditiis ipsa enim. Velit ipsum atque eveniet explicabo minima.',58,28,1,NULL,NULL,NULL,NULL,'Croatia','location','2017-11-09 13:55:01','2017-11-09 13:55:01',NULL,NULL),
	(219,'Laboriosam tempore dicta occaecati culpa accusamus ea. Modi blanditiis autem aut quia earum officiis. Quae sint nemo consequuntur quae sit et eum. Sapiente ratione in mollitia ut quo illo eaque ut.',75,38,1,NULL,NULL,NULL,NULL,'Central African Republic','text','2017-11-09 13:55:01','2017-11-09 13:55:01',NULL,NULL),
	(220,'Veniam vel quia vitae cumque vel officiis impedit exercitationem. Ducimus optio velit ab itaque voluptatem. Asperiores eligendi repellendus quo quam.',80,38,1,NULL,NULL,NULL,NULL,'Dominican Republic','location','2017-11-09 13:55:01','2017-11-09 13:55:01',NULL,NULL),
	(221,'Quas incidunt deleniti rerum beatae in. Exercitationem doloremque illo aut delectus magnam totam aliquid. Aliquam nobis cupiditate unde aut debitis. Deleniti enim laborum iure.',12,35,1,NULL,NULL,NULL,NULL,'Hong Kong','video','2017-11-09 13:55:01','2017-11-09 13:55:01',NULL,NULL),
	(222,'Aspernatur error consequatur eligendi. Quia facere delectus rerum molestias est minus. Ipsam et et quaerat rem.',27,26,1,NULL,NULL,NULL,NULL,'Gabon','location','2017-11-09 13:55:01','2017-11-09 13:55:01',NULL,NULL),
	(223,'Adipisci et dolorum ut. Eos distinctio nostrum et deserunt earum illo quod fugiat. Sed eligendi corrupti sed aliquam ut molestias est.',8,16,1,NULL,NULL,NULL,NULL,'Nicaragua','text','2017-11-09 13:55:01','2017-11-09 13:55:01',NULL,NULL),
	(224,'Provident sit mollitia illum est eligendi. Ut impedit nisi suscipit explicabo voluptas cumque eum. Veniam voluptatem atque temporibus dolorem neque repellendus. Veritatis odio nihil vel ratione illo.',80,15,1,NULL,NULL,NULL,NULL,'Guinea-Bissau','music','2017-11-09 13:55:01','2017-11-09 13:55:01',NULL,NULL),
	(225,'Rerum laboriosam necessitatibus et aut in. Incidunt rerum fuga totam doloremque perspiciatis qui. Quo maiores temporibus voluptatem dolor qui sint. Rerum rerum tenetur deserunt ea velit sunt.',68,14,1,NULL,NULL,NULL,NULL,'Micronesia','photo','2017-11-09 13:55:01','2017-11-09 13:55:01',NULL,NULL),
	(226,'Quidem quia aperiam soluta necessitatibus debitis cum aut. Sint placeat sit distinctio illum magnam facere laudantium eum.',28,9,1,NULL,NULL,NULL,NULL,'Germany','text','2017-11-09 13:55:01','2017-11-09 13:55:01',NULL,NULL),
	(227,'Ullam et id ducimus eum natus amet. Sunt officiis nihil quasi assumenda debitis. Quaerat eum cumque ut debitis laudantium voluptas numquam. Quos sint est dolores aut quisquam.',67,22,1,NULL,NULL,NULL,NULL,'Belgium','photo','2017-11-09 13:55:01','2017-11-09 13:55:01',NULL,NULL),
	(228,'Nesciunt quo id minima et. Et et velit excepturi vel ullam eos ad. Aut mollitia consequatur quos unde et enim.',90,21,1,NULL,NULL,NULL,NULL,'Slovakia (Slovak Republic)','video','2017-11-09 13:55:01','2017-11-09 13:55:01',NULL,NULL),
	(229,'Et sit quia nihil enim et qui. Voluptas velit ea et eum. Eos voluptatum consequatur aspernatur voluptate aut sed error.',20,37,1,NULL,NULL,NULL,NULL,'India','text','2017-11-09 13:55:01','2017-11-09 13:55:01',NULL,NULL),
	(230,'Pariatur quia sint dicta voluptas. Voluptatibus molestias voluptates velit hic est corporis fugit iusto. Aut illum officiis libero dicta. Voluptas illum dolores non architecto.',73,3,1,NULL,NULL,NULL,NULL,'Heard Island and McDonald Islands','photo','2017-11-09 13:55:01','2017-11-09 13:55:01',NULL,NULL),
	(231,'Ut ab doloribus magni sint non. Adipisci distinctio suscipit aliquam. Aut reprehenderit sunt accusantium. Ullam repellat voluptas pariatur.',88,28,1,NULL,NULL,NULL,NULL,'Saint Kitts and Nevis','location','2017-11-09 13:55:01','2017-11-09 13:55:01',NULL,NULL),
	(232,'Velit ut repellendus et asperiores et. Placeat accusantium quam adipisci at voluptatem. Atque libero et magni magni dignissimos sunt. Totam dolor occaecati explicabo id.',50,28,1,NULL,NULL,NULL,NULL,'Bosnia and Herzegovina','video','2017-11-09 13:55:01','2017-11-09 13:55:01',NULL,NULL),
	(233,'Voluptatum cupiditate consequuntur eaque cumque. Et voluptatibus mollitia deleniti omnis impedit quia temporibus veniam.',36,38,1,NULL,NULL,NULL,NULL,'Luxembourg','video','2017-11-09 13:55:01','2017-11-09 13:55:01',NULL,NULL),
	(234,'Aperiam sunt qui ut dignissimos debitis. Id qui dolores unde autem. Dicta ullam officia voluptatibus quaerat tenetur atque. Inventore velit tempore adipisci.',34,14,1,NULL,NULL,NULL,NULL,'Uruguay','music','2017-11-09 13:55:01','2017-11-09 13:55:01',NULL,NULL),
	(235,'Sint accusantium consectetur animi ipsum voluptatem mollitia. Aut cum dolorum qui esse sunt placeat et. Quod autem laboriosam corrupti necessitatibus consequatur neque.',61,10,1,NULL,NULL,NULL,NULL,'Grenada','music','2017-11-09 13:55:01','2017-11-09 13:55:01',NULL,NULL),
	(236,'Consectetur eos sapiente at omnis molestiae sint eligendi. Consequuntur occaecati voluptates officia est. Vero eaque aut itaque voluptates.',77,8,1,NULL,NULL,NULL,NULL,'Bahrain','music','2017-11-09 13:55:01','2017-11-09 13:55:01',NULL,NULL),
	(237,'Nulla ducimus est animi ratione. Provident occaecati assumenda qui debitis minus amet omnis. Aut nisi corporis quis nobis hic sint itaque. Eius voluptatum dolorum nemo.',80,38,1,NULL,NULL,NULL,NULL,'Iraq','photo','2017-11-09 13:55:01','2017-11-09 13:55:01',NULL,NULL),
	(238,'Atque dolore ab perferendis qui nesciunt. Et a porro ut ipsum at.',82,10,1,NULL,NULL,NULL,NULL,'Jordan','video','2017-11-09 13:55:01','2017-11-09 13:55:01',NULL,NULL),
	(239,'Ipsam tenetur enim expedita nobis pariatur quasi qui. Voluptatem voluptatum temporibus nam voluptas. Possimus qui perferendis quia.',13,11,1,NULL,NULL,NULL,NULL,'Finland','text','2017-11-09 13:55:01','2017-11-09 13:55:01',NULL,NULL),
	(240,'Qui reiciendis tenetur consequatur fugit. Dolor qui rerum molestiae est. Corrupti ex vel quod sit est sed. Vitae neque quam dolor ut sit distinctio suscipit ipsa.',9,35,1,NULL,NULL,NULL,NULL,'Jordan','location','2017-11-09 13:55:01','2017-11-09 13:55:01',NULL,NULL),
	(241,'Aut excepturi soluta enim. Officia quam iure ab voluptatem. Reprehenderit aliquam molestiae ad soluta totam voluptatem quia. Vitae dolorum quia aut illum nostrum.',29,32,1,NULL,NULL,NULL,NULL,'Chile','video','2017-11-09 13:55:01','2017-11-09 13:55:01',NULL,NULL),
	(242,'Qui maxime odit unde porro. Laborum totam in error maiores necessitatibus qui sit mollitia. Consectetur illum beatae omnis officia ut amet.',73,26,1,NULL,NULL,NULL,NULL,'Romania','location','2017-11-09 13:55:01','2017-11-09 13:55:01',NULL,NULL),
	(243,'Corrupti neque esse autem totam. Praesentium deleniti expedita et earum. Dolorem dolorem eos molestiae repellendus qui ipsam.',4,8,1,NULL,NULL,NULL,NULL,'Antigua and Barbuda','photo','2017-11-09 13:55:01','2017-11-09 13:55:01',NULL,NULL),
	(244,'Quis sed natus ad explicabo vitae hic. Sapiente maiores in animi aspernatur commodi. Corrupti neque dolorem tempora et amet aut.',64,26,1,NULL,NULL,NULL,NULL,'India','photo','2017-11-09 13:55:01','2017-11-09 13:55:01',NULL,NULL),
	(245,'Sint labore vero voluptate sunt voluptatem eius iste. Tenetur amet voluptas iusto amet suscipit. Quis soluta quis quod quos. Rerum aut rerum deleniti eos quaerat ex nesciunt.',80,16,1,NULL,NULL,NULL,NULL,'Ireland','music','2017-11-09 13:55:01','2017-11-09 13:55:01',NULL,NULL),
	(246,'Eligendi et saepe voluptates architecto. Quo pariatur dicta a officiis ex. Velit repudiandae reprehenderit quos. Eius necessitatibus consequatur asperiores temporibus voluptate animi reiciendis.',47,37,1,NULL,NULL,NULL,NULL,'United States Minor Outlying Islands','location','2017-11-09 13:55:01','2017-11-09 13:55:01',NULL,NULL),
	(247,'Consequuntur eius et quos natus voluptates. Aliquam numquam perspiciatis tempora facere iusto tempore. A ducimus voluptate adipisci aliquid fugit. Beatae placeat dolores ea non voluptatem.',90,3,1,NULL,NULL,NULL,NULL,'South Africa','video','2017-11-09 13:55:01','2017-11-09 13:55:01',NULL,NULL),
	(248,'Praesentium aliquam ea sit consequuntur voluptates. Soluta quis facere asperiores accusantium unde maiores ut. Rerum deleniti sit non veniam. Voluptatem ut quia et eveniet beatae neque incidunt.',46,10,1,NULL,NULL,NULL,NULL,'Burkina Faso','video','2017-11-09 13:55:01','2017-11-09 13:55:01',NULL,NULL),
	(249,'Aut ut veritatis alias atque voluptates. Veritatis voluptates sit ut aperiam dolores. Quam reiciendis sequi dolor consequatur ipsa id. Reiciendis inventore non maxime voluptas ut.',79,33,1,NULL,NULL,NULL,NULL,'Philippines','text','2017-11-09 13:55:01','2017-11-09 13:55:01',NULL,NULL),
	(250,'Placeat qui ipsa autem fugiat accusamus. Voluptas similique dolorem quis consequatur nemo. Consequuntur et nihil maxime a sapiente. Voluptates quisquam eius dolor.',72,6,1,NULL,NULL,NULL,NULL,'Georgia','music','2017-11-09 13:55:01','2017-11-09 13:55:01',NULL,NULL),
	(251,'Doloribus consequatur deserunt labore aut velit beatae veniam. Omnis voluptatem accusantium officiis autem enim.',46,3,1,NULL,NULL,NULL,NULL,'Madagascar','video','2017-11-09 13:55:01','2017-11-09 13:55:01',NULL,NULL),
	(252,'Et dolores laboriosam libero ut. Quidem omnis ipsum fugiat rerum. Hic itaque magnam omnis a maxime enim quia quos.',79,14,1,NULL,NULL,NULL,NULL,'Swaziland','photo','2017-11-09 13:55:01','2017-11-09 13:55:01',NULL,NULL),
	(253,'Optio consequatur sit inventore provident. Minus quis harum dolorum a aliquid. Est consequuntur est quo. Qui consequatur et soluta necessitatibus.',87,22,1,NULL,NULL,NULL,NULL,'Norway','video','2017-11-09 13:55:01','2017-11-09 13:55:01',NULL,NULL),
	(254,'Unde sit exercitationem ut eos dolorum ad. Et consequatur nostrum ab ad et. Occaecati exercitationem est ducimus facilis officia.',44,36,1,NULL,NULL,NULL,NULL,'Norway','music','2017-11-09 13:55:01','2017-11-09 13:55:01',NULL,NULL),
	(255,'Ipsa a consequuntur eaque dolor dolorem illum. In sequi est possimus est sed numquam doloribus. Voluptas labore laborum eaque enim voluptas. Repellat voluptas quod nam repellat ut consequatur.',17,15,1,NULL,NULL,NULL,NULL,'Maldives','location','2017-11-09 13:55:01','2017-11-09 13:55:01',NULL,NULL),
	(256,'Et ipsum voluptatem unde et unde. Rerum sunt recusandae veritatis hic qui repudiandae. Quia eos qui nihil rem quasi ipsam. Rerum qui suscipit ut aut laboriosam omnis temporibus.',48,14,1,NULL,NULL,NULL,NULL,'Malta','music','2017-11-09 13:55:01','2017-11-09 13:55:01',NULL,NULL),
	(257,'Ipsa tempore sit sunt et. Delectus rerum ipsum quia voluptas. Aliquam incidunt quod quisquam qui repellat officiis. Quia id odio vel corrupti quidem.',65,25,1,NULL,NULL,NULL,NULL,'Finland','photo','2017-11-09 13:55:01','2017-11-09 13:55:01',NULL,NULL),
	(258,'Libero est non sint ullam accusamus animi et. Nihil repudiandae repellendus consequatur libero. Sed rerum fugiat ab nisi amet. Ut molestias ut rem sint voluptas esse nisi assumenda.',29,3,1,NULL,NULL,NULL,NULL,'Netherlands','location','2017-11-09 13:55:01','2017-11-09 13:55:01',NULL,NULL),
	(259,'Quo nostrum in ullam harum. Voluptas unde sed sed dolor iste rerum. Pariatur et perferendis vero ut quibusdam. Rerum id aut commodi ratione impedit.',80,14,1,NULL,NULL,NULL,NULL,'Korea','video','2017-11-09 13:55:01','2017-11-09 13:55:01',NULL,NULL),
	(260,'Architecto nulla fuga dignissimos accusantium velit esse qui nemo. Aspernatur ut sit ut iusto. Aut molestiae velit minima occaecati reiciendis voluptas in. Voluptatum velit illum nemo aut.',14,23,1,NULL,NULL,NULL,NULL,'Monaco','music','2017-11-09 13:55:01','2017-11-09 13:55:01',NULL,NULL);
ALTER TABLE `posts` ENABLE KEYS;
UNLOCK TABLES;


LOCK TABLES `post_follows` WRITE;
ALTER TABLE `post_follows` DISABLE KEYS;
INSERT INTO `post_follows` (`id`, `post_id`, `user_id`, `created_at`, `updated_at`, `deleted_at`) VALUES 
	(1,1,5,NULL,NULL,NULL),
	(2,1,4,NULL,NULL,NULL),
	(3,1,36,NULL,NULL,NULL),
	(4,2,5,NULL,NULL,NULL),
	(5,2,33,NULL,NULL,NULL),
	(6,2,34,NULL,NULL,NULL),
	(7,3,12,NULL,NULL,NULL),
	(8,3,10,NULL,NULL,NULL),
	(9,4,37,NULL,NULL,NULL),
	(10,4,29,NULL,NULL,NULL),
	(11,4,25,NULL,NULL,NULL),
	(12,5,31,NULL,NULL,NULL),
	(13,6,32,NULL,NULL,NULL),
	(14,7,24,NULL,NULL,NULL),
	(15,8,14,NULL,NULL,NULL),
	(16,8,38,NULL,NULL,NULL),
	(17,9,26,NULL,NULL,NULL),
	(18,9,33,NULL,NULL,NULL),
	(19,9,23,NULL,NULL,NULL),
	(20,10,4,NULL,NULL,NULL),
	(21,10,34,NULL,NULL,NULL),
	(22,11,29,NULL,NULL,NULL),
	(23,12,19,NULL,NULL,NULL),
	(24,13,36,NULL,NULL,NULL),
	(25,14,31,NULL,NULL,NULL),
	(26,15,30,NULL,NULL,NULL),
	(27,16,5,NULL,NULL,NULL),
	(28,17,14,NULL,NULL,NULL),
	(29,17,38,NULL,NULL,NULL),
	(30,18,31,NULL,NULL,NULL),
	(31,18,16,NULL,NULL,NULL),
	(32,18,10,NULL,NULL,NULL),
	(33,19,23,NULL,NULL,NULL),
	(34,20,20,NULL,NULL,NULL),
	(35,20,37,NULL,NULL,NULL),
	(36,21,9,NULL,NULL,NULL),
	(37,21,29,NULL,NULL,NULL),
	(38,21,12,NULL,NULL,NULL),
	(39,22,29,NULL,NULL,NULL),
	(40,22,38,NULL,NULL,NULL),
	(41,23,20,NULL,NULL,NULL),
	(42,23,3,NULL,NULL,NULL),
	(43,23,1,NULL,NULL,NULL),
	(44,24,11,NULL,NULL,NULL),
	(45,25,3,NULL,NULL,NULL),
	(46,25,15,NULL,NULL,NULL),
	(47,26,29,NULL,NULL,NULL),
	(48,26,30,NULL,NULL,NULL),
	(49,27,8,NULL,NULL,NULL),
	(50,28,4,NULL,NULL,NULL),
	(51,29,2,NULL,NULL,NULL),
	(52,29,3,NULL,NULL,NULL),
	(53,30,1,NULL,NULL,NULL),
	(54,30,37,NULL,NULL,NULL),
	(55,31,37,NULL,NULL,NULL),
	(56,31,8,NULL,NULL,NULL),
	(57,31,11,NULL,NULL,NULL),
	(58,32,26,NULL,NULL,NULL),
	(59,33,31,NULL,NULL,NULL),
	(60,33,24,NULL,NULL,NULL),
	(61,34,11,NULL,NULL,NULL),
	(62,35,18,NULL,NULL,NULL),
	(63,36,13,NULL,NULL,NULL),
	(64,37,16,NULL,NULL,NULL),
	(65,37,8,NULL,NULL,NULL),
	(66,37,31,NULL,NULL,NULL),
	(67,38,25,NULL,NULL,NULL),
	(68,38,1,NULL,NULL,NULL),
	(69,38,5,NULL,NULL,NULL),
	(70,39,5,NULL,NULL,NULL),
	(71,39,32,NULL,NULL,NULL),
	(72,40,17,NULL,NULL,NULL),
	(73,40,29,NULL,NULL,NULL),
	(74,41,4,NULL,NULL,NULL),
	(75,42,7,NULL,NULL,NULL),
	(76,43,32,NULL,NULL,NULL),
	(77,43,31,NULL,NULL,NULL),
	(78,43,26,NULL,NULL,NULL),
	(79,44,8,NULL,NULL,NULL),
	(80,44,9,NULL,NULL,NULL),
	(81,45,8,NULL,NULL,NULL),
	(82,46,9,NULL,NULL,NULL),
	(83,46,31,NULL,NULL,NULL),
	(84,46,8,NULL,NULL,NULL),
	(85,47,26,NULL,NULL,NULL),
	(86,47,7,NULL,NULL,NULL),
	(87,48,23,NULL,NULL,NULL),
	(88,49,12,NULL,NULL,NULL),
	(89,50,36,NULL,NULL,NULL),
	(90,50,20,NULL,NULL,NULL),
	(91,50,15,NULL,NULL,NULL),
	(92,51,11,NULL,NULL,NULL),
	(93,51,33,NULL,NULL,NULL),
	(94,51,22,NULL,NULL,NULL),
	(95,52,5,NULL,NULL,NULL),
	(96,52,26,NULL,NULL,NULL),
	(97,52,14,NULL,NULL,NULL),
	(98,53,25,NULL,NULL,NULL),
	(99,53,11,NULL,NULL,NULL),
	(100,53,9,NULL,NULL,NULL),
	(101,54,2,NULL,NULL,NULL),
	(102,55,28,NULL,NULL,NULL),
	(103,55,10,NULL,NULL,NULL),
	(104,55,31,NULL,NULL,NULL),
	(105,56,36,NULL,NULL,NULL),
	(106,56,5,NULL,NULL,NULL),
	(107,57,25,NULL,NULL,NULL),
	(108,58,35,NULL,NULL,NULL),
	(109,59,25,NULL,NULL,NULL),
	(110,59,17,NULL,NULL,NULL),
	(111,60,35,NULL,NULL,NULL),
	(112,60,13,NULL,NULL,NULL),
	(113,60,4,NULL,NULL,NULL),
	(114,61,1,NULL,NULL,NULL),
	(115,61,29,NULL,NULL,NULL),
	(116,61,34,NULL,NULL,NULL),
	(117,62,5,NULL,NULL,NULL),
	(118,63,9,NULL,NULL,NULL),
	(119,63,10,NULL,NULL,NULL),
	(120,64,11,NULL,NULL,NULL),
	(121,64,4,NULL,NULL,NULL),
	(122,65,9,NULL,NULL,NULL),
	(123,65,12,NULL,NULL,NULL),
	(124,66,19,NULL,NULL,NULL),
	(125,67,26,NULL,NULL,NULL),
	(126,67,11,NULL,NULL,NULL),
	(127,68,31,NULL,NULL,NULL),
	(128,69,25,NULL,NULL,NULL),
	(129,69,1,NULL,NULL,NULL),
	(130,69,26,NULL,NULL,NULL),
	(131,70,3,NULL,NULL,NULL),
	(132,70,31,NULL,NULL,NULL),
	(133,70,37,NULL,NULL,NULL),
	(134,71,23,NULL,NULL,NULL),
	(135,71,22,NULL,NULL,NULL),
	(136,72,32,NULL,NULL,NULL),
	(137,73,18,NULL,NULL,NULL),
	(138,73,8,NULL,NULL,NULL),
	(139,74,22,NULL,NULL,NULL),
	(140,74,30,NULL,NULL,NULL),
	(141,75,4,NULL,NULL,NULL),
	(142,75,20,NULL,NULL,NULL),
	(143,76,19,NULL,NULL,NULL),
	(144,76,25,NULL,NULL,NULL),
	(145,76,5,NULL,NULL,NULL),
	(146,77,32,NULL,NULL,NULL),
	(147,77,3,NULL,NULL,NULL),
	(148,78,6,NULL,NULL,NULL),
	(149,78,22,NULL,NULL,NULL),
	(150,78,20,NULL,NULL,NULL),
	(151,79,17,NULL,NULL,NULL),
	(152,80,14,NULL,NULL,NULL),
	(153,81,10,NULL,NULL,NULL),
	(154,81,33,NULL,NULL,NULL),
	(155,81,4,NULL,NULL,NULL),
	(156,82,29,NULL,NULL,NULL),
	(157,83,34,NULL,NULL,NULL),
	(158,83,30,NULL,NULL,NULL),
	(159,83,35,NULL,NULL,NULL),
	(160,84,23,NULL,NULL,NULL),
	(161,85,36,NULL,NULL,NULL),
	(162,85,23,NULL,NULL,NULL),
	(163,86,29,NULL,NULL,NULL),
	(164,86,22,NULL,NULL,NULL),
	(165,87,30,NULL,NULL,NULL),
	(166,88,35,NULL,NULL,NULL),
	(167,88,12,NULL,NULL,NULL),
	(168,89,23,NULL,NULL,NULL),
	(169,89,12,NULL,NULL,NULL),
	(170,90,28,NULL,NULL,NULL),
	(171,90,37,NULL,NULL,NULL),
	(172,90,7,NULL,NULL,NULL),
	(173,91,27,NULL,NULL,NULL),
	(174,92,2,NULL,NULL,NULL),
	(175,92,12,NULL,NULL,NULL),
	(176,92,22,NULL,NULL,NULL),
	(177,93,27,NULL,NULL,NULL),
	(178,93,35,NULL,NULL,NULL),
	(179,94,18,NULL,NULL,NULL),
	(180,94,3,NULL,NULL,NULL),
	(181,95,32,NULL,NULL,NULL),
	(182,95,4,NULL,NULL,NULL),
	(183,96,23,NULL,NULL,NULL),
	(184,96,17,NULL,NULL,NULL),
	(185,97,14,NULL,NULL,NULL),
	(186,98,10,NULL,NULL,NULL),
	(187,98,20,NULL,NULL,NULL),
	(188,99,26,NULL,NULL,NULL),
	(189,100,21,NULL,NULL,NULL),
	(190,101,31,NULL,NULL,NULL),
	(191,101,9,NULL,NULL,NULL),
	(192,102,21,NULL,NULL,NULL),
	(193,102,1,NULL,NULL,NULL),
	(194,103,11,NULL,NULL,NULL),
	(195,103,13,NULL,NULL,NULL),
	(196,104,29,NULL,NULL,NULL),
	(197,105,24,NULL,NULL,NULL),
	(198,105,30,NULL,NULL,NULL),
	(199,105,16,NULL,NULL,NULL),
	(200,106,13,NULL,NULL,NULL),
	(201,106,8,NULL,NULL,NULL),
	(202,107,13,NULL,NULL,NULL),
	(203,108,6,NULL,NULL,NULL),
	(204,109,20,NULL,NULL,NULL),
	(205,109,25,NULL,NULL,NULL),
	(206,109,22,NULL,NULL,NULL),
	(207,110,35,NULL,NULL,NULL),
	(208,110,23,NULL,NULL,NULL),
	(209,110,14,NULL,NULL,NULL),
	(210,111,19,NULL,NULL,NULL),
	(211,111,16,NULL,NULL,NULL),
	(212,111,20,NULL,NULL,NULL),
	(213,112,26,NULL,NULL,NULL),
	(214,112,33,NULL,NULL,NULL),
	(215,113,20,NULL,NULL,NULL),
	(216,114,29,NULL,NULL,NULL),
	(217,114,24,NULL,NULL,NULL),
	(218,114,19,NULL,NULL,NULL),
	(219,115,14,NULL,NULL,NULL),
	(220,115,36,NULL,NULL,NULL),
	(221,116,22,NULL,NULL,NULL),
	(222,116,36,NULL,NULL,NULL),
	(223,117,28,NULL,NULL,NULL),
	(224,117,9,NULL,NULL,NULL),
	(225,117,17,NULL,NULL,NULL),
	(226,118,3,NULL,NULL,NULL),
	(227,118,34,NULL,NULL,NULL),
	(228,119,35,NULL,NULL,NULL),
	(229,120,35,NULL,NULL,NULL),
	(230,120,21,NULL,NULL,NULL),
	(231,120,31,NULL,NULL,NULL),
	(232,121,6,NULL,NULL,NULL),
	(233,121,12,NULL,NULL,NULL),
	(234,121,22,NULL,NULL,NULL),
	(235,122,24,NULL,NULL,NULL),
	(236,122,16,NULL,NULL,NULL),
	(237,123,1,NULL,NULL,NULL),
	(238,123,36,NULL,NULL,NULL),
	(239,124,26,NULL,NULL,NULL),
	(240,124,1,NULL,NULL,NULL),
	(241,124,37,NULL,NULL,NULL),
	(242,125,19,NULL,NULL,NULL),
	(243,126,13,NULL,NULL,NULL),
	(244,126,14,NULL,NULL,NULL),
	(245,126,23,NULL,NULL,NULL),
	(246,127,16,NULL,NULL,NULL),
	(247,128,10,NULL,NULL,NULL),
	(248,128,25,NULL,NULL,NULL),
	(249,129,19,NULL,NULL,NULL),
	(250,129,4,NULL,NULL,NULL),
	(251,129,10,NULL,NULL,NULL),
	(252,130,28,NULL,NULL,NULL),
	(253,130,34,NULL,NULL,NULL),
	(254,130,5,NULL,NULL,NULL),
	(255,131,12,NULL,NULL,NULL),
	(256,132,27,NULL,NULL,NULL),
	(257,133,34,NULL,NULL,NULL),
	(258,134,2,NULL,NULL,NULL),
	(259,135,22,NULL,NULL,NULL),
	(260,135,4,NULL,NULL,NULL),
	(261,135,9,NULL,NULL,NULL),
	(262,136,8,NULL,NULL,NULL),
	(263,136,10,NULL,NULL,NULL),
	(264,137,18,NULL,NULL,NULL),
	(265,137,23,NULL,NULL,NULL),
	(266,138,20,NULL,NULL,NULL),
	(267,138,8,NULL,NULL,NULL),
	(268,138,21,NULL,NULL,NULL),
	(269,139,8,NULL,NULL,NULL),
	(270,139,16,NULL,NULL,NULL),
	(271,139,38,NULL,NULL,NULL),
	(272,140,21,NULL,NULL,NULL),
	(273,140,23,NULL,NULL,NULL),
	(274,141,28,NULL,NULL,NULL),
	(275,141,34,NULL,NULL,NULL),
	(276,141,26,NULL,NULL,NULL),
	(277,142,3,NULL,NULL,NULL),
	(278,143,13,NULL,NULL,NULL),
	(279,144,30,NULL,NULL,NULL),
	(280,144,25,NULL,NULL,NULL),
	(281,145,31,NULL,NULL,NULL),
	(282,145,28,NULL,NULL,NULL),
	(283,145,7,NULL,NULL,NULL),
	(284,146,9,NULL,NULL,NULL),
	(285,146,7,NULL,NULL,NULL),
	(286,147,29,NULL,NULL,NULL),
	(287,148,9,NULL,NULL,NULL),
	(288,148,15,NULL,NULL,NULL),
	(289,149,1,NULL,NULL,NULL),
	(290,149,34,NULL,NULL,NULL),
	(291,150,24,NULL,NULL,NULL),
	(292,150,32,NULL,NULL,NULL),
	(293,150,1,NULL,NULL,NULL),
	(294,151,38,NULL,NULL,NULL),
	(295,151,5,NULL,NULL,NULL),
	(296,151,14,NULL,NULL,NULL),
	(297,152,4,NULL,NULL,NULL),
	(298,152,21,NULL,NULL,NULL),
	(299,152,17,NULL,NULL,NULL),
	(300,153,22,NULL,NULL,NULL),
	(301,153,17,NULL,NULL,NULL),
	(302,154,5,NULL,NULL,NULL),
	(303,155,7,NULL,NULL,NULL),
	(304,155,38,NULL,NULL,NULL),
	(305,156,34,NULL,NULL,NULL),
	(306,156,27,NULL,NULL,NULL),
	(307,156,10,NULL,NULL,NULL),
	(308,157,21,NULL,NULL,NULL),
	(309,157,34,NULL,NULL,NULL),
	(310,157,2,NULL,NULL,NULL),
	(311,158,11,NULL,NULL,NULL),
	(312,159,5,NULL,NULL,NULL),
	(313,159,28,NULL,NULL,NULL),
	(314,159,35,NULL,NULL,NULL),
	(315,160,8,NULL,NULL,NULL),
	(316,160,35,NULL,NULL,NULL),
	(317,161,20,NULL,NULL,NULL),
	(318,161,10,NULL,NULL,NULL),
	(319,161,22,NULL,NULL,NULL),
	(320,162,35,NULL,NULL,NULL),
	(321,162,30,NULL,NULL,NULL),
	(322,162,37,NULL,NULL,NULL),
	(323,163,30,NULL,NULL,NULL),
	(324,163,24,NULL,NULL,NULL),
	(325,164,15,NULL,NULL,NULL),
	(326,164,16,NULL,NULL,NULL),
	(327,165,31,NULL,NULL,NULL),
	(328,165,35,NULL,NULL,NULL),
	(329,166,28,NULL,NULL,NULL),
	(330,166,32,NULL,NULL,NULL),
	(331,167,32,NULL,NULL,NULL),
	(332,167,16,NULL,NULL,NULL),
	(333,167,24,NULL,NULL,NULL),
	(334,168,8,NULL,NULL,NULL),
	(335,168,22,NULL,NULL,NULL),
	(336,169,17,NULL,NULL,NULL),
	(337,169,28,NULL,NULL,NULL),
	(338,169,13,NULL,NULL,NULL),
	(339,170,16,NULL,NULL,NULL),
	(340,171,6,NULL,NULL,NULL),
	(341,171,27,NULL,NULL,NULL),
	(342,172,34,NULL,NULL,NULL),
	(343,172,33,NULL,NULL,NULL),
	(344,173,26,NULL,NULL,NULL),
	(345,173,31,NULL,NULL,NULL),
	(346,173,21,NULL,NULL,NULL),
	(347,174,7,NULL,NULL,NULL),
	(348,175,22,NULL,NULL,NULL),
	(349,176,33,NULL,NULL,NULL),
	(350,177,13,NULL,NULL,NULL),
	(351,177,25,NULL,NULL,NULL),
	(352,178,18,NULL,NULL,NULL),
	(353,179,14,NULL,NULL,NULL),
	(354,180,15,NULL,NULL,NULL),
	(355,181,8,NULL,NULL,NULL),
	(356,182,15,NULL,NULL,NULL),
	(357,183,28,NULL,NULL,NULL),
	(358,183,32,NULL,NULL,NULL),
	(359,184,23,NULL,NULL,NULL),
	(360,184,2,NULL,NULL,NULL),
	(361,185,33,NULL,NULL,NULL),
	(362,185,23,NULL,NULL,NULL),
	(363,186,37,NULL,NULL,NULL),
	(364,186,14,NULL,NULL,NULL),
	(365,186,36,NULL,NULL,NULL),
	(366,187,14,NULL,NULL,NULL),
	(367,188,16,NULL,NULL,NULL),
	(368,188,24,NULL,NULL,NULL),
	(369,188,6,NULL,NULL,NULL),
	(370,189,25,NULL,NULL,NULL),
	(371,189,29,NULL,NULL,NULL),
	(372,190,8,NULL,NULL,NULL),
	(373,190,2,NULL,NULL,NULL),
	(374,190,34,NULL,NULL,NULL),
	(375,191,29,NULL,NULL,NULL),
	(376,191,5,NULL,NULL,NULL),
	(377,192,13,NULL,NULL,NULL),
	(378,192,33,NULL,NULL,NULL),
	(379,193,18,NULL,NULL,NULL),
	(380,193,25,NULL,NULL,NULL),
	(381,193,2,NULL,NULL,NULL),
	(382,194,28,NULL,NULL,NULL),
	(383,195,29,NULL,NULL,NULL),
	(384,196,10,NULL,NULL,NULL),
	(385,197,27,NULL,NULL,NULL),
	(386,197,7,NULL,NULL,NULL),
	(387,198,23,NULL,NULL,NULL),
	(388,198,1,NULL,NULL,NULL),
	(389,198,9,NULL,NULL,NULL),
	(390,199,16,NULL,NULL,NULL),
	(391,200,34,NULL,NULL,NULL),
	(392,201,12,NULL,NULL,NULL),
	(393,201,1,NULL,NULL,NULL),
	(394,201,29,NULL,NULL,NULL),
	(395,202,25,NULL,NULL,NULL),
	(396,203,22,NULL,NULL,NULL),
	(397,203,32,NULL,NULL,NULL),
	(398,204,28,NULL,NULL,NULL),
	(399,204,34,NULL,NULL,NULL),
	(400,205,3,NULL,NULL,NULL),
	(401,205,5,NULL,NULL,NULL),
	(402,205,37,NULL,NULL,NULL),
	(403,206,10,NULL,NULL,NULL),
	(404,206,34,NULL,NULL,NULL),
	(405,206,3,NULL,NULL,NULL),
	(406,207,24,NULL,NULL,NULL),
	(407,208,26,NULL,NULL,NULL),
	(408,208,21,NULL,NULL,NULL),
	(409,209,19,NULL,NULL,NULL),
	(410,210,28,NULL,NULL,NULL),
	(411,211,17,NULL,NULL,NULL),
	(412,212,18,NULL,NULL,NULL),
	(413,212,34,NULL,NULL,NULL),
	(414,213,34,NULL,NULL,NULL),
	(415,213,15,NULL,NULL,NULL),
	(416,213,37,NULL,NULL,NULL),
	(417,214,26,NULL,NULL,NULL),
	(418,214,27,NULL,NULL,NULL),
	(419,215,1,NULL,NULL,NULL),
	(420,215,26,NULL,NULL,NULL),
	(421,216,10,NULL,NULL,NULL),
	(422,216,38,NULL,NULL,NULL),
	(423,216,5,NULL,NULL,NULL),
	(424,217,13,NULL,NULL,NULL),
	(425,218,38,NULL,NULL,NULL),
	(426,218,18,NULL,NULL,NULL),
	(427,218,19,NULL,NULL,NULL),
	(428,219,18,NULL,NULL,NULL),
	(429,220,30,NULL,NULL,NULL),
	(430,220,27,NULL,NULL,NULL),
	(431,221,29,NULL,NULL,NULL),
	(432,221,13,NULL,NULL,NULL),
	(433,221,26,NULL,NULL,NULL),
	(434,222,32,NULL,NULL,NULL),
	(435,222,10,NULL,NULL,NULL),
	(436,223,13,NULL,NULL,NULL),
	(437,224,5,NULL,NULL,NULL),
	(438,225,36,NULL,NULL,NULL),
	(439,226,24,NULL,NULL,NULL),
	(440,226,36,NULL,NULL,NULL),
	(441,227,13,NULL,NULL,NULL),
	(442,227,14,NULL,NULL,NULL),
	(443,227,8,NULL,NULL,NULL),
	(444,228,27,NULL,NULL,NULL),
	(445,228,5,NULL,NULL,NULL),
	(446,228,2,NULL,NULL,NULL),
	(447,229,19,NULL,NULL,NULL),
	(448,229,9,NULL,NULL,NULL),
	(449,230,15,NULL,NULL,NULL),
	(450,231,14,NULL,NULL,NULL),
	(451,232,24,NULL,NULL,NULL),
	(452,232,10,NULL,NULL,NULL),
	(453,233,18,NULL,NULL,NULL),
	(454,233,35,NULL,NULL,NULL),
	(455,233,14,NULL,NULL,NULL),
	(456,234,2,NULL,NULL,NULL),
	(457,235,30,NULL,NULL,NULL),
	(458,235,22,NULL,NULL,NULL),
	(459,235,19,NULL,NULL,NULL),
	(460,236,3,NULL,NULL,NULL),
	(461,236,31,NULL,NULL,NULL),
	(462,237,5,NULL,NULL,NULL),
	(463,238,12,NULL,NULL,NULL),
	(464,239,33,NULL,NULL,NULL),
	(465,240,8,NULL,NULL,NULL),
	(466,240,4,NULL,NULL,NULL),
	(467,240,11,NULL,NULL,NULL),
	(468,241,28,NULL,NULL,NULL),
	(469,241,10,NULL,NULL,NULL),
	(470,242,11,NULL,NULL,NULL),
	(471,242,16,NULL,NULL,NULL),
	(472,243,8,NULL,NULL,NULL),
	(473,243,4,NULL,NULL,NULL),
	(474,244,32,NULL,NULL,NULL),
	(475,245,9,NULL,NULL,NULL),
	(476,245,33,NULL,NULL,NULL),
	(477,246,6,NULL,NULL,NULL),
	(478,246,19,NULL,NULL,NULL),
	(479,246,31,NULL,NULL,NULL),
	(480,247,32,NULL,NULL,NULL),
	(481,248,8,NULL,NULL,NULL),
	(482,249,3,NULL,NULL,NULL),
	(483,249,23,NULL,NULL,NULL),
	(484,250,8,NULL,NULL,NULL),
	(485,251,29,NULL,NULL,NULL),
	(486,252,4,NULL,NULL,NULL),
	(487,252,18,NULL,NULL,NULL),
	(488,253,15,NULL,NULL,NULL),
	(489,253,1,NULL,NULL,NULL),
	(490,253,2,NULL,NULL,NULL),
	(491,254,19,NULL,NULL,NULL),
	(492,255,19,NULL,NULL,NULL),
	(493,255,14,NULL,NULL,NULL),
	(494,255,31,NULL,NULL,NULL),
	(495,256,2,NULL,NULL,NULL),
	(496,256,30,NULL,NULL,NULL),
	(497,256,3,NULL,NULL,NULL),
	(498,257,17,NULL,NULL,NULL),
	(499,257,29,NULL,NULL,NULL),
	(500,257,23,NULL,NULL,NULL),
	(501,258,12,NULL,NULL,NULL),
	(502,259,10,NULL,NULL,NULL),
	(503,259,34,NULL,NULL,NULL),
	(504,260,4,NULL,NULL,NULL);
ALTER TABLE `post_follows` ENABLE KEYS;
UNLOCK TABLES;


LOCK TABLES `post_likes` WRITE;
ALTER TABLE `post_likes` DISABLE KEYS;
INSERT INTO `post_likes` (`id`, `post_id`, `user_id`, `created_at`, `updated_at`) VALUES 
	(1,1,11,NULL,NULL),
	(2,2,13,NULL,NULL),
	(3,2,36,NULL,NULL),
	(4,3,9,NULL,NULL),
	(5,4,24,NULL,NULL),
	(6,4,13,NULL,NULL),
	(7,5,36,NULL,NULL),
	(8,5,18,NULL,NULL),
	(9,5,38,NULL,NULL),
	(10,6,26,NULL,NULL),
	(11,6,27,NULL,NULL),
	(12,7,7,NULL,NULL),
	(13,8,26,NULL,NULL),
	(14,8,11,NULL,NULL),
	(15,8,33,NULL,NULL),
	(16,9,9,NULL,NULL),
	(17,9,34,NULL,NULL),
	(18,10,24,NULL,NULL),
	(19,11,27,NULL,NULL),
	(20,11,17,NULL,NULL),
	(21,11,8,NULL,NULL),
	(22,12,22,NULL,NULL),
	(23,13,3,NULL,NULL),
	(24,13,8,NULL,NULL),
	(25,13,2,NULL,NULL),
	(26,14,15,NULL,NULL),
	(27,15,19,NULL,NULL),
	(28,15,31,NULL,NULL),
	(29,15,4,NULL,NULL),
	(30,16,10,NULL,NULL),
	(31,17,13,NULL,NULL),
	(32,17,37,NULL,NULL),
	(33,17,35,NULL,NULL),
	(34,18,23,NULL,NULL),
	(35,19,18,NULL,NULL),
	(36,19,32,NULL,NULL),
	(37,20,29,NULL,NULL),
	(38,20,26,NULL,NULL),
	(39,21,4,NULL,NULL),
	(40,21,37,NULL,NULL),
	(41,21,38,NULL,NULL),
	(42,22,30,NULL,NULL),
	(43,22,35,NULL,NULL),
	(44,22,1,NULL,NULL),
	(45,23,30,NULL,NULL),
	(46,24,32,NULL,NULL),
	(47,24,12,NULL,NULL),
	(48,24,23,NULL,NULL),
	(49,25,14,NULL,NULL),
	(50,25,3,NULL,NULL),
	(51,26,12,NULL,NULL),
	(52,26,3,NULL,NULL),
	(53,26,32,NULL,NULL),
	(54,27,11,NULL,NULL),
	(55,28,7,NULL,NULL),
	(56,29,35,NULL,NULL),
	(57,29,29,NULL,NULL),
	(58,30,20,NULL,NULL),
	(59,31,20,NULL,NULL),
	(60,31,12,NULL,NULL),
	(61,32,30,NULL,NULL),
	(62,32,6,NULL,NULL),
	(63,32,1,NULL,NULL),
	(64,33,3,NULL,NULL),
	(65,33,12,NULL,NULL),
	(66,34,22,NULL,NULL),
	(67,34,33,NULL,NULL),
	(68,34,13,NULL,NULL),
	(69,35,6,NULL,NULL),
	(70,35,33,NULL,NULL),
	(71,36,22,NULL,NULL),
	(72,36,4,NULL,NULL),
	(73,37,22,NULL,NULL),
	(74,37,7,NULL,NULL),
	(75,38,27,NULL,NULL),
	(76,38,22,NULL,NULL),
	(77,38,9,NULL,NULL),
	(78,39,21,NULL,NULL),
	(79,39,27,NULL,NULL),
	(80,39,34,NULL,NULL),
	(81,40,26,NULL,NULL),
	(82,41,17,NULL,NULL),
	(83,41,10,NULL,NULL),
	(84,42,10,NULL,NULL),
	(85,43,31,NULL,NULL),
	(86,44,34,NULL,NULL),
	(87,44,36,NULL,NULL),
	(88,45,28,NULL,NULL),
	(89,45,24,NULL,NULL),
	(90,46,21,NULL,NULL),
	(91,46,19,NULL,NULL),
	(92,46,14,NULL,NULL),
	(93,47,26,NULL,NULL),
	(94,47,24,NULL,NULL),
	(95,47,36,NULL,NULL),
	(96,48,35,NULL,NULL),
	(97,48,32,NULL,NULL),
	(98,48,10,NULL,NULL),
	(99,49,2,NULL,NULL),
	(100,49,32,NULL,NULL),
	(101,49,9,NULL,NULL),
	(102,50,8,NULL,NULL),
	(103,50,28,NULL,NULL),
	(104,51,5,NULL,NULL),
	(105,51,16,NULL,NULL),
	(106,52,10,NULL,NULL),
	(107,53,20,NULL,NULL),
	(108,53,31,NULL,NULL),
	(109,53,2,NULL,NULL),
	(110,54,10,NULL,NULL),
	(111,55,31,NULL,NULL),
	(112,55,20,NULL,NULL),
	(113,55,35,NULL,NULL),
	(114,56,9,NULL,NULL),
	(115,56,3,NULL,NULL),
	(116,57,8,NULL,NULL),
	(117,57,35,NULL,NULL),
	(118,58,37,NULL,NULL),
	(119,59,16,NULL,NULL),
	(120,59,20,NULL,NULL),
	(121,60,4,NULL,NULL),
	(122,60,34,NULL,NULL),
	(123,60,11,NULL,NULL),
	(124,61,29,NULL,NULL),
	(125,62,7,NULL,NULL),
	(126,62,23,NULL,NULL),
	(127,62,17,NULL,NULL),
	(128,63,23,NULL,NULL),
	(129,64,9,NULL,NULL),
	(130,64,18,NULL,NULL),
	(131,64,3,NULL,NULL),
	(132,65,15,NULL,NULL),
	(133,65,1,NULL,NULL),
	(134,66,19,NULL,NULL),
	(135,66,32,NULL,NULL),
	(136,67,7,NULL,NULL),
	(137,67,13,NULL,NULL),
	(138,67,20,NULL,NULL),
	(139,68,33,NULL,NULL),
	(140,68,4,NULL,NULL),
	(141,68,13,NULL,NULL),
	(142,69,36,NULL,NULL),
	(143,70,23,NULL,NULL),
	(144,70,5,NULL,NULL),
	(145,71,2,NULL,NULL),
	(146,71,5,NULL,NULL),
	(147,72,13,NULL,NULL),
	(148,72,1,NULL,NULL),
	(149,72,12,NULL,NULL),
	(150,73,1,NULL,NULL),
	(151,74,38,NULL,NULL),
	(152,75,22,NULL,NULL),
	(153,76,24,NULL,NULL),
	(154,76,18,NULL,NULL),
	(155,77,6,NULL,NULL),
	(156,78,28,NULL,NULL),
	(157,79,24,NULL,NULL),
	(158,79,17,NULL,NULL),
	(159,80,27,NULL,NULL),
	(160,81,33,NULL,NULL),
	(161,81,12,NULL,NULL),
	(162,81,14,NULL,NULL),
	(163,82,29,NULL,NULL),
	(164,83,12,NULL,NULL),
	(165,83,29,NULL,NULL),
	(166,83,16,NULL,NULL),
	(167,84,32,NULL,NULL),
	(168,84,20,NULL,NULL),
	(169,85,22,NULL,NULL),
	(170,85,1,NULL,NULL),
	(171,85,11,NULL,NULL),
	(172,86,12,NULL,NULL),
	(173,86,21,NULL,NULL),
	(174,86,33,NULL,NULL),
	(175,87,38,NULL,NULL),
	(176,87,2,NULL,NULL),
	(177,87,10,NULL,NULL),
	(178,88,17,NULL,NULL),
	(179,88,29,NULL,NULL),
	(180,89,28,NULL,NULL),
	(181,89,1,NULL,NULL),
	(182,90,13,NULL,NULL),
	(183,90,9,NULL,NULL),
	(184,91,7,NULL,NULL),
	(185,91,12,NULL,NULL),
	(186,92,32,NULL,NULL),
	(187,92,20,NULL,NULL),
	(188,92,21,NULL,NULL),
	(189,93,29,NULL,NULL),
	(190,93,31,NULL,NULL),
	(191,93,1,NULL,NULL),
	(192,94,34,NULL,NULL),
	(193,94,4,NULL,NULL),
	(194,94,13,NULL,NULL),
	(195,95,26,NULL,NULL),
	(196,96,11,NULL,NULL),
	(197,96,35,NULL,NULL),
	(198,97,4,NULL,NULL),
	(199,97,35,NULL,NULL),
	(200,98,7,NULL,NULL),
	(201,98,9,NULL,NULL),
	(202,98,26,NULL,NULL),
	(203,99,32,NULL,NULL),
	(204,99,17,NULL,NULL),
	(205,100,8,NULL,NULL),
	(206,100,36,NULL,NULL),
	(207,101,2,NULL,NULL),
	(208,102,26,NULL,NULL),
	(209,102,5,NULL,NULL),
	(210,103,29,NULL,NULL),
	(211,103,18,NULL,NULL),
	(212,103,12,NULL,NULL),
	(213,104,12,NULL,NULL),
	(214,104,35,NULL,NULL),
	(215,105,3,NULL,NULL),
	(216,105,29,NULL,NULL),
	(217,105,6,NULL,NULL),
	(218,106,2,NULL,NULL),
	(219,106,35,NULL,NULL),
	(220,106,37,NULL,NULL),
	(221,107,24,NULL,NULL),
	(222,107,2,NULL,NULL),
	(223,108,29,NULL,NULL),
	(224,108,27,NULL,NULL),
	(225,109,5,NULL,NULL),
	(226,109,32,NULL,NULL),
	(227,110,25,NULL,NULL),
	(228,111,13,NULL,NULL),
	(229,111,18,NULL,NULL),
	(230,112,28,NULL,NULL),
	(231,112,33,NULL,NULL),
	(232,113,33,NULL,NULL),
	(233,113,26,NULL,NULL),
	(234,114,12,NULL,NULL),
	(235,114,16,NULL,NULL),
	(236,114,37,NULL,NULL),
	(237,115,30,NULL,NULL),
	(238,115,5,NULL,NULL),
	(239,115,19,NULL,NULL),
	(240,116,9,NULL,NULL),
	(241,117,31,NULL,NULL),
	(242,117,24,NULL,NULL),
	(243,117,19,NULL,NULL),
	(244,118,5,NULL,NULL),
	(245,119,30,NULL,NULL),
	(246,119,15,NULL,NULL),
	(247,120,21,NULL,NULL),
	(248,120,5,NULL,NULL),
	(249,120,7,NULL,NULL),
	(250,121,22,NULL,NULL),
	(251,122,25,NULL,NULL),
	(252,122,2,NULL,NULL),
	(253,122,31,NULL,NULL),
	(254,123,17,NULL,NULL),
	(255,123,20,NULL,NULL),
	(256,124,4,NULL,NULL),
	(257,125,3,NULL,NULL),
	(258,125,28,NULL,NULL),
	(259,126,3,NULL,NULL),
	(260,126,4,NULL,NULL),
	(261,127,9,NULL,NULL),
	(262,128,2,NULL,NULL),
	(263,128,7,NULL,NULL),
	(264,129,27,NULL,NULL),
	(265,129,32,NULL,NULL),
	(266,129,21,NULL,NULL),
	(267,130,29,NULL,NULL),
	(268,130,7,NULL,NULL),
	(269,130,36,NULL,NULL),
	(270,131,36,NULL,NULL),
	(271,131,12,NULL,NULL),
	(272,132,18,NULL,NULL),
	(273,133,9,NULL,NULL),
	(274,133,26,NULL,NULL),
	(275,133,29,NULL,NULL),
	(276,134,38,NULL,NULL),
	(277,134,21,NULL,NULL),
	(278,135,33,NULL,NULL),
	(279,135,35,NULL,NULL),
	(280,136,5,NULL,NULL),
	(281,136,8,NULL,NULL),
	(282,136,35,NULL,NULL),
	(283,137,33,NULL,NULL),
	(284,137,28,NULL,NULL),
	(285,137,14,NULL,NULL),
	(286,138,21,NULL,NULL),
	(287,138,16,NULL,NULL),
	(288,138,15,NULL,NULL),
	(289,139,7,NULL,NULL),
	(290,139,3,NULL,NULL),
	(291,140,22,NULL,NULL),
	(292,141,5,NULL,NULL),
	(293,141,30,NULL,NULL),
	(294,141,14,NULL,NULL),
	(295,142,7,NULL,NULL),
	(296,142,9,NULL,NULL),
	(297,142,8,NULL,NULL),
	(298,143,36,NULL,NULL),
	(299,144,20,NULL,NULL),
	(300,144,13,NULL,NULL),
	(301,145,28,NULL,NULL),
	(302,145,8,NULL,NULL),
	(303,145,9,NULL,NULL),
	(304,146,8,NULL,NULL),
	(305,146,31,NULL,NULL),
	(306,146,12,NULL,NULL),
	(307,147,36,NULL,NULL),
	(308,147,15,NULL,NULL),
	(309,148,9,NULL,NULL),
	(310,149,12,NULL,NULL),
	(311,149,33,NULL,NULL),
	(312,150,23,NULL,NULL),
	(313,151,21,NULL,NULL),
	(314,151,25,NULL,NULL),
	(315,151,33,NULL,NULL),
	(316,152,12,NULL,NULL),
	(317,153,17,NULL,NULL),
	(318,153,25,NULL,NULL),
	(319,154,8,NULL,NULL),
	(320,154,4,NULL,NULL),
	(321,155,35,NULL,NULL),
	(322,156,35,NULL,NULL),
	(323,157,38,NULL,NULL),
	(324,158,1,NULL,NULL),
	(325,159,4,NULL,NULL),
	(326,160,34,NULL,NULL),
	(327,160,19,NULL,NULL),
	(328,161,20,NULL,NULL),
	(329,161,6,NULL,NULL),
	(330,161,13,NULL,NULL),
	(331,162,29,NULL,NULL),
	(332,163,26,NULL,NULL),
	(333,163,17,NULL,NULL),
	(334,163,6,NULL,NULL),
	(335,164,17,NULL,NULL),
	(336,164,25,NULL,NULL),
	(337,164,35,NULL,NULL),
	(338,165,21,NULL,NULL),
	(339,165,32,NULL,NULL),
	(340,166,13,NULL,NULL),
	(341,166,10,NULL,NULL),
	(342,167,4,NULL,NULL),
	(343,168,16,NULL,NULL),
	(344,169,34,NULL,NULL),
	(345,169,37,NULL,NULL),
	(346,170,25,NULL,NULL),
	(347,171,33,NULL,NULL),
	(348,172,1,NULL,NULL),
	(349,172,9,NULL,NULL),
	(350,172,3,NULL,NULL),
	(351,173,22,NULL,NULL),
	(352,173,27,NULL,NULL),
	(353,174,24,NULL,NULL),
	(354,174,3,NULL,NULL),
	(355,175,33,NULL,NULL),
	(356,175,37,NULL,NULL),
	(357,175,36,NULL,NULL),
	(358,176,34,NULL,NULL),
	(359,176,19,NULL,NULL),
	(360,176,24,NULL,NULL),
	(361,177,18,NULL,NULL),
	(362,177,13,NULL,NULL),
	(363,178,2,NULL,NULL),
	(364,178,35,NULL,NULL),
	(365,179,36,NULL,NULL),
	(366,179,26,NULL,NULL),
	(367,180,26,NULL,NULL),
	(368,180,16,NULL,NULL),
	(369,181,7,NULL,NULL),
	(370,181,36,NULL,NULL),
	(371,181,25,NULL,NULL),
	(372,182,18,NULL,NULL),
	(373,182,16,NULL,NULL),
	(374,183,9,NULL,NULL),
	(375,183,23,NULL,NULL),
	(376,184,10,NULL,NULL),
	(377,184,2,NULL,NULL),
	(378,185,1,NULL,NULL),
	(379,186,6,NULL,NULL),
	(380,187,38,NULL,NULL),
	(381,187,7,NULL,NULL),
	(382,187,21,NULL,NULL),
	(383,188,10,NULL,NULL),
	(384,188,7,NULL,NULL),
	(385,188,6,NULL,NULL),
	(386,189,24,NULL,NULL),
	(387,189,2,NULL,NULL),
	(388,190,15,NULL,NULL),
	(389,190,21,NULL,NULL),
	(390,190,22,NULL,NULL),
	(391,191,1,NULL,NULL),
	(392,192,23,NULL,NULL),
	(393,193,8,NULL,NULL),
	(394,193,34,NULL,NULL),
	(395,194,6,NULL,NULL),
	(396,194,36,NULL,NULL),
	(397,195,30,NULL,NULL),
	(398,195,18,NULL,NULL),
	(399,195,32,NULL,NULL),
	(400,196,34,NULL,NULL),
	(401,196,36,NULL,NULL),
	(402,197,7,NULL,NULL),
	(403,197,17,NULL,NULL),
	(404,198,32,NULL,NULL),
	(405,199,19,NULL,NULL),
	(406,199,22,NULL,NULL),
	(407,200,22,NULL,NULL),
	(408,200,12,NULL,NULL),
	(409,200,35,NULL,NULL),
	(410,201,8,NULL,NULL),
	(411,202,23,NULL,NULL),
	(412,202,17,NULL,NULL),
	(413,202,27,NULL,NULL),
	(414,203,13,NULL,NULL),
	(415,204,36,NULL,NULL),
	(416,204,25,NULL,NULL),
	(417,205,15,NULL,NULL),
	(418,206,15,NULL,NULL),
	(419,207,33,NULL,NULL),
	(420,207,18,NULL,NULL),
	(421,207,30,NULL,NULL),
	(422,208,23,NULL,NULL),
	(423,208,17,NULL,NULL),
	(424,208,16,NULL,NULL),
	(425,209,26,NULL,NULL),
	(426,209,5,NULL,NULL),
	(427,209,8,NULL,NULL),
	(428,210,23,NULL,NULL),
	(429,210,6,NULL,NULL),
	(430,211,6,NULL,NULL),
	(431,211,34,NULL,NULL),
	(432,212,19,NULL,NULL),
	(433,212,32,NULL,NULL),
	(434,212,24,NULL,NULL),
	(435,213,5,NULL,NULL),
	(436,214,20,NULL,NULL),
	(437,214,17,NULL,NULL),
	(438,214,2,NULL,NULL),
	(439,215,24,NULL,NULL),
	(440,216,14,NULL,NULL),
	(441,216,5,NULL,NULL),
	(442,217,3,NULL,NULL),
	(443,217,21,NULL,NULL),
	(444,218,36,NULL,NULL),
	(445,218,26,NULL,NULL),
	(446,218,2,NULL,NULL),
	(447,219,14,NULL,NULL),
	(448,220,18,NULL,NULL),
	(449,220,14,NULL,NULL),
	(450,221,26,NULL,NULL),
	(451,221,16,NULL,NULL),
	(452,222,21,NULL,NULL),
	(453,222,24,NULL,NULL),
	(454,223,14,NULL,NULL),
	(455,223,24,NULL,NULL),
	(456,223,12,NULL,NULL),
	(457,224,1,NULL,NULL),
	(458,225,25,NULL,NULL),
	(459,225,35,NULL,NULL),
	(460,226,7,NULL,NULL),
	(461,227,28,NULL,NULL),
	(462,227,34,NULL,NULL),
	(463,227,16,NULL,NULL),
	(464,228,33,NULL,NULL),
	(465,229,1,NULL,NULL),
	(466,229,16,NULL,NULL),
	(467,230,12,NULL,NULL),
	(468,230,4,NULL,NULL),
	(469,230,5,NULL,NULL),
	(470,231,9,NULL,NULL),
	(471,231,6,NULL,NULL),
	(472,232,37,NULL,NULL),
	(473,232,20,NULL,NULL),
	(474,233,28,NULL,NULL),
	(475,233,6,NULL,NULL),
	(476,234,27,NULL,NULL),
	(477,234,17,NULL,NULL),
	(478,234,19,NULL,NULL),
	(479,235,20,NULL,NULL),
	(480,236,9,NULL,NULL),
	(481,236,37,NULL,NULL),
	(482,236,14,NULL,NULL),
	(483,237,4,NULL,NULL),
	(484,237,23,NULL,NULL),
	(485,237,3,NULL,NULL),
	(486,238,38,NULL,NULL),
	(487,239,6,NULL,NULL),
	(488,240,29,NULL,NULL),
	(489,240,25,NULL,NULL),
	(490,240,11,NULL,NULL),
	(491,241,21,NULL,NULL),
	(492,241,23,NULL,NULL),
	(493,241,10,NULL,NULL),
	(494,242,33,NULL,NULL),
	(495,243,12,NULL,NULL),
	(496,244,32,NULL,NULL),
	(497,245,18,NULL,NULL),
	(498,245,25,NULL,NULL),
	(499,245,17,NULL,NULL),
	(500,246,9,NULL,NULL),
	(501,246,16,NULL,NULL),
	(502,247,37,NULL,NULL),
	(503,248,11,NULL,NULL),
	(504,248,22,NULL,NULL),
	(505,249,17,NULL,NULL),
	(506,250,38,NULL,NULL),
	(507,250,6,NULL,NULL),
	(508,251,4,NULL,NULL),
	(509,252,29,NULL,NULL),
	(510,252,22,NULL,NULL),
	(511,253,25,NULL,NULL),
	(512,253,27,NULL,NULL),
	(513,253,23,NULL,NULL),
	(514,254,35,NULL,NULL),
	(515,255,20,NULL,NULL),
	(516,255,7,NULL,NULL),
	(517,256,7,NULL,NULL),
	(518,256,38,NULL,NULL),
	(519,256,8,NULL,NULL),
	(520,257,9,NULL,NULL),
	(521,257,28,NULL,NULL),
	(522,258,29,NULL,NULL),
	(523,258,2,NULL,NULL),
	(524,259,32,NULL,NULL),
	(525,260,36,NULL,NULL),
	(526,260,37,NULL,NULL);
ALTER TABLE `post_likes` ENABLE KEYS;
UNLOCK TABLES;


LOCK TABLES `post_media` WRITE;
ALTER TABLE `post_media` DISABLE KEYS;
INSERT INTO `post_media` (`id`, `post_id`, `media_id`, `created_at`, `updated_at`, `deleted_at`) VALUES 
	(1,1,2,NULL,NULL,NULL),
	(2,1,18,NULL,NULL,NULL),
	(3,2,24,NULL,NULL,NULL),
	(4,2,38,NULL,NULL,NULL),
	(5,2,4,NULL,NULL,NULL),
	(6,3,13,NULL,NULL,NULL),
	(7,4,16,NULL,NULL,NULL),
	(8,4,33,NULL,NULL,NULL),
	(9,5,32,NULL,NULL,NULL),
	(10,5,3,NULL,NULL,NULL),
	(11,6,9,NULL,NULL,NULL),
	(12,6,17,NULL,NULL,NULL),
	(13,7,26,NULL,NULL,NULL),
	(14,7,32,NULL,NULL,NULL),
	(15,7,36,NULL,NULL,NULL),
	(16,8,18,NULL,NULL,NULL),
	(17,8,2,NULL,NULL,NULL),
	(18,9,12,NULL,NULL,NULL),
	(19,9,15,NULL,NULL,NULL),
	(20,9,18,NULL,NULL,NULL),
	(21,10,27,NULL,NULL,NULL),
	(22,11,31,NULL,NULL,NULL),
	(23,12,17,NULL,NULL,NULL),
	(24,12,35,NULL,NULL,NULL),
	(25,13,3,NULL,NULL,NULL),
	(26,13,12,NULL,NULL,NULL),
	(27,14,34,NULL,NULL,NULL),
	(28,14,38,NULL,NULL,NULL),
	(29,14,10,NULL,NULL,NULL),
	(30,15,33,NULL,NULL,NULL),
	(31,15,25,NULL,NULL,NULL),
	(32,15,34,NULL,NULL,NULL),
	(33,16,17,NULL,NULL,NULL),
	(34,16,11,NULL,NULL,NULL),
	(35,16,30,NULL,NULL,NULL),
	(36,17,20,NULL,NULL,NULL),
	(37,17,14,NULL,NULL,NULL),
	(38,18,27,NULL,NULL,NULL),
	(39,19,32,NULL,NULL,NULL),
	(40,19,12,NULL,NULL,NULL),
	(41,20,7,NULL,NULL,NULL),
	(42,20,18,NULL,NULL,NULL),
	(43,20,37,NULL,NULL,NULL),
	(44,21,28,NULL,NULL,NULL),
	(45,21,33,NULL,NULL,NULL),
	(46,22,38,NULL,NULL,NULL),
	(47,23,30,NULL,NULL,NULL),
	(48,23,1,NULL,NULL,NULL),
	(49,23,15,NULL,NULL,NULL),
	(50,24,17,NULL,NULL,NULL),
	(51,24,1,NULL,NULL,NULL),
	(52,24,13,NULL,NULL,NULL),
	(53,25,27,NULL,NULL,NULL),
	(54,25,7,NULL,NULL,NULL),
	(55,25,34,NULL,NULL,NULL),
	(56,26,5,NULL,NULL,NULL),
	(57,26,20,NULL,NULL,NULL),
	(58,27,23,NULL,NULL,NULL),
	(59,28,15,NULL,NULL,NULL),
	(60,29,1,NULL,NULL,NULL),
	(61,30,2,NULL,NULL,NULL),
	(62,30,20,NULL,NULL,NULL),
	(63,30,31,NULL,NULL,NULL),
	(64,31,19,NULL,NULL,NULL),
	(65,31,5,NULL,NULL,NULL),
	(66,31,37,NULL,NULL,NULL),
	(67,32,18,NULL,NULL,NULL),
	(68,32,24,NULL,NULL,NULL),
	(69,33,5,NULL,NULL,NULL),
	(70,33,21,NULL,NULL,NULL),
	(71,33,13,NULL,NULL,NULL),
	(72,34,14,NULL,NULL,NULL),
	(73,35,25,NULL,NULL,NULL),
	(74,35,23,NULL,NULL,NULL),
	(75,35,38,NULL,NULL,NULL),
	(76,36,3,NULL,NULL,NULL),
	(77,36,6,NULL,NULL,NULL),
	(78,36,11,NULL,NULL,NULL),
	(79,37,7,NULL,NULL,NULL),
	(80,37,35,NULL,NULL,NULL),
	(81,37,30,NULL,NULL,NULL),
	(82,38,7,NULL,NULL,NULL),
	(83,39,15,NULL,NULL,NULL),
	(84,39,32,NULL,NULL,NULL),
	(85,39,12,NULL,NULL,NULL),
	(86,40,35,NULL,NULL,NULL),
	(87,40,17,NULL,NULL,NULL),
	(88,41,8,NULL,NULL,NULL),
	(89,41,22,NULL,NULL,NULL),
	(90,42,30,NULL,NULL,NULL),
	(91,42,24,NULL,NULL,NULL),
	(92,42,20,NULL,NULL,NULL),
	(93,43,25,NULL,NULL,NULL),
	(94,44,32,NULL,NULL,NULL),
	(95,44,5,NULL,NULL,NULL),
	(96,44,11,NULL,NULL,NULL),
	(97,45,20,NULL,NULL,NULL),
	(98,46,26,NULL,NULL,NULL),
	(99,46,24,NULL,NULL,NULL),
	(100,46,10,NULL,NULL,NULL),
	(101,47,27,NULL,NULL,NULL),
	(102,47,1,NULL,NULL,NULL),
	(103,47,26,NULL,NULL,NULL),
	(104,48,5,NULL,NULL,NULL),
	(105,49,14,NULL,NULL,NULL),
	(106,49,37,NULL,NULL,NULL),
	(107,50,15,NULL,NULL,NULL),
	(108,50,21,NULL,NULL,NULL),
	(109,50,35,NULL,NULL,NULL),
	(110,51,13,NULL,NULL,NULL),
	(111,51,19,NULL,NULL,NULL),
	(112,51,9,NULL,NULL,NULL),
	(113,52,13,NULL,NULL,NULL),
	(114,52,22,NULL,NULL,NULL),
	(115,52,21,NULL,NULL,NULL),
	(116,53,1,NULL,NULL,NULL),
	(117,53,34,NULL,NULL,NULL),
	(118,53,4,NULL,NULL,NULL),
	(119,54,37,NULL,NULL,NULL),
	(120,55,36,NULL,NULL,NULL),
	(121,56,9,NULL,NULL,NULL),
	(122,56,26,NULL,NULL,NULL),
	(123,57,14,NULL,NULL,NULL),
	(124,58,30,NULL,NULL,NULL),
	(125,58,38,NULL,NULL,NULL),
	(126,58,18,NULL,NULL,NULL),
	(127,59,25,NULL,NULL,NULL),
	(128,59,6,NULL,NULL,NULL),
	(129,60,21,NULL,NULL,NULL),
	(130,61,30,NULL,NULL,NULL),
	(131,61,21,NULL,NULL,NULL),
	(132,61,10,NULL,NULL,NULL),
	(133,62,6,NULL,NULL,NULL),
	(134,63,18,NULL,NULL,NULL),
	(135,64,36,NULL,NULL,NULL),
	(136,64,23,NULL,NULL,NULL),
	(137,65,16,NULL,NULL,NULL),
	(138,66,4,NULL,NULL,NULL),
	(139,67,21,NULL,NULL,NULL),
	(140,68,37,NULL,NULL,NULL),
	(141,69,17,NULL,NULL,NULL),
	(142,69,1,NULL,NULL,NULL),
	(143,70,9,NULL,NULL,NULL),
	(144,71,34,NULL,NULL,NULL),
	(145,71,6,NULL,NULL,NULL),
	(146,72,24,NULL,NULL,NULL),
	(147,72,8,NULL,NULL,NULL),
	(148,73,25,NULL,NULL,NULL),
	(149,74,32,NULL,NULL,NULL),
	(150,75,2,NULL,NULL,NULL),
	(151,76,20,NULL,NULL,NULL),
	(152,76,16,NULL,NULL,NULL),
	(153,76,36,NULL,NULL,NULL),
	(154,77,18,NULL,NULL,NULL),
	(155,78,6,NULL,NULL,NULL),
	(156,79,33,NULL,NULL,NULL),
	(157,80,12,NULL,NULL,NULL),
	(158,80,18,NULL,NULL,NULL),
	(159,80,6,NULL,NULL,NULL),
	(160,81,16,NULL,NULL,NULL),
	(161,81,11,NULL,NULL,NULL),
	(162,81,26,NULL,NULL,NULL),
	(163,82,18,NULL,NULL,NULL),
	(164,82,30,NULL,NULL,NULL),
	(165,82,21,NULL,NULL,NULL),
	(166,83,12,NULL,NULL,NULL),
	(167,83,11,NULL,NULL,NULL),
	(168,84,8,NULL,NULL,NULL),
	(169,84,27,NULL,NULL,NULL),
	(170,84,4,NULL,NULL,NULL),
	(171,85,16,NULL,NULL,NULL),
	(172,86,3,NULL,NULL,NULL),
	(173,87,35,NULL,NULL,NULL),
	(174,87,22,NULL,NULL,NULL),
	(175,88,2,NULL,NULL,NULL),
	(176,89,5,NULL,NULL,NULL),
	(177,89,2,NULL,NULL,NULL),
	(178,90,27,NULL,NULL,NULL),
	(179,90,10,NULL,NULL,NULL),
	(180,91,18,NULL,NULL,NULL),
	(181,92,33,NULL,NULL,NULL),
	(182,93,24,NULL,NULL,NULL),
	(183,94,27,NULL,NULL,NULL),
	(184,94,5,NULL,NULL,NULL),
	(185,95,9,NULL,NULL,NULL),
	(186,95,1,NULL,NULL,NULL),
	(187,95,6,NULL,NULL,NULL),
	(188,96,22,NULL,NULL,NULL),
	(189,97,6,NULL,NULL,NULL),
	(190,97,38,NULL,NULL,NULL),
	(191,98,30,NULL,NULL,NULL),
	(192,98,34,NULL,NULL,NULL),
	(193,98,24,NULL,NULL,NULL),
	(194,99,28,NULL,NULL,NULL),
	(195,99,8,NULL,NULL,NULL),
	(196,99,29,NULL,NULL,NULL),
	(197,100,18,NULL,NULL,NULL),
	(198,101,32,NULL,NULL,NULL),
	(199,101,24,NULL,NULL,NULL),
	(200,102,38,NULL,NULL,NULL),
	(201,102,25,NULL,NULL,NULL),
	(202,102,30,NULL,NULL,NULL),
	(203,103,36,NULL,NULL,NULL),
	(204,103,34,NULL,NULL,NULL),
	(205,104,17,NULL,NULL,NULL),
	(206,105,32,NULL,NULL,NULL),
	(207,105,2,NULL,NULL,NULL),
	(208,105,36,NULL,NULL,NULL),
	(209,106,12,NULL,NULL,NULL),
	(210,107,5,NULL,NULL,NULL),
	(211,108,23,NULL,NULL,NULL),
	(212,108,27,NULL,NULL,NULL),
	(213,108,38,NULL,NULL,NULL),
	(214,109,19,NULL,NULL,NULL),
	(215,110,11,NULL,NULL,NULL),
	(216,110,25,NULL,NULL,NULL),
	(217,110,14,NULL,NULL,NULL),
	(218,111,13,NULL,NULL,NULL),
	(219,112,5,NULL,NULL,NULL),
	(220,113,17,NULL,NULL,NULL),
	(221,113,29,NULL,NULL,NULL),
	(222,113,32,NULL,NULL,NULL),
	(223,114,30,NULL,NULL,NULL),
	(224,115,34,NULL,NULL,NULL),
	(225,116,10,NULL,NULL,NULL),
	(226,116,3,NULL,NULL,NULL),
	(227,117,16,NULL,NULL,NULL),
	(228,117,13,NULL,NULL,NULL),
	(229,118,13,NULL,NULL,NULL),
	(230,119,10,NULL,NULL,NULL),
	(231,120,18,NULL,NULL,NULL),
	(232,120,8,NULL,NULL,NULL),
	(233,120,5,NULL,NULL,NULL),
	(234,121,18,NULL,NULL,NULL),
	(235,121,28,NULL,NULL,NULL),
	(236,121,7,NULL,NULL,NULL),
	(237,122,20,NULL,NULL,NULL),
	(238,123,38,NULL,NULL,NULL),
	(239,123,15,NULL,NULL,NULL),
	(240,123,20,NULL,NULL,NULL),
	(241,124,11,NULL,NULL,NULL),
	(242,125,20,NULL,NULL,NULL),
	(243,126,20,NULL,NULL,NULL),
	(244,126,37,NULL,NULL,NULL),
	(245,127,19,NULL,NULL,NULL),
	(246,128,37,NULL,NULL,NULL),
	(247,128,9,NULL,NULL,NULL),
	(248,128,19,NULL,NULL,NULL),
	(249,129,24,NULL,NULL,NULL),
	(250,129,36,NULL,NULL,NULL),
	(251,130,20,NULL,NULL,NULL),
	(252,130,7,NULL,NULL,NULL),
	(253,131,12,NULL,NULL,NULL),
	(254,131,26,NULL,NULL,NULL),
	(255,132,22,NULL,NULL,NULL),
	(256,132,23,NULL,NULL,NULL),
	(257,133,29,NULL,NULL,NULL),
	(258,133,15,NULL,NULL,NULL),
	(259,133,8,NULL,NULL,NULL),
	(260,134,6,NULL,NULL,NULL),
	(261,134,3,NULL,NULL,NULL),
	(262,134,14,NULL,NULL,NULL),
	(263,135,24,NULL,NULL,NULL),
	(264,135,17,NULL,NULL,NULL),
	(265,136,7,NULL,NULL,NULL),
	(266,137,32,NULL,NULL,NULL),
	(267,138,8,NULL,NULL,NULL),
	(268,139,6,NULL,NULL,NULL),
	(269,140,11,NULL,NULL,NULL),
	(270,141,6,NULL,NULL,NULL),
	(271,141,38,NULL,NULL,NULL),
	(272,141,34,NULL,NULL,NULL),
	(273,142,33,NULL,NULL,NULL),
	(274,142,32,NULL,NULL,NULL),
	(275,142,7,NULL,NULL,NULL),
	(276,143,34,NULL,NULL,NULL),
	(277,143,32,NULL,NULL,NULL),
	(278,144,26,NULL,NULL,NULL),
	(279,144,13,NULL,NULL,NULL),
	(280,144,34,NULL,NULL,NULL),
	(281,145,9,NULL,NULL,NULL),
	(282,146,27,NULL,NULL,NULL),
	(283,146,7,NULL,NULL,NULL),
	(284,146,31,NULL,NULL,NULL),
	(285,147,2,NULL,NULL,NULL),
	(286,147,1,NULL,NULL,NULL),
	(287,147,29,NULL,NULL,NULL),
	(288,148,28,NULL,NULL,NULL),
	(289,148,7,NULL,NULL,NULL),
	(290,149,4,NULL,NULL,NULL),
	(291,149,23,NULL,NULL,NULL),
	(292,150,21,NULL,NULL,NULL),
	(293,150,14,NULL,NULL,NULL),
	(294,151,28,NULL,NULL,NULL),
	(295,151,24,NULL,NULL,NULL),
	(296,151,5,NULL,NULL,NULL),
	(297,152,9,NULL,NULL,NULL),
	(298,152,37,NULL,NULL,NULL),
	(299,153,11,NULL,NULL,NULL),
	(300,153,28,NULL,NULL,NULL),
	(301,154,36,NULL,NULL,NULL),
	(302,154,22,NULL,NULL,NULL),
	(303,155,6,NULL,NULL,NULL),
	(304,155,18,NULL,NULL,NULL),
	(305,155,16,NULL,NULL,NULL),
	(306,156,10,NULL,NULL,NULL),
	(307,156,2,NULL,NULL,NULL),
	(308,156,11,NULL,NULL,NULL),
	(309,157,31,NULL,NULL,NULL),
	(310,157,22,NULL,NULL,NULL),
	(311,157,27,NULL,NULL,NULL),
	(312,158,6,NULL,NULL,NULL),
	(313,159,38,NULL,NULL,NULL),
	(314,160,6,NULL,NULL,NULL),
	(315,160,34,NULL,NULL,NULL),
	(316,161,12,NULL,NULL,NULL),
	(317,161,30,NULL,NULL,NULL),
	(318,161,23,NULL,NULL,NULL),
	(319,162,25,NULL,NULL,NULL),
	(320,163,2,NULL,NULL,NULL),
	(321,163,33,NULL,NULL,NULL),
	(322,163,38,NULL,NULL,NULL),
	(323,164,5,NULL,NULL,NULL),
	(324,164,36,NULL,NULL,NULL),
	(325,164,31,NULL,NULL,NULL),
	(326,165,4,NULL,NULL,NULL),
	(327,166,22,NULL,NULL,NULL),
	(328,166,24,NULL,NULL,NULL),
	(329,166,29,NULL,NULL,NULL),
	(330,167,22,NULL,NULL,NULL),
	(331,167,13,NULL,NULL,NULL),
	(332,167,32,NULL,NULL,NULL),
	(333,168,12,NULL,NULL,NULL),
	(334,168,19,NULL,NULL,NULL),
	(335,168,28,NULL,NULL,NULL),
	(336,169,9,NULL,NULL,NULL),
	(337,169,5,NULL,NULL,NULL),
	(338,170,15,NULL,NULL,NULL),
	(339,171,9,NULL,NULL,NULL),
	(340,172,30,NULL,NULL,NULL),
	(341,172,28,NULL,NULL,NULL),
	(342,173,20,NULL,NULL,NULL),
	(343,173,9,NULL,NULL,NULL),
	(344,174,16,NULL,NULL,NULL),
	(345,174,10,NULL,NULL,NULL),
	(346,175,26,NULL,NULL,NULL),
	(347,175,11,NULL,NULL,NULL),
	(348,176,7,NULL,NULL,NULL),
	(349,176,21,NULL,NULL,NULL),
	(350,176,30,NULL,NULL,NULL),
	(351,177,24,NULL,NULL,NULL),
	(352,177,5,NULL,NULL,NULL),
	(353,178,8,NULL,NULL,NULL),
	(354,179,3,NULL,NULL,NULL),
	(355,179,5,NULL,NULL,NULL),
	(356,180,16,NULL,NULL,NULL),
	(357,181,37,NULL,NULL,NULL),
	(358,181,2,NULL,NULL,NULL),
	(359,182,29,NULL,NULL,NULL),
	(360,183,22,NULL,NULL,NULL),
	(361,184,24,NULL,NULL,NULL),
	(362,184,2,NULL,NULL,NULL),
	(363,185,11,NULL,NULL,NULL),
	(364,185,21,NULL,NULL,NULL),
	(365,185,35,NULL,NULL,NULL),
	(366,186,16,NULL,NULL,NULL),
	(367,187,7,NULL,NULL,NULL),
	(368,187,24,NULL,NULL,NULL),
	(369,188,2,NULL,NULL,NULL),
	(370,189,14,NULL,NULL,NULL),
	(371,189,28,NULL,NULL,NULL),
	(372,190,18,NULL,NULL,NULL),
	(373,190,27,NULL,NULL,NULL),
	(374,191,24,NULL,NULL,NULL),
	(375,191,35,NULL,NULL,NULL),
	(376,191,17,NULL,NULL,NULL),
	(377,192,13,NULL,NULL,NULL),
	(378,192,4,NULL,NULL,NULL),
	(379,192,8,NULL,NULL,NULL),
	(380,193,29,NULL,NULL,NULL),
	(381,194,28,NULL,NULL,NULL),
	(382,195,18,NULL,NULL,NULL),
	(383,195,38,NULL,NULL,NULL),
	(384,195,24,NULL,NULL,NULL),
	(385,196,4,NULL,NULL,NULL),
	(386,197,7,NULL,NULL,NULL),
	(387,197,13,NULL,NULL,NULL),
	(388,198,11,NULL,NULL,NULL),
	(389,199,31,NULL,NULL,NULL),
	(390,199,22,NULL,NULL,NULL),
	(391,199,28,NULL,NULL,NULL),
	(392,200,4,NULL,NULL,NULL),
	(393,201,27,NULL,NULL,NULL),
	(394,201,37,NULL,NULL,NULL),
	(395,202,29,NULL,NULL,NULL),
	(396,202,3,NULL,NULL,NULL),
	(397,202,20,NULL,NULL,NULL),
	(398,203,23,NULL,NULL,NULL),
	(399,204,21,NULL,NULL,NULL),
	(400,204,31,NULL,NULL,NULL),
	(401,204,20,NULL,NULL,NULL),
	(402,205,10,NULL,NULL,NULL),
	(403,205,22,NULL,NULL,NULL),
	(404,206,18,NULL,NULL,NULL),
	(405,206,25,NULL,NULL,NULL),
	(406,207,17,NULL,NULL,NULL),
	(407,207,27,NULL,NULL,NULL),
	(408,208,34,NULL,NULL,NULL),
	(409,208,33,NULL,NULL,NULL),
	(410,209,12,NULL,NULL,NULL),
	(411,209,22,NULL,NULL,NULL),
	(412,210,22,NULL,NULL,NULL),
	(413,211,35,NULL,NULL,NULL),
	(414,211,26,NULL,NULL,NULL),
	(415,212,38,NULL,NULL,NULL),
	(416,213,2,NULL,NULL,NULL),
	(417,214,19,NULL,NULL,NULL),
	(418,214,38,NULL,NULL,NULL),
	(419,214,22,NULL,NULL,NULL),
	(420,215,12,NULL,NULL,NULL),
	(421,215,26,NULL,NULL,NULL),
	(422,216,21,NULL,NULL,NULL),
	(423,216,24,NULL,NULL,NULL),
	(424,216,14,NULL,NULL,NULL),
	(425,217,2,NULL,NULL,NULL),
	(426,218,14,NULL,NULL,NULL),
	(427,218,26,NULL,NULL,NULL),
	(428,218,9,NULL,NULL,NULL),
	(429,219,7,NULL,NULL,NULL),
	(430,220,37,NULL,NULL,NULL),
	(431,221,26,NULL,NULL,NULL),
	(432,222,14,NULL,NULL,NULL),
	(433,222,7,NULL,NULL,NULL),
	(434,222,12,NULL,NULL,NULL),
	(435,223,35,NULL,NULL,NULL),
	(436,224,29,NULL,NULL,NULL),
	(437,224,36,NULL,NULL,NULL),
	(438,225,12,NULL,NULL,NULL),
	(439,226,12,NULL,NULL,NULL),
	(440,226,15,NULL,NULL,NULL),
	(441,227,26,NULL,NULL,NULL),
	(442,227,19,NULL,NULL,NULL),
	(443,227,32,NULL,NULL,NULL),
	(444,228,8,NULL,NULL,NULL),
	(445,229,11,NULL,NULL,NULL),
	(446,229,20,NULL,NULL,NULL),
	(447,229,3,NULL,NULL,NULL),
	(448,230,17,NULL,NULL,NULL),
	(449,230,14,NULL,NULL,NULL),
	(450,230,20,NULL,NULL,NULL),
	(451,231,13,NULL,NULL,NULL),
	(452,232,14,NULL,NULL,NULL),
	(453,232,13,NULL,NULL,NULL),
	(454,232,36,NULL,NULL,NULL),
	(455,233,36,NULL,NULL,NULL),
	(456,233,23,NULL,NULL,NULL),
	(457,234,25,NULL,NULL,NULL),
	(458,234,31,NULL,NULL,NULL),
	(459,235,14,NULL,NULL,NULL),
	(460,236,13,NULL,NULL,NULL),
	(461,237,32,NULL,NULL,NULL),
	(462,237,33,NULL,NULL,NULL),
	(463,238,20,NULL,NULL,NULL),
	(464,238,22,NULL,NULL,NULL),
	(465,238,33,NULL,NULL,NULL),
	(466,239,20,NULL,NULL,NULL),
	(467,239,26,NULL,NULL,NULL),
	(468,239,3,NULL,NULL,NULL),
	(469,240,28,NULL,NULL,NULL),
	(470,241,16,NULL,NULL,NULL),
	(471,242,5,NULL,NULL,NULL),
	(472,242,28,NULL,NULL,NULL),
	(473,243,4,NULL,NULL,NULL),
	(474,244,4,NULL,NULL,NULL),
	(475,244,27,NULL,NULL,NULL),
	(476,244,19,NULL,NULL,NULL),
	(477,245,20,NULL,NULL,NULL),
	(478,245,12,NULL,NULL,NULL),
	(479,245,26,NULL,NULL,NULL),
	(480,246,10,NULL,NULL,NULL),
	(481,246,5,NULL,NULL,NULL),
	(482,247,20,NULL,NULL,NULL),
	(483,247,3,NULL,NULL,NULL),
	(484,248,10,NULL,NULL,NULL),
	(485,248,30,NULL,NULL,NULL),
	(486,249,6,NULL,NULL,NULL),
	(487,249,15,NULL,NULL,NULL),
	(488,249,27,NULL,NULL,NULL),
	(489,250,38,NULL,NULL,NULL),
	(490,250,37,NULL,NULL,NULL),
	(491,250,27,NULL,NULL,NULL),
	(492,251,16,NULL,NULL,NULL),
	(493,251,27,NULL,NULL,NULL),
	(494,252,9,NULL,NULL,NULL),
	(495,252,26,NULL,NULL,NULL),
	(496,252,30,NULL,NULL,NULL),
	(497,253,25,NULL,NULL,NULL),
	(498,253,7,NULL,NULL,NULL),
	(499,253,20,NULL,NULL,NULL),
	(500,254,6,NULL,NULL,NULL),
	(501,255,26,NULL,NULL,NULL),
	(502,255,19,NULL,NULL,NULL),
	(503,255,27,NULL,NULL,NULL),
	(504,256,18,NULL,NULL,NULL),
	(505,256,4,NULL,NULL,NULL),
	(506,256,19,NULL,NULL,NULL),
	(507,257,2,NULL,NULL,NULL),
	(508,257,23,NULL,NULL,NULL),
	(509,258,6,NULL,NULL,NULL),
	(510,259,2,NULL,NULL,NULL),
	(511,260,16,NULL,NULL,NULL);
ALTER TABLE `post_media` ENABLE KEYS;
UNLOCK TABLES;


LOCK TABLES `post_reports` WRITE;
ALTER TABLE `post_reports` DISABLE KEYS;
ALTER TABLE `post_reports` ENABLE KEYS;
UNLOCK TABLES;


LOCK TABLES `post_shares` WRITE;
ALTER TABLE `post_shares` DISABLE KEYS;
INSERT INTO `post_shares` (`id`, `post_id`, `user_id`, `created_at`, `updated_at`, `deleted_at`) VALUES 
	(1,1,26,NULL,NULL,NULL),
	(2,2,15,NULL,NULL,NULL),
	(3,2,18,NULL,NULL,NULL),
	(4,2,30,NULL,NULL,NULL),
	(5,3,6,NULL,NULL,NULL),
	(6,3,25,NULL,NULL,NULL),
	(7,4,18,NULL,NULL,NULL),
	(8,4,23,NULL,NULL,NULL),
	(9,4,5,NULL,NULL,NULL),
	(10,5,20,NULL,NULL,NULL),
	(11,6,1,NULL,NULL,NULL),
	(12,7,30,NULL,NULL,NULL),
	(13,7,16,NULL,NULL,NULL),
	(14,7,13,NULL,NULL,NULL),
	(15,8,32,NULL,NULL,NULL),
	(16,9,3,NULL,NULL,NULL),
	(17,10,30,NULL,NULL,NULL),
	(18,10,22,NULL,NULL,NULL),
	(19,11,31,NULL,NULL,NULL),
	(20,11,26,NULL,NULL,NULL),
	(21,12,31,NULL,NULL,NULL),
	(22,12,14,NULL,NULL,NULL),
	(23,12,15,NULL,NULL,NULL),
	(24,13,24,NULL,NULL,NULL),
	(25,13,10,NULL,NULL,NULL),
	(26,13,14,NULL,NULL,NULL),
	(27,14,16,NULL,NULL,NULL),
	(28,14,9,NULL,NULL,NULL),
	(29,15,14,NULL,NULL,NULL),
	(30,16,34,NULL,NULL,NULL),
	(31,16,20,NULL,NULL,NULL),
	(32,17,26,NULL,NULL,NULL),
	(33,17,14,NULL,NULL,NULL),
	(34,18,20,NULL,NULL,NULL),
	(35,18,17,NULL,NULL,NULL),
	(36,18,21,NULL,NULL,NULL),
	(37,19,30,NULL,NULL,NULL),
	(38,20,20,NULL,NULL,NULL),
	(39,21,4,NULL,NULL,NULL),
	(40,21,36,NULL,NULL,NULL),
	(41,21,30,NULL,NULL,NULL),
	(42,22,35,NULL,NULL,NULL),
	(43,23,23,NULL,NULL,NULL),
	(44,23,33,NULL,NULL,NULL),
	(45,23,13,NULL,NULL,NULL),
	(46,24,35,NULL,NULL,NULL),
	(47,24,24,NULL,NULL,NULL),
	(48,24,7,NULL,NULL,NULL),
	(49,25,31,NULL,NULL,NULL),
	(50,25,21,NULL,NULL,NULL),
	(51,25,12,NULL,NULL,NULL),
	(52,26,20,NULL,NULL,NULL),
	(53,26,26,NULL,NULL,NULL),
	(54,27,36,NULL,NULL,NULL),
	(55,27,4,NULL,NULL,NULL),
	(56,28,10,NULL,NULL,NULL),
	(57,28,23,NULL,NULL,NULL),
	(58,28,2,NULL,NULL,NULL),
	(59,29,34,NULL,NULL,NULL),
	(60,30,36,NULL,NULL,NULL),
	(61,30,24,NULL,NULL,NULL),
	(62,31,38,NULL,NULL,NULL),
	(63,31,35,NULL,NULL,NULL),
	(64,31,8,NULL,NULL,NULL),
	(65,32,10,NULL,NULL,NULL),
	(66,32,28,NULL,NULL,NULL),
	(67,32,27,NULL,NULL,NULL),
	(68,33,26,NULL,NULL,NULL),
	(69,34,5,NULL,NULL,NULL),
	(70,34,34,NULL,NULL,NULL),
	(71,34,2,NULL,NULL,NULL),
	(72,35,12,NULL,NULL,NULL),
	(73,35,9,NULL,NULL,NULL),
	(74,35,29,NULL,NULL,NULL),
	(75,36,15,NULL,NULL,NULL),
	(76,36,14,NULL,NULL,NULL),
	(77,36,13,NULL,NULL,NULL),
	(78,37,21,NULL,NULL,NULL),
	(79,37,2,NULL,NULL,NULL),
	(80,38,12,NULL,NULL,NULL),
	(81,38,29,NULL,NULL,NULL),
	(82,39,34,NULL,NULL,NULL),
	(83,39,14,NULL,NULL,NULL),
	(84,40,14,NULL,NULL,NULL),
	(85,40,13,NULL,NULL,NULL),
	(86,41,9,NULL,NULL,NULL),
	(87,42,35,NULL,NULL,NULL),
	(88,42,7,NULL,NULL,NULL),
	(89,42,5,NULL,NULL,NULL),
	(90,43,7,NULL,NULL,NULL),
	(91,44,5,NULL,NULL,NULL),
	(92,44,7,NULL,NULL,NULL),
	(93,44,16,NULL,NULL,NULL),
	(94,45,12,NULL,NULL,NULL),
	(95,45,5,NULL,NULL,NULL),
	(96,45,33,NULL,NULL,NULL),
	(97,46,29,NULL,NULL,NULL),
	(98,47,33,NULL,NULL,NULL),
	(99,47,26,NULL,NULL,NULL),
	(100,47,13,NULL,NULL,NULL),
	(101,48,32,NULL,NULL,NULL),
	(102,49,22,NULL,NULL,NULL),
	(103,49,9,NULL,NULL,NULL),
	(104,50,13,NULL,NULL,NULL),
	(105,50,25,NULL,NULL,NULL),
	(106,51,28,NULL,NULL,NULL),
	(107,51,11,NULL,NULL,NULL),
	(108,51,32,NULL,NULL,NULL),
	(109,52,10,NULL,NULL,NULL),
	(110,53,1,NULL,NULL,NULL),
	(111,53,3,NULL,NULL,NULL),
	(112,54,21,NULL,NULL,NULL),
	(113,55,12,NULL,NULL,NULL),
	(114,55,8,NULL,NULL,NULL),
	(115,55,29,NULL,NULL,NULL),
	(116,56,9,NULL,NULL,NULL),
	(117,56,32,NULL,NULL,NULL),
	(118,56,12,NULL,NULL,NULL),
	(119,57,6,NULL,NULL,NULL),
	(120,58,15,NULL,NULL,NULL),
	(121,58,38,NULL,NULL,NULL),
	(122,59,16,NULL,NULL,NULL),
	(123,59,13,NULL,NULL,NULL),
	(124,59,21,NULL,NULL,NULL),
	(125,60,22,NULL,NULL,NULL),
	(126,60,11,NULL,NULL,NULL),
	(127,61,17,NULL,NULL,NULL),
	(128,62,4,NULL,NULL,NULL),
	(129,63,11,NULL,NULL,NULL),
	(130,64,37,NULL,NULL,NULL),
	(131,64,12,NULL,NULL,NULL),
	(132,65,36,NULL,NULL,NULL),
	(133,65,7,NULL,NULL,NULL),
	(134,66,14,NULL,NULL,NULL),
	(135,67,22,NULL,NULL,NULL),
	(136,67,10,NULL,NULL,NULL),
	(137,67,27,NULL,NULL,NULL),
	(138,68,14,NULL,NULL,NULL),
	(139,69,1,NULL,NULL,NULL),
	(140,70,23,NULL,NULL,NULL),
	(141,70,16,NULL,NULL,NULL),
	(142,71,19,NULL,NULL,NULL),
	(143,71,4,NULL,NULL,NULL),
	(144,71,31,NULL,NULL,NULL),
	(145,72,17,NULL,NULL,NULL),
	(146,73,7,NULL,NULL,NULL),
	(147,73,37,NULL,NULL,NULL),
	(148,73,26,NULL,NULL,NULL),
	(149,74,17,NULL,NULL,NULL),
	(150,75,14,NULL,NULL,NULL),
	(151,75,2,NULL,NULL,NULL),
	(152,76,10,NULL,NULL,NULL),
	(153,77,32,NULL,NULL,NULL),
	(154,77,8,NULL,NULL,NULL),
	(155,78,36,NULL,NULL,NULL),
	(156,78,4,NULL,NULL,NULL),
	(157,79,26,NULL,NULL,NULL),
	(158,79,28,NULL,NULL,NULL),
	(159,80,32,NULL,NULL,NULL),
	(160,81,5,NULL,NULL,NULL),
	(161,81,2,NULL,NULL,NULL),
	(162,81,35,NULL,NULL,NULL),
	(163,82,16,NULL,NULL,NULL),
	(164,82,36,NULL,NULL,NULL),
	(165,82,8,NULL,NULL,NULL),
	(166,83,38,NULL,NULL,NULL),
	(167,83,11,NULL,NULL,NULL),
	(168,84,37,NULL,NULL,NULL),
	(169,84,26,NULL,NULL,NULL),
	(170,84,6,NULL,NULL,NULL),
	(171,85,35,NULL,NULL,NULL),
	(172,86,16,NULL,NULL,NULL),
	(173,86,17,NULL,NULL,NULL),
	(174,87,29,NULL,NULL,NULL),
	(175,87,28,NULL,NULL,NULL),
	(176,88,38,NULL,NULL,NULL),
	(177,89,21,NULL,NULL,NULL),
	(178,89,27,NULL,NULL,NULL),
	(179,90,25,NULL,NULL,NULL),
	(180,91,30,NULL,NULL,NULL),
	(181,92,33,NULL,NULL,NULL),
	(182,92,26,NULL,NULL,NULL),
	(183,92,5,NULL,NULL,NULL),
	(184,93,32,NULL,NULL,NULL),
	(185,93,21,NULL,NULL,NULL),
	(186,94,21,NULL,NULL,NULL),
	(187,94,28,NULL,NULL,NULL),
	(188,95,4,NULL,NULL,NULL),
	(189,95,28,NULL,NULL,NULL),
	(190,95,15,NULL,NULL,NULL),
	(191,96,16,NULL,NULL,NULL),
	(192,96,37,NULL,NULL,NULL),
	(193,96,35,NULL,NULL,NULL),
	(194,97,4,NULL,NULL,NULL),
	(195,97,18,NULL,NULL,NULL),
	(196,98,5,NULL,NULL,NULL),
	(197,98,16,NULL,NULL,NULL),
	(198,99,15,NULL,NULL,NULL),
	(199,99,22,NULL,NULL,NULL),
	(200,99,14,NULL,NULL,NULL),
	(201,100,23,NULL,NULL,NULL),
	(202,100,10,NULL,NULL,NULL),
	(203,100,1,NULL,NULL,NULL),
	(204,101,4,NULL,NULL,NULL),
	(205,101,9,NULL,NULL,NULL),
	(206,101,33,NULL,NULL,NULL),
	(207,102,31,NULL,NULL,NULL),
	(208,102,25,NULL,NULL,NULL),
	(209,103,5,NULL,NULL,NULL),
	(210,104,15,NULL,NULL,NULL),
	(211,104,2,NULL,NULL,NULL),
	(212,104,10,NULL,NULL,NULL),
	(213,105,26,NULL,NULL,NULL),
	(214,106,30,NULL,NULL,NULL),
	(215,106,36,NULL,NULL,NULL),
	(216,106,21,NULL,NULL,NULL),
	(217,107,20,NULL,NULL,NULL),
	(218,107,7,NULL,NULL,NULL),
	(219,107,22,NULL,NULL,NULL),
	(220,108,20,NULL,NULL,NULL),
	(221,108,36,NULL,NULL,NULL),
	(222,109,23,NULL,NULL,NULL),
	(223,109,9,NULL,NULL,NULL),
	(224,110,2,NULL,NULL,NULL),
	(225,111,7,NULL,NULL,NULL),
	(226,111,29,NULL,NULL,NULL),
	(227,111,26,NULL,NULL,NULL),
	(228,112,19,NULL,NULL,NULL),
	(229,112,34,NULL,NULL,NULL),
	(230,112,30,NULL,NULL,NULL),
	(231,113,21,NULL,NULL,NULL),
	(232,114,6,NULL,NULL,NULL),
	(233,114,11,NULL,NULL,NULL),
	(234,114,25,NULL,NULL,NULL),
	(235,115,3,NULL,NULL,NULL),
	(236,116,7,NULL,NULL,NULL),
	(237,117,25,NULL,NULL,NULL),
	(238,117,23,NULL,NULL,NULL),
	(239,118,6,NULL,NULL,NULL),
	(240,119,34,NULL,NULL,NULL),
	(241,120,25,NULL,NULL,NULL),
	(242,120,2,NULL,NULL,NULL),
	(243,120,19,NULL,NULL,NULL),
	(244,121,14,NULL,NULL,NULL),
	(245,122,37,NULL,NULL,NULL),
	(246,122,38,NULL,NULL,NULL),
	(247,123,37,NULL,NULL,NULL),
	(248,123,4,NULL,NULL,NULL),
	(249,123,17,NULL,NULL,NULL),
	(250,124,8,NULL,NULL,NULL),
	(251,125,20,NULL,NULL,NULL),
	(252,125,23,NULL,NULL,NULL),
	(253,125,36,NULL,NULL,NULL),
	(254,126,3,NULL,NULL,NULL),
	(255,127,24,NULL,NULL,NULL),
	(256,127,13,NULL,NULL,NULL),
	(257,127,32,NULL,NULL,NULL),
	(258,128,36,NULL,NULL,NULL),
	(259,128,3,NULL,NULL,NULL),
	(260,128,19,NULL,NULL,NULL),
	(261,129,7,NULL,NULL,NULL),
	(262,130,20,NULL,NULL,NULL),
	(263,130,10,NULL,NULL,NULL),
	(264,130,35,NULL,NULL,NULL),
	(265,131,17,NULL,NULL,NULL),
	(266,131,28,NULL,NULL,NULL),
	(267,132,28,NULL,NULL,NULL),
	(268,132,12,NULL,NULL,NULL),
	(269,133,6,NULL,NULL,NULL),
	(270,133,35,NULL,NULL,NULL),
	(271,133,34,NULL,NULL,NULL),
	(272,134,12,NULL,NULL,NULL),
	(273,134,34,NULL,NULL,NULL),
	(274,135,22,NULL,NULL,NULL),
	(275,136,5,NULL,NULL,NULL),
	(276,136,14,NULL,NULL,NULL),
	(277,136,27,NULL,NULL,NULL),
	(278,137,33,NULL,NULL,NULL),
	(279,137,3,NULL,NULL,NULL),
	(280,138,32,NULL,NULL,NULL),
	(281,138,22,NULL,NULL,NULL),
	(282,138,31,NULL,NULL,NULL),
	(283,139,32,NULL,NULL,NULL),
	(284,139,19,NULL,NULL,NULL),
	(285,139,3,NULL,NULL,NULL),
	(286,140,30,NULL,NULL,NULL),
	(287,141,23,NULL,NULL,NULL),
	(288,142,18,NULL,NULL,NULL),
	(289,142,21,NULL,NULL,NULL),
	(290,142,38,NULL,NULL,NULL),
	(291,143,31,NULL,NULL,NULL),
	(292,143,29,NULL,NULL,NULL),
	(293,143,22,NULL,NULL,NULL),
	(294,144,34,NULL,NULL,NULL),
	(295,144,31,NULL,NULL,NULL),
	(296,145,14,NULL,NULL,NULL),
	(297,146,11,NULL,NULL,NULL),
	(298,147,10,NULL,NULL,NULL),
	(299,148,32,NULL,NULL,NULL),
	(300,148,38,NULL,NULL,NULL),
	(301,148,22,NULL,NULL,NULL),
	(302,149,9,NULL,NULL,NULL),
	(303,149,4,NULL,NULL,NULL),
	(304,150,26,NULL,NULL,NULL),
	(305,151,12,NULL,NULL,NULL),
	(306,151,5,NULL,NULL,NULL),
	(307,152,36,NULL,NULL,NULL),
	(308,152,6,NULL,NULL,NULL),
	(309,152,20,NULL,NULL,NULL),
	(310,153,36,NULL,NULL,NULL),
	(311,153,14,NULL,NULL,NULL),
	(312,153,1,NULL,NULL,NULL),
	(313,154,11,NULL,NULL,NULL),
	(314,154,19,NULL,NULL,NULL),
	(315,155,8,NULL,NULL,NULL),
	(316,155,38,NULL,NULL,NULL),
	(317,156,20,NULL,NULL,NULL),
	(318,156,1,NULL,NULL,NULL),
	(319,156,14,NULL,NULL,NULL),
	(320,157,21,NULL,NULL,NULL),
	(321,157,34,NULL,NULL,NULL),
	(322,158,10,NULL,NULL,NULL),
	(323,158,9,NULL,NULL,NULL),
	(324,159,5,NULL,NULL,NULL),
	(325,159,37,NULL,NULL,NULL),
	(326,159,25,NULL,NULL,NULL),
	(327,160,8,NULL,NULL,NULL),
	(328,160,18,NULL,NULL,NULL),
	(329,160,14,NULL,NULL,NULL),
	(330,161,37,NULL,NULL,NULL),
	(331,161,23,NULL,NULL,NULL),
	(332,162,24,NULL,NULL,NULL),
	(333,162,28,NULL,NULL,NULL),
	(334,162,37,NULL,NULL,NULL),
	(335,163,10,NULL,NULL,NULL),
	(336,163,31,NULL,NULL,NULL),
	(337,163,30,NULL,NULL,NULL),
	(338,164,19,NULL,NULL,NULL),
	(339,164,29,NULL,NULL,NULL),
	(340,165,38,NULL,NULL,NULL),
	(341,165,16,NULL,NULL,NULL),
	(342,165,32,NULL,NULL,NULL),
	(343,166,14,NULL,NULL,NULL),
	(344,167,12,NULL,NULL,NULL),
	(345,167,33,NULL,NULL,NULL),
	(346,167,29,NULL,NULL,NULL),
	(347,168,11,NULL,NULL,NULL),
	(348,168,37,NULL,NULL,NULL),
	(349,168,23,NULL,NULL,NULL),
	(350,169,24,NULL,NULL,NULL),
	(351,169,10,NULL,NULL,NULL),
	(352,169,15,NULL,NULL,NULL),
	(353,170,23,NULL,NULL,NULL),
	(354,171,16,NULL,NULL,NULL),
	(355,172,8,NULL,NULL,NULL),
	(356,172,29,NULL,NULL,NULL),
	(357,173,26,NULL,NULL,NULL),
	(358,173,18,NULL,NULL,NULL),
	(359,174,30,NULL,NULL,NULL),
	(360,175,9,NULL,NULL,NULL),
	(361,176,18,NULL,NULL,NULL),
	(362,176,33,NULL,NULL,NULL),
	(363,176,25,NULL,NULL,NULL),
	(364,177,24,NULL,NULL,NULL),
	(365,177,16,NULL,NULL,NULL),
	(366,177,21,NULL,NULL,NULL),
	(367,178,5,NULL,NULL,NULL),
	(368,179,15,NULL,NULL,NULL),
	(369,180,5,NULL,NULL,NULL),
	(370,180,22,NULL,NULL,NULL),
	(371,181,12,NULL,NULL,NULL),
	(372,181,28,NULL,NULL,NULL),
	(373,181,15,NULL,NULL,NULL),
	(374,182,7,NULL,NULL,NULL),
	(375,183,17,NULL,NULL,NULL),
	(376,183,38,NULL,NULL,NULL),
	(377,184,11,NULL,NULL,NULL),
	(378,185,29,NULL,NULL,NULL),
	(379,185,7,NULL,NULL,NULL),
	(380,186,1,NULL,NULL,NULL),
	(381,186,28,NULL,NULL,NULL),
	(382,187,26,NULL,NULL,NULL),
	(383,187,16,NULL,NULL,NULL),
	(384,188,20,NULL,NULL,NULL),
	(385,188,34,NULL,NULL,NULL),
	(386,189,1,NULL,NULL,NULL),
	(387,190,2,NULL,NULL,NULL),
	(388,191,17,NULL,NULL,NULL),
	(389,192,18,NULL,NULL,NULL),
	(390,192,20,NULL,NULL,NULL),
	(391,192,1,NULL,NULL,NULL),
	(392,193,23,NULL,NULL,NULL),
	(393,194,21,NULL,NULL,NULL),
	(394,194,9,NULL,NULL,NULL),
	(395,194,6,NULL,NULL,NULL),
	(396,195,16,NULL,NULL,NULL),
	(397,195,24,NULL,NULL,NULL),
	(398,195,26,NULL,NULL,NULL),
	(399,196,31,NULL,NULL,NULL),
	(400,196,30,NULL,NULL,NULL),
	(401,196,26,NULL,NULL,NULL),
	(402,197,20,NULL,NULL,NULL),
	(403,197,2,NULL,NULL,NULL),
	(404,197,16,NULL,NULL,NULL),
	(405,198,15,NULL,NULL,NULL),
	(406,198,33,NULL,NULL,NULL),
	(407,198,35,NULL,NULL,NULL),
	(408,199,20,NULL,NULL,NULL),
	(409,200,9,NULL,NULL,NULL),
	(410,200,10,NULL,NULL,NULL),
	(411,201,18,NULL,NULL,NULL),
	(412,202,17,NULL,NULL,NULL),
	(413,202,38,NULL,NULL,NULL),
	(414,203,34,NULL,NULL,NULL),
	(415,204,32,NULL,NULL,NULL),
	(416,204,1,NULL,NULL,NULL),
	(417,205,28,NULL,NULL,NULL),
	(418,205,9,NULL,NULL,NULL),
	(419,205,2,NULL,NULL,NULL),
	(420,206,4,NULL,NULL,NULL),
	(421,206,2,NULL,NULL,NULL),
	(422,206,38,NULL,NULL,NULL),
	(423,207,14,NULL,NULL,NULL),
	(424,207,5,NULL,NULL,NULL),
	(425,207,37,NULL,NULL,NULL),
	(426,208,28,NULL,NULL,NULL),
	(427,208,13,NULL,NULL,NULL),
	(428,209,21,NULL,NULL,NULL),
	(429,209,4,NULL,NULL,NULL),
	(430,209,25,NULL,NULL,NULL),
	(431,210,8,NULL,NULL,NULL),
	(432,210,19,NULL,NULL,NULL),
	(433,211,23,NULL,NULL,NULL),
	(434,212,20,NULL,NULL,NULL),
	(435,213,35,NULL,NULL,NULL),
	(436,213,25,NULL,NULL,NULL),
	(437,214,35,NULL,NULL,NULL),
	(438,214,38,NULL,NULL,NULL),
	(439,214,21,NULL,NULL,NULL),
	(440,215,16,NULL,NULL,NULL),
	(441,215,19,NULL,NULL,NULL),
	(442,215,11,NULL,NULL,NULL),
	(443,216,26,NULL,NULL,NULL),
	(444,217,34,NULL,NULL,NULL),
	(445,217,10,NULL,NULL,NULL),
	(446,218,35,NULL,NULL,NULL),
	(447,219,8,NULL,NULL,NULL),
	(448,219,21,NULL,NULL,NULL),
	(449,219,36,NULL,NULL,NULL),
	(450,220,10,NULL,NULL,NULL),
	(451,220,30,NULL,NULL,NULL),
	(452,221,24,NULL,NULL,NULL),
	(453,221,9,NULL,NULL,NULL),
	(454,221,14,NULL,NULL,NULL),
	(455,222,6,NULL,NULL,NULL),
	(456,223,25,NULL,NULL,NULL),
	(457,224,9,NULL,NULL,NULL),
	(458,224,22,NULL,NULL,NULL),
	(459,225,33,NULL,NULL,NULL),
	(460,225,37,NULL,NULL,NULL),
	(461,226,18,NULL,NULL,NULL),
	(462,227,23,NULL,NULL,NULL),
	(463,227,21,NULL,NULL,NULL),
	(464,227,13,NULL,NULL,NULL),
	(465,228,7,NULL,NULL,NULL),
	(466,228,28,NULL,NULL,NULL),
	(467,228,17,NULL,NULL,NULL),
	(468,229,3,NULL,NULL,NULL),
	(469,229,23,NULL,NULL,NULL),
	(470,229,27,NULL,NULL,NULL),
	(471,230,30,NULL,NULL,NULL),
	(472,231,37,NULL,NULL,NULL),
	(473,232,12,NULL,NULL,NULL),
	(474,233,16,NULL,NULL,NULL),
	(475,233,32,NULL,NULL,NULL),
	(476,233,24,NULL,NULL,NULL),
	(477,234,38,NULL,NULL,NULL),
	(478,234,32,NULL,NULL,NULL),
	(479,234,31,NULL,NULL,NULL),
	(480,235,31,NULL,NULL,NULL),
	(481,235,9,NULL,NULL,NULL),
	(482,235,25,NULL,NULL,NULL),
	(483,236,10,NULL,NULL,NULL),
	(484,237,16,NULL,NULL,NULL),
	(485,237,2,NULL,NULL,NULL),
	(486,237,27,NULL,NULL,NULL),
	(487,238,19,NULL,NULL,NULL),
	(488,238,35,NULL,NULL,NULL),
	(489,238,36,NULL,NULL,NULL),
	(490,239,34,NULL,NULL,NULL),
	(491,239,23,NULL,NULL,NULL),
	(492,240,15,NULL,NULL,NULL),
	(493,240,30,NULL,NULL,NULL),
	(494,240,19,NULL,NULL,NULL),
	(495,241,3,NULL,NULL,NULL),
	(496,241,35,NULL,NULL,NULL),
	(497,241,8,NULL,NULL,NULL),
	(498,242,15,NULL,NULL,NULL),
	(499,243,4,NULL,NULL,NULL),
	(500,243,18,NULL,NULL,NULL),
	(501,244,31,NULL,NULL,NULL),
	(502,245,14,NULL,NULL,NULL),
	(503,246,36,NULL,NULL,NULL),
	(504,246,2,NULL,NULL,NULL),
	(505,247,15,NULL,NULL,NULL),
	(506,247,5,NULL,NULL,NULL),
	(507,247,33,NULL,NULL,NULL),
	(508,248,13,NULL,NULL,NULL),
	(509,248,3,NULL,NULL,NULL),
	(510,248,17,NULL,NULL,NULL),
	(511,249,8,NULL,NULL,NULL),
	(512,249,27,NULL,NULL,NULL),
	(513,249,10,NULL,NULL,NULL),
	(514,250,29,NULL,NULL,NULL),
	(515,250,22,NULL,NULL,NULL),
	(516,250,26,NULL,NULL,NULL),
	(517,251,25,NULL,NULL,NULL),
	(518,251,38,NULL,NULL,NULL),
	(519,251,36,NULL,NULL,NULL),
	(520,252,30,NULL,NULL,NULL),
	(521,253,27,NULL,NULL,NULL),
	(522,254,17,NULL,NULL,NULL),
	(523,254,34,NULL,NULL,NULL),
	(524,254,15,NULL,NULL,NULL),
	(525,255,16,NULL,NULL,NULL),
	(526,255,26,NULL,NULL,NULL),
	(527,255,4,NULL,NULL,NULL),
	(528,256,19,NULL,NULL,NULL),
	(529,256,22,NULL,NULL,NULL),
	(530,257,35,NULL,NULL,NULL),
	(531,257,17,NULL,NULL,NULL),
	(532,257,30,NULL,NULL,NULL),
	(533,258,30,NULL,NULL,NULL),
	(534,259,12,NULL,NULL,NULL),
	(535,259,2,NULL,NULL,NULL),
	(536,259,8,NULL,NULL,NULL),
	(537,260,28,NULL,NULL,NULL),
	(538,260,37,NULL,NULL,NULL),
	(539,260,9,NULL,NULL,NULL);
ALTER TABLE `post_shares` ENABLE KEYS;
UNLOCK TABLES;


LOCK TABLES `post_tags` WRITE;
ALTER TABLE `post_tags` DISABLE KEYS;
ALTER TABLE `post_tags` ENABLE KEYS;
UNLOCK TABLES;


LOCK TABLES `role_user` WRITE;
ALTER TABLE `role_user` DISABLE KEYS;
INSERT INTO `role_user` (`user_id`, `role_id`) VALUES 
	(1,1);
ALTER TABLE `role_user` ENABLE KEYS;
UNLOCK TABLES;


LOCK TABLES `saved_posts` WRITE;
ALTER TABLE `saved_posts` DISABLE KEYS;
ALTER TABLE `saved_posts` ENABLE KEYS;
UNLOCK TABLES;


LOCK TABLES `saved_timelines` WRITE;
ALTER TABLE `saved_timelines` DISABLE KEYS;
ALTER TABLE `saved_timelines` ENABLE KEYS;
UNLOCK TABLES;


LOCK TABLES `sessions` WRITE;
ALTER TABLE `sessions` DISABLE KEYS;
ALTER TABLE `sessions` ENABLE KEYS;
UNLOCK TABLES;


LOCK TABLES `settings` WRITE;
ALTER TABLE `settings` DISABLE KEYS;
INSERT INTO `settings` (`id`, `key`, `value`, `created_at`, `updated_at`, `deleted_at`) VALUES 
	(1,'noreply_email','noreply@socialite.com','2017-11-09 13:54:56','2017-11-09 13:54:56',NULL),
	(2,'language','en','2017-11-09 13:54:56','2017-11-09 13:54:56',NULL),
	(3,'logo','logo.jpg','2017-11-09 13:54:56','2017-11-09 13:54:56',NULL),
	(4,'favicon','favicon.jpg','2017-11-09 13:54:56','2017-11-09 13:54:56',NULL),
	(5,'enable_browse','on','2017-11-09 13:54:56','2017-11-09 13:54:56',NULL),
	(6,'meta_description','Socialite is the FIRST Social networking script developed on Laravel with all enhanced features, Pixel perfect design and extremely user friendly. User interface and user experience are extra added features to Socialite. Months of research, passion and hard work had made the Socialite more flexible, feature-available and very user friendly!','2017-11-09 13:54:56','2017-11-09 13:54:56',NULL),
	(7,'meta_keywords','facebook clone, laravel, live chat, message, news feed, php social network, php social platform, php socialite, post, social, social network, social networking, social platform, social script, socialite','2017-11-09 13:54:56','2017-11-09 13:54:56',NULL),
	(8,'site_tagline','Laravel social network script','2017-11-09 13:54:56','2017-11-09 13:54:56',NULL),
	(9,'invite_privacy','only_admins','2017-11-09 13:54:56','2017-11-09 13:54:56',NULL),
	(10,'event_timeline_post_privacy','only_guests','2017-11-09 13:54:56','2017-11-09 13:54:56',NULL),
	(11,'title_seperator','|','2017-11-09 13:54:56','2017-11-09 13:54:56',NULL),
	(12,'timezone','Asia/Kolkata','2017-11-09 13:54:56','2017-11-09 13:54:56',NULL),
	(13,'enable_rtl','off','2017-11-09 13:54:56','2017-11-09 13:54:56',NULL),
	(14,'group_event_privacy','only_admins','2017-11-09 13:54:56','2017-11-09 13:54:56',NULL),
	(15,'footer_languages','on','2017-11-09 13:54:56','2017-11-09 13:54:56',NULL),
	(16,'linkedin_link','http://linkedin.com/','2017-11-09 13:54:56','2017-11-09 13:54:56',NULL),
	(17,'instagram_link','http://instagram.com/','2017-11-09 13:54:56','2017-11-09 13:54:56',NULL),
	(18,'dribbble_link','http://dribbble.com/','2017-11-09 13:54:56','2017-11-09 13:54:56',NULL),
	(19,'comment_privacy','everyone','2017-11-09 13:54:57','2017-11-09 13:54:57',NULL),
	(20,'confirm_follow','no','2017-11-09 13:54:57','2017-11-09 13:54:57',NULL),
	(21,'follow_privacy','everyone','2017-11-09 13:54:57','2017-11-09 13:54:57',NULL),
	(22,'user_timeline_post_privacy','everyone','2017-11-09 13:54:57','2017-11-09 13:54:57',NULL),
	(23,'post_privacy','everyone','2017-11-09 13:54:57','2017-11-09 13:54:57',NULL),
	(24,'page_message_privacy','everyone','2017-11-09 13:54:57','2017-11-09 13:54:57',NULL),
	(25,'page_timeline_post_privacy','everyone','2017-11-09 13:54:57','2017-11-09 13:54:57',NULL),
	(26,'page_member_privacy','only_admins','2017-11-09 13:54:57','2017-11-09 13:54:57',NULL),
	(27,'member_privacy','only_admins','2017-11-09 13:54:57','2017-11-09 13:54:57',NULL),
	(28,'group_timeline_post_privacy','members','2017-11-09 13:54:57','2017-11-09 13:54:57',NULL),
	(29,'group_member_privacy','only_admins','2017-11-09 13:54:57','2017-11-09 13:54:57',NULL),
	(30,'site_name','Socialite','2017-11-09 13:54:57','2017-11-09 13:54:57',NULL),
	(31,'site_title','Socialite','2017-11-09 13:54:57','2017-11-09 13:54:57',NULL),
	(32,'site_url','socialite.dev','2017-11-09 13:54:57','2017-11-09 13:54:57',NULL),
	(33,'twitter_link','http://twitter.com/','2017-11-09 13:54:57','2017-11-09 13:54:57',NULL),
	(34,'facebook_link','http://facebook.com/','2017-11-09 13:54:57','2017-11-09 13:54:57',NULL),
	(35,'youtube_link','http://youtube.com/','2017-11-09 13:54:57','2017-11-09 13:54:57',NULL),
	(36,'support_email','admin@socialite.com','2017-11-09 13:54:57','2017-11-09 13:54:57',NULL),
	(37,'mail_verification','off','2017-11-09 13:54:57','2017-11-09 13:54:57',NULL),
	(38,'captcha','off','2017-11-09 13:54:57','2017-11-09 13:54:57',NULL),
	(39,'censored_words','','2017-11-09 13:54:57','2017-11-09 13:54:57',NULL),
	(40,'birthday','off','2017-11-09 13:54:57','2017-11-09 13:54:57',NULL),
	(41,'city','off','2017-11-09 13:54:57','2017-11-09 13:54:57',NULL),
	(42,'about','Socialite is the FIRST Social networking script developed on Laravel with all enhanced features, Pixel perfect design and extremely user friendly. User interface and user experience are extra added features to Socialite. Months of research, passion and hard work had made the Socialite more flexible, feature-available and very user friendly!','2017-11-09 13:54:57','2017-11-09 13:54:57',NULL),
	(43,'contact_text','Contact page description can be here','2017-11-09 13:54:57','2017-11-09 13:54:57',NULL),
	(44,'address_on_mail','<strong>Socialite</strong>,<br> Socialite street,<br> India','2017-11-09 13:54:57','2017-11-09 13:54:57',NULL),
	(45,'items_page','10','2017-11-09 13:54:57','2017-11-09 13:54:57',NULL),
	(46,'min_items_page','5','2017-11-09 13:54:57','2017-11-09 13:54:57',NULL),
	(47,'user_message_privacy','everyone','2017-11-09 13:54:57','2017-11-09 13:54:57',NULL),
	(48,'home_welcome_message','Welcome To Socialite Laravel Application','2017-11-09 13:54:57','2017-11-09 13:54:57',NULL),
	(49,'home_widget_one','Developed on Twitter Bootstrap which makes the application fully responsive on Desktop, Tablet and Mobile','2017-11-09 13:54:57','2017-11-09 13:54:57',NULL),
	(50,'home_widget_two','Powerful Admin panel to manage entire application and all kinds of timelines','2017-11-09 13:54:57','2017-11-09 13:54:57',NULL),
	(51,'home_widget_three','Emoticons, hashtags, music, youtube video, photos, hangouts and many others can be posted','2017-11-09 13:54:57','2017-11-09 13:54:57',NULL),
	(52,'home_list_heading','Enhancing Features of Socialite','2017-11-09 13:54:57','2017-11-09 13:54:57',NULL),
	(53,'home_feature_one_icon','users','2017-11-09 13:54:57','2017-11-09 13:54:57',NULL),
	(54,'home_feature_one','Find and connect with real people living through out the world','2017-11-09 13:54:57','2017-11-09 13:54:57',NULL),
	(55,'home_feature_two_icon','share-alt','2017-11-09 13:54:57','2017-11-09 13:54:57',NULL),
	(56,'home_feature_two','Share your posts in other social networks','2017-11-09 13:54:57','2017-11-09 13:54:57',NULL),
	(57,'home_feature_three_icon','link','2017-11-09 13:54:57','2017-11-09 13:54:57',NULL),
	(58,'home_feature_three','Add links in your posts with new innovative look','2017-11-09 13:54:57','2017-11-09 13:54:57',NULL),
	(59,'home_feature_four_icon','bullhorn','2017-11-09 13:54:57','2017-11-09 13:54:57',NULL),
	(60,'home_feature_four','Place your google Adsense through out the application','2017-11-09 13:54:57','2017-11-09 13:54:57',NULL),
	(61,'home_feature_five_icon','connectdevelop','2017-11-09 13:54:57','2017-11-09 13:54:57',NULL),
	(62,'home_feature_five','Connect to Socialite through Facebook, Twitter, Google Plus and Instagram','2017-11-09 13:54:57','2017-11-09 13:54:57',NULL),
	(63,'home_feature_six_icon','save','2017-11-09 13:54:57','2017-11-09 13:54:57',NULL),
	(64,'home_feature_six','Now you can save your favourite posts, pages, groups and events','2017-11-09 13:54:57','2017-11-09 13:54:57',NULL),
	(65,'home_feature_seven_icon','file-photo-o','2017-11-09 13:54:57','2017-11-09 13:54:57',NULL),
	(66,'home_feature_seven','Create your albums and upload the pictures right now','2017-11-09 13:54:57','2017-11-09 13:54:57',NULL),
	(67,'home_feature_eight_icon','flag-o','2017-11-09 13:54:57','2017-11-09 13:54:57',NULL),
	(68,'home_feature_eight','Any page or a post or a group or an event can be reported','2017-11-09 13:54:57','2017-11-09 13:54:57',NULL),
	(69,'home_feature_nine_icon','language','2017-11-09 13:54:57','2017-11-09 13:54:57',NULL),
	(70,'home_feature_nine','Socialite is multi-lingual and available in 16 languages','2017-11-09 13:54:57','2017-11-09 13:54:57',NULL),
	(71,'home_feature_ten_icon','user-plus','2017-11-09 13:54:57','2017-11-09 13:54:57',NULL),
	(72,'home_feature_ten','Affiliate System adds an extra flavour to Socialite','2017-11-09 13:54:57','2017-11-09 13:54:57',NULL);
ALTER TABLE `settings` ENABLE KEYS;
UNLOCK TABLES;


LOCK TABLES `static_pages` WRITE;
ALTER TABLE `static_pages` DISABLE KEYS;
INSERT INTO `static_pages` (`id`, `title`, `slug`, `description`, `active`, `created_at`, `updated_at`, `deleted_at`) VALUES 
	(1,'about','about','Expedita ad similique quod labore temporibus corrupti nulla. Beatae non reiciendis est beatae animi corrupti et. Quo sint reprehenderit officiis voluptas architecto officia.',1,'2017-11-09 13:55:10','2017-11-09 13:55:10',NULL),
	(2,'privacy','privacy','Enim quisquam quas magnam velit ut alias praesentium. Est dolorem iste distinctio beatae veritatis reiciendis. Veniam aut aut nostrum ut quas quibusdam. Dolores qui ea et aperiam et consequuntur ipsum.',1,'2017-11-09 13:55:10','2017-11-09 13:55:10',NULL),
	(3,'disclaimer','disclaimer','Dignissimos dolorum ratione est aut nemo qui sit. Quis sint libero molestiae cupiditate distinctio id velit. Amet sint non nulla et veritatis. Vel id id dicta et.',1,'2017-11-09 13:55:10','2017-11-09 13:55:10',NULL),
	(4,'terms','terms','Rerum facere enim totam accusamus nihil. Deleniti et ratione sunt voluptas laboriosam ut blanditiis. Occaecati quis a omnis aut.',1,'2017-11-09 13:55:10','2017-11-09 13:55:10',NULL);
ALTER TABLE `static_pages` ENABLE KEYS;
UNLOCK TABLES;


LOCK TABLES `threads` WRITE;
ALTER TABLE `threads` DISABLE KEYS;
ALTER TABLE `threads` ENABLE KEYS;
UNLOCK TABLES;


LOCK TABLES `timelines` WRITE;
ALTER TABLE `timelines` DISABLE KEYS;
INSERT INTO `timelines` (`id`, `username`, `name`, `about`, `avatar_id`, `cover_id`, `cover_position`, `type`, `hide_cover`, `background_id`, `created_at`, `updated_at`, `deleted_at`) VALUES 
	(1,'bootstrapguru','Bootstrap Guru','Some text about me',NULL,NULL,NULL,'user',0,NULL,'2017-11-09 13:54:57','2017-11-09 13:54:57',NULL),
	(2,'vijay','Vijay Kumar','Some text about me',NULL,NULL,NULL,'user',0,NULL,'2017-11-09 13:54:57','2017-11-09 13:54:57',NULL),
	(3,'jolie.gulgowski','Leland Mertz Sr.','Possimus ipsum eos omnis voluptatem culpa. Voluptas maiores voluptates architecto enim. Animi voluptatem eos nulla ullam. Ipsam quia rerum aut sint cupiditate quia.',NULL,NULL,NULL,'user',0,NULL,'2017-11-09 13:54:57','2017-11-09 13:54:57',NULL),
	(4,'anne00','Leann Raynor','Laboriosam in sed adipisci magni fuga tempore. Possimus at facere facilis. Corporis magni consequatur quidem impedit. Qui qui ex quia sed. Similique modi quia et ea amet.',NULL,NULL,NULL,'user',0,NULL,'2017-11-09 13:54:57','2017-11-09 13:54:57',NULL),
	(5,'eschneider','Vesta Koelpin','Nam quisquam et repudiandae illo. Non perspiciatis laborum sint provident sed. Non dolor est fugit rerum fuga dolorem rerum. Numquam eum est illum voluptas sit corporis.',NULL,NULL,NULL,'user',0,NULL,'2017-11-09 13:54:57','2017-11-09 13:54:57',NULL),
	(6,'isabell.kris','Dr. Guiseppe Beatty','Et amet ut velit dolorem distinctio. Ut perspiciatis saepe vero illo excepturi dicta. Quidem ex nobis explicabo suscipit. Blanditiis ea atque accusamus recusandae qui itaque nihil.',NULL,NULL,NULL,'user',0,NULL,'2017-11-09 13:54:57','2017-11-09 13:54:57',NULL),
	(7,'zwilliamson','Vincenzo Wunsch','Id nihil et soluta minus suscipit qui. Soluta et ut aut quia ut illo.',NULL,NULL,NULL,'user',0,NULL,'2017-11-09 13:54:57','2017-11-09 13:54:57',NULL),
	(8,'javonte37','Ms. Anissa Quigley','Quo reiciendis labore animi accusantium consectetur magnam. Enim a labore et tenetur harum. Mollitia eveniet est deserunt perspiciatis aut alias. Omnis id consequatur commodi tenetur.',NULL,NULL,NULL,'user',0,NULL,'2017-11-09 13:54:57','2017-11-09 13:54:58',NULL),
	(9,'leanne88','Prof. Mollie Streich','Non optio similique in blanditiis at repudiandae. Autem pariatur ipsam enim quisquam rerum distinctio a dolor. Quaerat ipsam soluta est quia.\nEt harum aut officia commodi. Quis consequuntur est ut.',NULL,NULL,NULL,'user',0,NULL,'2017-11-09 13:54:57','2017-11-09 13:54:58',NULL),
	(10,'reichert.maryam','Clark McClure V','Soluta facilis et amet itaque porro necessitatibus enim. Debitis eveniet debitis id sint. Inventore aut aliquid enim nam doloribus nulla.',NULL,NULL,NULL,'user',0,NULL,'2017-11-09 13:54:57','2017-11-09 13:54:58',NULL),
	(11,'dbosco','Eryn West','Accusamus aspernatur sunt natus sed culpa quos. Dolor qui natus voluptatem. Provident fugit saepe ratione et omnis maxime excepturi. Sed accusantium suscipit laborum voluptas sapiente dolor.',NULL,NULL,NULL,'user',0,NULL,'2017-11-09 13:54:57','2017-11-09 13:54:58',NULL),
	(12,'veum.maryjane','Jody Welch','Enim quibusdam recusandae aut ut sint voluptates sed. Voluptatum deleniti et quae sequi. Voluptas illo sed sit.',NULL,NULL,NULL,'user',0,NULL,'2017-11-09 13:54:57','2017-11-09 13:54:58',NULL),
	(13,'lina.weber','Archibald Konopelski','Nobis et hic repellat necessitatibus praesentium dolore. Minus quae aut in autem ab. Optio labore accusantium et libero.',NULL,NULL,NULL,'user',0,NULL,'2017-11-09 13:54:57','2017-11-09 13:54:58',NULL),
	(14,'qlynch','Delmer Hettinger','Quasi ad perspiciatis quia consequatur. Fugiat tempora maiores aut consequatur nobis.',NULL,NULL,NULL,'user',0,NULL,'2017-11-09 13:54:57','2017-11-09 13:54:58',NULL),
	(15,'amina.boehm','Dr. Mallie Aufderhar','Dolores eius aut quibusdam. Ut quae alias aliquam amet dolores placeat velit. In occaecati rerum ad.',NULL,NULL,NULL,'user',0,NULL,'2017-11-09 13:54:57','2017-11-09 13:54:58',NULL),
	(16,'caroline76','Berneice Trantow','Vitae ut placeat explicabo enim eaque maiores possimus. Qui consectetur qui a animi eum. Vel sed illum voluptatem. Et enim sit voluptates soluta nulla.',NULL,NULL,NULL,'user',0,NULL,'2017-11-09 13:54:57','2017-11-09 13:54:58',NULL),
	(17,'lois.daugherty','Dr. Kailey Dickinson','Cumque est autem magnam sunt. Officia non dolores est et non quidem voluptatem non. Repellendus nemo molestiae iure delectus modi a.',NULL,NULL,NULL,'user',0,NULL,'2017-11-09 13:54:57','2017-11-09 13:54:58',NULL),
	(18,'thiel.keven','Felipa Russel','Et nam est ut ipsum. Ea voluptates consequatur debitis consequuntur velit explicabo. Eos illum earum rerum vel accusantium ullam a.',NULL,NULL,NULL,'user',0,NULL,'2017-11-09 13:54:57','2017-11-09 13:54:58',NULL),
	(19,'ward.fausto','Jackie Kuvalis V','Dolores quia debitis sed. Ex quia reprehenderit inventore adipisci consequatur eos delectus placeat. Cumque architecto perspiciatis quia esse occaecati.',NULL,NULL,NULL,'user',0,NULL,'2017-11-09 13:54:57','2017-11-09 13:54:58',NULL),
	(20,'goyette.jeanie','Prof. Alek Purdy','Dolores fugit dolores modi totam et minima sed. Omnis sapiente mollitia nisi dignissimos assumenda sed. Non beatae et animi. Rem excepturi soluta ipsam et unde laudantium.',NULL,NULL,NULL,'user',0,NULL,'2017-11-09 13:54:57','2017-11-09 13:54:58',NULL),
	(21,'angeline.mante','Mr. Eino Schaden IV','Soluta repudiandae fugiat autem ut. Nostrum alias delectus recusandae ex dolorem. Eum mollitia ullam nihil.',NULL,NULL,NULL,'user',0,NULL,'2017-11-09 13:54:57','2017-11-09 13:54:58',NULL),
	(22,'emanuel55','Loyce Kautzer','Dolores repudiandae sed perferendis consequuntur nemo explicabo ullam natus. Aut aut sed fuga asperiores itaque vel.',NULL,NULL,NULL,'user',0,NULL,'2017-11-09 13:54:57','2017-11-09 13:54:58',NULL),
	(23,'mariam36','Elena Okuneva','Illum voluptatem quas ut neque dolore eos saepe. Aut aut neque quas impedit. Consequatur inventore sint eaque dignissimos sed adipisci.',NULL,NULL,NULL,'user',0,NULL,'2017-11-09 13:54:57','2017-11-09 13:54:58',NULL),
	(24,'hanna.kub','Izaiah Johns','Soluta iure adipisci amet non enim sit ut. Unde ullam impedit consectetur ratione et dolores. Est et nam et velit consequatur ipsa reprehenderit. Et qui consequatur dolor nam cupiditate unde.',NULL,NULL,NULL,'user',0,NULL,'2017-11-09 13:54:57','2017-11-09 13:54:59',NULL),
	(25,'jazlyn65','Dr. General Treutel DDS','Rerum vel reiciendis quo deleniti consequatur debitis. Est quia eligendi quasi quas suscipit. Totam consequuntur non dolor non voluptate ex.',NULL,NULL,NULL,'user',0,NULL,'2017-11-09 13:54:57','2017-11-09 13:54:59',NULL),
	(26,'luettgen.elias','Madie Schuppe','Recusandae dolores nihil qui accusamus tenetur accusamus rem. Optio ab nostrum aliquam minima. Suscipit voluptatem id quo assumenda libero libero aliquid dolore. Iste quia libero sit minus molestiae.',NULL,NULL,NULL,'user',0,NULL,'2017-11-09 13:54:57','2017-11-09 13:54:59',NULL),
	(27,'bartell.eli','Mr. Matt Langworth','Consequatur natus dolores quibusdam et. Velit omnis eligendi sed ullam. Consequatur et enim eum est veritatis molestiae.',NULL,NULL,NULL,'user',0,NULL,'2017-11-09 13:54:57','2017-11-09 13:54:59',NULL),
	(28,'ulices18','Mr. Maverick Barrows DVM','Doloremque non officia minima. Sit sed doloribus id ratione qui voluptas. Consequuntur voluptas consequatur dolores eum fuga veritatis.',NULL,NULL,NULL,'user',0,NULL,'2017-11-09 13:54:57','2017-11-09 13:54:59',NULL),
	(29,'qtrantow','Prof. Vella Torphy','Eaque dolores odit non velit hic. Sit quia est cum consequatur eos aut et. Aliquid illum quas laborum quo nemo natus. Assumenda quaerat quos repudiandae eius cum esse.',NULL,NULL,NULL,'user',0,NULL,'2017-11-09 13:54:57','2017-11-09 13:54:59',NULL),
	(30,'roob.darron','Della Kreiger','Cum cum nostrum in sed. Facilis consequatur impedit fugiat consequatur et ipsum qui. Et deserunt explicabo illum quidem cupiditate voluptas commodi.',NULL,NULL,NULL,'user',0,NULL,'2017-11-09 13:54:57','2017-11-09 13:54:59',NULL),
	(31,'beahan.ramon','Mazie Haag','Omnis voluptatem dolor repellendus minus totam odio. Magnam necessitatibus tempora quasi. Architecto cumque aliquid dolorem.',NULL,NULL,NULL,'user',0,NULL,'2017-11-09 13:54:57','2017-11-09 13:54:59',NULL),
	(32,'archibald.brekke','Alford Bechtelar','Error in et officiis nam qui. Earum enim consequatur voluptas in ut voluptatem.',NULL,NULL,NULL,'user',0,NULL,'2017-11-09 13:54:57','2017-11-09 13:54:59',NULL),
	(33,'margie.boyle','Jarrell Berge','Ut nam inventore vel eum assumenda. Facilis temporibus excepturi et sint repudiandae. Accusamus autem dolor omnis autem sed pariatur.',NULL,NULL,NULL,'user',0,NULL,'2017-11-09 13:54:57','2017-11-09 13:54:59',NULL),
	(34,'prince.bode','Max Harvey','Quas tempore deleniti tempora explicabo voluptates illo distinctio. Magni voluptatibus et magni. Modi culpa corrupti amet consequatur. Suscipit sunt aut numquam possimus numquam.',NULL,NULL,NULL,'user',0,NULL,'2017-11-09 13:54:57','2017-11-09 13:54:59',NULL),
	(35,'wkemmer','Syble Murphy','Nulla impedit velit officia dolore eveniet id eaque. Ut non officiis quae.',NULL,NULL,NULL,'user',0,NULL,'2017-11-09 13:54:57','2017-11-09 13:54:59',NULL),
	(36,'ggottlieb','Maximillia Reinger','Repudiandae sapiente tenetur ipsa. Et ut et aliquam non cupiditate qui. Consequatur sapiente enim aut adipisci similique.',NULL,NULL,NULL,'user',0,NULL,'2017-11-09 13:54:57','2017-11-09 13:54:59',NULL),
	(37,'isabella62','Mr. Brendon Conn DDS','Ut adipisci eveniet sunt dolore occaecati et assumenda. Magnam ut sunt quidem minus commodi pariatur. Quo provident amet facilis aliquid enim doloremque.',NULL,NULL,NULL,'user',0,NULL,'2017-11-09 13:54:57','2017-11-09 13:54:59',NULL),
	(38,'gbruen','Toni Jacobi','Sit exercitationem in minus. Est quam pariatur eius debitis iusto laboriosam deleniti. Qui quis harum non cupiditate consequatur.',NULL,NULL,NULL,'user',0,NULL,'2017-11-09 13:54:57','2017-11-09 13:54:59',NULL),
	(39,'luisa.morar','Henderson Morissette','Dolore qui autem officiis doloribus rem rerum. Et non quia sit. Non dicta est ex aperiam enim mollitia repellendus. Rerum quasi quo dolorem illo fugiat. Cumque nemo id quidem.',NULL,NULL,NULL,'user',0,NULL,'2017-11-09 13:54:57','2017-11-09 13:55:00',NULL),
	(40,'raynor.sallie','Lamont Bailey','Dolor tempore est fugit molestias. Sunt blanditiis dolores cupiditate itaque velit. Dolores aut omnis provident nihil. Sed pariatur illo at.',NULL,NULL,NULL,'page',0,NULL,'2017-11-09 13:54:57','2017-11-09 13:55:00',NULL),
	(41,'jodie61','Art Hermiston','Doloribus eos ut et autem et ea dolorem. Animi doloribus laborum quam libero cupiditate. Ut expedita totam deserunt sunt quis ad. Ea et non sapiente perferendis aut quas.',NULL,NULL,NULL,'page',0,NULL,'2017-11-09 13:54:57','2017-11-09 13:55:00',NULL),
	(42,'william03','Faustino Blick DVM','Quia rerum voluptatem quia illo accusamus magnam. Voluptatum id et iusto qui consequatur rem mollitia. Fuga expedita eos mollitia iusto commodi ea. Odio possimus autem numquam quisquam.',NULL,NULL,NULL,'page',0,NULL,'2017-11-09 13:54:57','2017-11-09 13:55:00',NULL),
	(43,'kling.beatrice','Darwin Lesch','Qui est minus sit est. Doloremque nemo dignissimos in consectetur ut cupiditate laboriosam. Cumque ut minus atque ea quas officia sed. Voluptatem molestiae sit nobis quas minus culpa.',NULL,NULL,NULL,'page',0,NULL,'2017-11-09 13:54:57','2017-11-09 13:55:00',NULL),
	(44,'jaydon84','Chanelle Zemlak','Dolor eaque quisquam laborum laboriosam praesentium sed. Quod expedita nihil quas rem et ut.',NULL,NULL,NULL,'page',0,NULL,'2017-11-09 13:54:57','2017-11-09 13:55:00',NULL),
	(45,'clifford34','Theresa Kiehn','Ea et est est ut voluptas. Dolorem placeat qui atque et magni tempora. Voluptatum doloremque ea consequatur. Ullam ut sapiente numquam aspernatur totam et.',NULL,NULL,NULL,'page',0,NULL,'2017-11-09 13:54:57','2017-11-09 13:55:00',NULL),
	(46,'grady.tremayne','Cassandra Shields','Unde labore ut quisquam praesentium. Recusandae ut voluptate soluta temporibus. Fuga quo fugit non.',NULL,NULL,NULL,'page',0,NULL,'2017-11-09 13:54:57','2017-11-09 13:55:00',NULL),
	(47,'gorczany.keara','Chanelle Thompson','Velit non placeat autem totam est nihil tempore voluptas. Autem iste natus consequatur molestiae. Consequatur laudantium impedit doloremque alias qui aut voluptatem vitae.',NULL,NULL,NULL,'page',0,NULL,'2017-11-09 13:54:57','2017-11-09 13:55:00',NULL),
	(48,'icollins','Mauricio Hackett','Qui in repudiandae tempore at. Quae et asperiores illo culpa facilis. Temporibus saepe aspernatur sed est sit labore dolore quis.',NULL,NULL,NULL,'page',0,NULL,'2017-11-09 13:54:57','2017-11-09 13:55:00',NULL),
	(49,'langosh.jamel','Marcelle Gislason','Natus ab ut id molestiae eum quam rerum. Quibusdam aut neque ea vitae. Distinctio ex unde necessitatibus vel qui non neque. Iusto inventore perferendis atque voluptatum et ea molestiae soluta.',NULL,NULL,NULL,'page',0,NULL,'2017-11-09 13:54:57','2017-11-09 13:55:00',NULL),
	(50,'vfeest','Domingo Hessel','Labore ut sapiente iste ducimus et nihil praesentium. Assumenda maxime perferendis tempore blanditiis. Animi in et aspernatur aut. Quisquam perferendis vel asperiores aut vitae provident animi.',NULL,NULL,NULL,'page',0,NULL,'2017-11-09 13:54:57','2017-11-09 13:55:00',NULL),
	(51,'chand','Craig Witting','Occaecati labore voluptatem et molestias. Est et vel vel omnis aliquid exercitationem laborum. Nihil sit quis fuga ut.',NULL,NULL,NULL,'page',0,NULL,'2017-11-09 13:54:57','2017-11-09 13:55:00',NULL),
	(52,'fhand','Veronica Huel','Totam in ipsam eligendi deleniti voluptates reprehenderit. Dolorem tempore ut ut recusandae. Cupiditate tenetur numquam fugit. Quam facilis et distinctio quasi.',NULL,NULL,NULL,'page',0,NULL,'2017-11-09 13:54:57','2017-11-09 13:55:00',NULL),
	(53,'strosin.annie','Dawson Osinski','Iusto laudantium quisquam tempora tempore laborum. Aut corporis aut vero qui voluptatem. Omnis consequatur quia eos in qui unde. A sint iure quod deleniti et et perferendis.',NULL,NULL,NULL,'page',0,NULL,'2017-11-09 13:54:57','2017-11-09 13:55:00',NULL),
	(54,'paucek.sammie','Saige Daniel DDS','Eos inventore aspernatur tenetur eligendi odit. A mollitia quis et voluptatibus quia est quo. Fuga quos unde consequatur accusantium. Cupiditate esse totam est cupiditate est dolorem odit fuga.',NULL,NULL,NULL,'page',0,NULL,'2017-11-09 13:54:57','2017-11-09 13:55:00',NULL),
	(55,'bprosacco','Mrs. Danielle Mueller IV','Velit distinctio at est qui. Iure quis molestias quia. Dolores molestiae quae optio sunt. Ab sed enim modi inventore consequatur fuga quis.',NULL,NULL,NULL,'page',0,NULL,'2017-11-09 13:54:57','2017-11-09 13:55:00',NULL),
	(56,'jodie.homenick','Benton Dickinson','Voluptatum minima similique natus et aliquid earum adipisci. Est autem odio ea quasi nobis repellendus. Animi minima aliquam voluptate sapiente ex. Repellat sunt provident sed.',NULL,NULL,NULL,'page',0,NULL,'2017-11-09 13:54:57','2017-11-09 13:55:00',NULL),
	(57,'lweimann','Heloise Kohler','In non delectus consequuntur et harum excepturi beatae. Qui ut dolorum placeat voluptatem.',NULL,NULL,NULL,'page',0,NULL,'2017-11-09 13:54:57','2017-11-09 13:55:00',NULL),
	(58,'araceli10','Lyric Heaney','Aut voluptates omnis omnis sint. Laborum tempora dolorum perferendis consequatur qui. Blanditiis asperiores quae pariatur laboriosam eligendi ullam. Rerum aut beatae est in ipsa fugiat.',NULL,NULL,NULL,'page',0,NULL,'2017-11-09 13:54:57','2017-11-09 13:55:00',NULL),
	(59,'tessie.feil','Ms. Elisabeth Schroeder Sr.','Eius et dolor dolore. Officiis corporis harum corporis illum debitis amet. Rerum perferendis odit sed asperiores consectetur odio. Commodi et eum eveniet et sit.',NULL,NULL,NULL,'page',0,NULL,'2017-11-09 13:54:57','2017-11-09 13:55:00',NULL),
	(60,'beer.marguerite','Karelle Leannon I','Esse recusandae voluptas deleniti dolorem. Qui cum in officia quia id est consequatur voluptatem. Aliquam amet ipsa sequi quis et quidem quis.',NULL,NULL,NULL,'group',0,NULL,'2017-11-09 13:54:57','2017-11-09 13:55:00',NULL),
	(61,'shanahan.reinhold','Dr. Valentine Armstrong V','Atque accusantium animi aut velit omnis vel. Magni aperiam atque ad earum eaque nisi. Deleniti quo error ad id non similique. Nobis temporibus consequatur qui molestiae quidem.',NULL,NULL,NULL,'group',0,NULL,'2017-11-09 13:54:57','2017-11-09 13:55:00',NULL),
	(62,'edison.mann','Myrl Renner','Possimus sit totam deleniti veniam placeat autem at dolor. Temporibus blanditiis incidunt ut quo. Quae error rerum dolor nemo ut blanditiis.',NULL,NULL,NULL,'group',0,NULL,'2017-11-09 13:54:57','2017-11-09 13:55:00',NULL),
	(63,'niko.torphy','Gudrun Marks I','Ea quo temporibus ipsum aspernatur voluptas error cumque. Possimus possimus vero quae aut optio cum. Dolor aspernatur aliquam debitis molestiae.',NULL,NULL,NULL,'group',0,NULL,'2017-11-09 13:54:57','2017-11-09 13:55:00',NULL),
	(64,'aheller','Janae Conroy','Soluta voluptatum animi qui incidunt ut. Soluta vitae voluptates itaque quis consequatur sint accusantium. Pariatur aut consequuntur quis expedita et nostrum.',NULL,NULL,NULL,'group',0,NULL,'2017-11-09 13:54:57','2017-11-09 13:55:00',NULL),
	(65,'derick59','Miss Elisha Hartmann','Ut amet vero nobis explicabo id porro id. Rerum quibusdam sunt fugiat ducimus enim asperiores distinctio. Debitis nihil necessitatibus est unde sunt minima.',NULL,NULL,NULL,'group',0,NULL,'2017-11-09 13:54:57','2017-11-09 13:55:00',NULL),
	(66,'nathanial.batz','Mr. Montana Botsford PhD','Et dolores alias atque maxime odio animi veritatis nisi. Enim dolor nisi consequuntur illo. Doloribus vel officiis quis consequuntur.',NULL,NULL,NULL,'group',0,NULL,'2017-11-09 13:54:57','2017-11-09 13:55:00',NULL),
	(67,'ignacio77','Ms. Lauryn Rutherford I','Voluptatem ipsum ex ut qui itaque id corporis. Debitis enim odit recusandae porro est laudantium animi accusantium. Suscipit velit maiores sit iusto omnis. Nisi autem vel et sed sunt mollitia.',NULL,NULL,NULL,'group',0,NULL,'2017-11-09 13:54:57','2017-11-09 13:55:00',NULL),
	(68,'ckuhic','Laverne Schaden','Veniam atque natus ex cumque velit non. Id vel nisi aut occaecati.',NULL,NULL,NULL,'group',0,NULL,'2017-11-09 13:54:57','2017-11-09 13:55:00',NULL),
	(69,'elenor62','Wilbert Pfeffer','Porro reprehenderit illum eum doloremque eum ratione. Odit quam incidunt eos necessitatibus ipsam esse alias.',NULL,NULL,NULL,'group',0,NULL,'2017-11-09 13:54:57','2017-11-09 13:55:00',NULL),
	(70,'vwalsh','Dr. Florida Howell','Ipsa voluptates sunt quod delectus ex itaque nobis. Nihil nobis et delectus iste dolorum et.',NULL,NULL,NULL,'group',0,NULL,'2017-11-09 13:54:57','2017-11-09 13:55:00',NULL),
	(71,'rashad43','Florida Kilback I','Et rem ex sapiente. Eum quo dolores alias. Veritatis qui qui et.',NULL,NULL,NULL,'group',0,NULL,'2017-11-09 13:54:57','2017-11-09 13:55:00',NULL),
	(72,'nvolkman','Mrs. Tierra Douglas','Quae qui temporibus quas sed nam sit aut ipsam. Architecto impedit nisi et qui nam soluta magnam. Eos commodi omnis aspernatur dolore reiciendis amet. Minima adipisci laborum ipsum debitis ea qui ut.',NULL,NULL,NULL,'group',0,NULL,'2017-11-09 13:54:57','2017-11-09 13:55:00',NULL),
	(73,'osinski.zane','Dr. Lysanne Grimes','Et aut vel voluptatem deserunt ea deleniti deserunt. Consectetur itaque sit quae ut suscipit omnis. Magni quam ratione quis beatae.',NULL,NULL,NULL,'group',0,NULL,'2017-11-09 13:54:57','2017-11-09 13:55:00',NULL),
	(74,'bernardo74','Mr. Godfrey Ankunding','Corrupti in eligendi magnam quia magni. Ut harum et est suscipit repudiandae repellat possimus mollitia. Veritatis voluptatem porro natus autem.',NULL,NULL,NULL,'group',0,NULL,'2017-11-09 13:54:57','2017-11-09 13:55:00',NULL),
	(75,'arath','Hester Mitchell','Et voluptatibus cumque ea. Aliquam ipsam voluptatum fuga. Iusto quidem sequi hic quo.',NULL,NULL,NULL,'group',0,NULL,'2017-11-09 13:54:57','2017-11-09 13:55:00',NULL),
	(76,'welch.kiarra','Mr. Dustin Sporer','Repellat sapiente ut aut. Aperiam sed dolores quasi et non. Rerum illo dolore doloribus exercitationem et. Itaque ut eos explicabo porro adipisci quis eos minima. Amet illum nisi nisi aliquid.',NULL,NULL,NULL,'group',0,NULL,'2017-11-09 13:54:57','2017-11-09 13:55:00',NULL),
	(77,'dskiles','Florence Bayer','Cumque veniam consequatur in qui et sint odit. Et ut accusantium et quia ex. Deleniti officiis doloremque tempora sint consequuntur sit qui. Molestias quae sint et aut quo.',NULL,NULL,NULL,'group',0,NULL,'2017-11-09 13:54:57','2017-11-09 13:55:00',NULL),
	(78,'jasmin.hartmann','Sasha Bernier','Eaque blanditiis omnis numquam aut cumque id autem. Et sapiente et aspernatur omnis dolorem libero et. Vel doloribus quod earum debitis quia.',NULL,NULL,NULL,'group',0,NULL,'2017-11-09 13:54:57','2017-11-09 13:55:00',NULL),
	(79,'haag.yvonne','Wilber Lowe','Saepe incidunt est dolor deserunt perferendis ducimus. Ullam unde voluptatem voluptatem porro neque. Eius cupiditate laudantium voluptatem dolor. Dolorem quo in cumque et beatae ipsam.',NULL,NULL,NULL,'group',0,NULL,'2017-11-09 13:54:57','2017-11-09 13:55:00',NULL),
	(80,'guy.padberg','Hattie Predovic','Omnis accusantium voluptates possimus voluptates porro. Impedit non quos consequuntur eum ea. Ut iusto hic laboriosam ut.',NULL,NULL,NULL,'group',0,NULL,'2017-11-09 13:54:57','2017-11-09 13:55:00',NULL),
	(81,'koepp.caleigh','Roma Rutherford','Aliquam dolore dolore repellat facilis occaecati numquam modi aspernatur. Libero ea sit soluta. Dignissimos et tempora in placeat fuga enim.',NULL,NULL,NULL,'group',0,NULL,'2017-11-09 13:54:57','2017-11-09 13:55:00',NULL),
	(82,'kiarra06','Dr. Larue Veum','Officiis et quod id consectetur dicta sed ut quis. Aliquam incidunt autem voluptatibus facilis molestias aut. Est commodi aliquid eum. Qui dolorem magni dolores quod rerum et.',NULL,NULL,NULL,'group',0,NULL,'2017-11-09 13:54:57','2017-11-09 13:55:00',NULL),
	(83,'trycia.ward','Pauline Oberbrunner','Ipsa amet voluptas suscipit illo. Eaque quae ut nihil nihil ducimus voluptatem.',NULL,NULL,NULL,'group',0,NULL,'2017-11-09 13:54:57','2017-11-09 13:55:00',NULL),
	(84,'lulu.barrows','Jane Mohr','Aut eos ea nobis minima. Dolor aspernatur voluptatem consectetur debitis unde itaque. Molestiae in voluptatum deserunt quidem.',NULL,NULL,NULL,'group',0,NULL,'2017-11-09 13:54:57','2017-11-09 13:55:00',NULL),
	(85,'bosco.ted','Concepcion Brakus','Molestiae sit atque velit autem sunt quo. Qui incidunt est voluptatum et nobis. Numquam aliquam sapiente quasi hic ea non. Voluptate deserunt cumque ipsum.',NULL,NULL,NULL,'group',0,NULL,'2017-11-09 13:54:57','2017-11-09 13:55:00',NULL),
	(86,'tfeeney','Hayden Rogahn','Odio ducimus officiis est quibusdam accusamus amet iusto. Repellat aut rem repudiandae sed ab explicabo. Nostrum eius aut soluta eos non. Quae porro quisquam provident dignissimos.',NULL,NULL,NULL,'group',0,NULL,'2017-11-09 13:54:57','2017-11-09 13:55:00',NULL),
	(87,'roob.mercedes','Earlene Connelly Sr.','Aut placeat velit nam. Iste eius accusamus consectetur rem eum rem vel. Inventore quo sit libero cupiditate fugiat.',NULL,NULL,NULL,'group',0,NULL,'2017-11-09 13:54:57','2017-11-09 13:55:00',NULL),
	(88,'feeney.terrance','Miss Ida Rosenbaum','Similique nobis eum hic quas est. Officiis quae rerum natus nobis quos pariatur dignissimos. Illum et vero itaque dicta. Voluptatem est rerum non sed tempora nihil.',NULL,NULL,NULL,'group',0,NULL,'2017-11-09 13:54:57','2017-11-09 13:55:00',NULL),
	(89,'frida.krajcik','Mr. Blake McGlynn MD','Aliquid recusandae rerum sed exercitationem consequuntur natus quaerat. Vitae nihil illo quod omnis. Suscipit optio ipsam iusto culpa qui itaque.',NULL,NULL,NULL,'group',0,NULL,'2017-11-09 13:54:57','2017-11-09 13:55:00',NULL),
	(90,'jakubowski.rafaela','Gilbert Reynolds','Voluptate nisi nihil rerum est accusamus fugit dolorem. Quam pariatur fugiat et quidem.',NULL,NULL,NULL,'group',0,NULL,'2017-11-09 13:54:57','2017-11-09 13:55:00',NULL),
	(91,'ekassulke','Dr. Emily O\'Connell DVM','Mollitia nostrum minima cupiditate non odit ut nobis voluptas. Rem voluptatem soluta est eligendi. Voluptas quisquam vel sed et et et voluptatum illo.',NULL,NULL,NULL,'group',0,NULL,'2017-11-09 13:54:57','2017-11-09 13:55:00',NULL),
	(92,'sigurd33','Prof. Jettie Ullrich PhD','Quam deleniti et mollitia fugit fugiat. Consequatur dolor qui enim possimus sed. Laboriosam rerum consequatur quod provident quo modi illo. Possimus dignissimos ea dolore possimus.',NULL,NULL,NULL,'group',0,NULL,'2017-11-09 13:54:57','2017-11-09 13:55:00',NULL);
ALTER TABLE `timelines` ENABLE KEYS;
UNLOCK TABLES;


LOCK TABLES `users` WRITE;
ALTER TABLE `users` DISABLE KEYS;
INSERT INTO `users` (`id`, `timeline_id`, `email`, `verification_code`, `verified`, `email_verified`, `remember_token`, `password`, `balance`, `birthday`, `city`, `country`, `designation`, `hobbies`, `interests`, `custom_option1`, `custom_option2`, `custom_option3`, `custom_option4`, `gender`, `active`, `last_logged`, `timezone`, `affiliate_id`, `language`, `facebook_link`, `twitter_link`, `dribbble_link`, `instagram_link`, `youtube_link`, `linkedin_link`, `created_at`, `updated_at`, `deleted_at`) VALUES 
	(1,1,'admin@bootstrapguru.com','jQ52NEl7sCCCglC8D6',0,1,'vT7tXqVSlB','$2y$10$E0sHYfno0NFFDnV5zGGOGOv9GgJa1NotcIhruGuMei0U7hu4bLO.a',0.00,'1970-01-01','Hyderabad','India',NULL,NULL,NULL,NULL,NULL,NULL,NULL,'male',1,NULL,NULL,NULL,NULL,NULL,NULL,NULL,NULL,NULL,NULL,'2017-11-09 13:54:57','2017-11-09 13:54:57',NULL),
	(2,2,'contact@vijaykumar.me','h8zNgINMdR4vhuaKCI',0,1,'qz90YJMuhv','$2y$10$LnhlN4GW0wRfnQSdNiOKnebbN5bwEG5VfFIn9sfnVu3pHRr.6voWG',0.00,'1970-01-01','Hyderabad','India',NULL,NULL,NULL,NULL,NULL,NULL,NULL,'male',1,NULL,NULL,NULL,NULL,NULL,NULL,NULL,NULL,NULL,NULL,'2017-11-09 13:54:57','2017-11-09 13:54:57',NULL),
	(3,3,'iupton@example.com','AHm1ZxMc5eEsyLP88l',0,1,'QCDW6KBYu6','$2y$10$ooniMOkiLZSFLEFiZkr2aO2RApYmViVpac6tdzfOOLYDXWyGqqSIq',0.00,'1970-01-01','Ravenmouth','Tanzania',NULL,NULL,NULL,NULL,NULL,NULL,NULL,'female',1,NULL,NULL,NULL,NULL,NULL,NULL,NULL,NULL,NULL,NULL,'2017-11-09 13:54:57','2017-11-09 13:54:57',NULL),
	(4,4,'kris.marcel@example.com','uXudACaVhj8a1IBjZO',0,1,'O9pzW93Tew','$2y$10$8jmzOKt3JY/mvw.ZVgn08Oh1iyYM.kkmxTsFWtRrj82buxXwxjhqS',0.00,'1970-01-01','Ursulaside','Finland',NULL,NULL,NULL,NULL,NULL,NULL,NULL,'female',1,NULL,NULL,NULL,NULL,NULL,NULL,NULL,NULL,NULL,NULL,'2017-11-09 13:54:57','2017-11-09 13:54:57',NULL),
	(5,5,'davonte.ratke@example.com','MztJXi0KYK0qs7RcR1',0,1,'EDD5SG9iZF','$2y$10$GpvVSo2tEuvK7Y3Ha/.bjejxKZrXyOZv6UX1DZUZG1bnyNhFgVCKi',0.00,'1970-01-01','Evertside','Rwanda',NULL,NULL,NULL,NULL,NULL,NULL,NULL,'female',1,NULL,NULL,NULL,NULL,NULL,NULL,NULL,NULL,NULL,NULL,'2017-11-09 13:54:57','2017-11-09 13:54:57',NULL),
	(6,6,'gilberto.kling@example.com','ur0P77yr1fTay86jHD',0,1,'1ckgJhNb8h','$2y$10$IAql/HxFiAHhxFICzB5EauCdhj8mVBCEgq1VSzLR4VkwawNQWPTF.',0.00,'1970-01-01','O\'Connerville','Congo',NULL,NULL,NULL,NULL,NULL,NULL,NULL,'female',1,NULL,NULL,NULL,NULL,NULL,NULL,NULL,NULL,NULL,NULL,'2017-11-09 13:54:57','2017-11-09 13:54:57',NULL),
	(7,7,'collin.morar@example.com','63yhDliPiBkTmQgQbG',0,1,'lyvyaa9FiY','$2y$10$Qe6lZ8BWTu3OsDCXdID8IugshVBn1YVLTX5C.Gv4WgzkUleJPnQa2',0.00,'1970-01-01','Fannieville','Turkey',NULL,NULL,NULL,NULL,NULL,NULL,NULL,'female',1,NULL,NULL,NULL,NULL,NULL,NULL,NULL,NULL,NULL,NULL,'2017-11-09 13:54:57','2017-11-09 13:54:57',NULL),
	(8,8,'qhahn@example.com','QQkVbcs2KEiqq7vKkl',0,1,'uuqEICYkdi','$2y$10$QSE4oyiLAd/Lsq2E4gKBGOWAIHLLiX8EBsq3ELkllYeMmdY55GIfK',0.00,'1970-01-01','Lake Dejashire','Taiwan',NULL,NULL,NULL,NULL,NULL,NULL,NULL,'female',1,NULL,NULL,NULL,NULL,NULL,NULL,NULL,NULL,NULL,NULL,'2017-11-09 13:54:58','2017-11-09 13:54:58',NULL),
	(9,9,'wiegand.francesco@example.net','Qm8yikOxQWj5ZOn0Fz',0,1,'swrrDokjeH','$2y$10$fKMSMJultEL0GSX8DxY8vuvJRVQXweJC9t7Mu3IKHYUvMZ7h2Nkg6',0.00,'1970-01-01','Gottliebside','Georgia',NULL,NULL,NULL,NULL,NULL,NULL,NULL,'male',1,NULL,NULL,NULL,NULL,NULL,NULL,NULL,NULL,NULL,NULL,'2017-11-09 13:54:58','2017-11-09 13:54:58',NULL),
	(10,10,'cremin.coleman@example.org','fx6gzptBGOZJyUTany',0,1,'fRsNmhLCJX','$2y$10$jcdp4Pn6ieuRJLL2C8MFMeJ6TkSGqbdKJFI5MNSqRh2j3AhSNmqmi',0.00,'1970-01-01','Lake Jaketown','United States Minor Outlying Islands',NULL,NULL,NULL,NULL,NULL,NULL,NULL,'female',1,NULL,NULL,NULL,NULL,NULL,NULL,NULL,NULL,NULL,NULL,'2017-11-09 13:54:58','2017-11-09 13:54:58',NULL),
	(11,11,'pschroeder@example.net','3kpjZDnbElyEBUfEcK',0,1,'tnl2KQQVvE','$2y$10$zGczM23fNxCe8EppUBK4puCnbzDcaoaamVerwnv0aCP8khwbd62oC',0.00,'1970-01-01','East Stacy','Marshall Islands',NULL,NULL,NULL,NULL,NULL,NULL,NULL,'male',1,NULL,NULL,NULL,NULL,NULL,NULL,NULL,NULL,NULL,NULL,'2017-11-09 13:54:58','2017-11-09 13:54:58',NULL),
	(12,12,'watson.hoeger@example.net','fahJKDa4nUrc95YGgO',0,1,'1VBE8UixPk','$2y$10$M1u70M6jpbyradFjwjJZQeH6YJ1EOGmE017TdM0NuySZLKIM62emy',0.00,'1970-01-01','Tamarastad','Iceland',NULL,NULL,NULL,NULL,NULL,NULL,NULL,'female',1,NULL,NULL,NULL,NULL,NULL,NULL,NULL,NULL,NULL,NULL,'2017-11-09 13:54:58','2017-11-09 13:54:58',NULL),
	(13,13,'jherzog@example.com','NEV4i4NQ519vwjs1zn',0,1,'PG5vk2fxAo','$2y$10$p4z1b.sq5EUKl4N7ilzC.OcAjvTokG2fiTOBdnOcoGf5wApyIsHaS',0.00,'1970-01-01','Jonesmouth','French Southern Territories',NULL,NULL,NULL,NULL,NULL,NULL,NULL,'female',1,NULL,NULL,NULL,NULL,NULL,NULL,NULL,NULL,NULL,NULL,'2017-11-09 13:54:58','2017-11-09 13:54:58',NULL),
	(14,14,'hcummings@example.com','HW1DbFfpOUbKACZtRj',0,1,'CKZEbvndaM','$2y$10$Reis27hegMQzOToQd4tGOuNUW/lUPiXRpGKObM1odFvYdRH1tpS0u',0.00,'1970-01-01','Buckridgestad','China',NULL,NULL,NULL,NULL,NULL,NULL,NULL,'male',1,NULL,NULL,NULL,NULL,NULL,NULL,NULL,NULL,NULL,NULL,'2017-11-09 13:54:58','2017-11-09 13:54:58',NULL),
	(15,15,'freddie51@example.org','eK9ebgalijOTnqwXAv',0,1,'8lmnPcdoqz','$2y$10$ARcwMVzMHyQ9gjy/7HsakONNnqw5zirmMZWj58lXWwsT2XUvWI9fe',0.00,'1970-01-01','New Reymouth','French Southern Territories',NULL,NULL,NULL,NULL,NULL,NULL,NULL,'female',1,NULL,NULL,NULL,NULL,NULL,NULL,NULL,NULL,NULL,NULL,'2017-11-09 13:54:58','2017-11-09 13:54:58',NULL),
	(16,16,'kunde.aryanna@example.com','6qQnYn7ol53NLZyRBO',0,1,'Ec4QJiWoQ4','$2y$10$rR45K..KUd4zMboYEKr8aeBolCv4ReHAaMlWsx683ZjV9gkM70BzC',0.00,'1970-01-01','Gulgowskiton','Cape Verde',NULL,NULL,NULL,NULL,NULL,NULL,NULL,'female',1,NULL,NULL,NULL,NULL,NULL,NULL,NULL,NULL,NULL,NULL,'2017-11-09 13:54:58','2017-11-09 13:54:58',NULL),
	(17,17,'dkemmer@example.org','4KAccswBIc99sgqQds',0,1,'uCWbdmr4o5','$2y$10$.slvzoWws7tU2ozRopvqm.7RkSflgYjXYTn8LWEp7sd3tTR7QT1um',0.00,'1970-01-01','Emmetville','Mexico',NULL,NULL,NULL,NULL,NULL,NULL,NULL,'female',1,NULL,NULL,NULL,NULL,NULL,NULL,NULL,NULL,NULL,NULL,'2017-11-09 13:54:58','2017-11-09 13:54:58',NULL),
	(18,18,'daniel.hector@example.com','ITrdjCiF04eeuamwEU',0,1,'9VsHcSKRyq','$2y$10$MW3uMJO4dJKukB5zheJfgeI2pKRPGlQPHRngKqAXkHG2m0H/Z8Z3W',0.00,'1970-01-01','West Jenifer','Saint Barthelemy',NULL,NULL,NULL,NULL,NULL,NULL,NULL,'male',1,NULL,NULL,NULL,NULL,NULL,NULL,NULL,NULL,NULL,NULL,'2017-11-09 13:54:58','2017-11-09 13:54:58',NULL),
	(19,19,'reichert.stella@example.com','x98eFSgL70pgmd58a5',0,1,'Ff8eiClV4l','$2y$10$TLy0BfRUR8dCw/cgPUyHP.uX2an523CI4TlepoMS54S2vTRMAhVhi',0.00,'1970-01-01','West Laney','Vietnam',NULL,NULL,NULL,NULL,NULL,NULL,NULL,'female',1,NULL,NULL,NULL,NULL,NULL,NULL,NULL,NULL,NULL,NULL,'2017-11-09 13:54:58','2017-11-09 13:54:58',NULL),
	(20,20,'sadie32@example.com','2y0OAWILdwvqPxSdDP',0,1,'DJp1rfxpnY','$2y$10$mzM5zlwPu739GApDYTc9U.UKy8H9OSPQtLUxE59poDcceYhXVwb1G',0.00,'1970-01-01','Kleinbury','Monaco',NULL,NULL,NULL,NULL,NULL,NULL,NULL,'female',1,NULL,NULL,NULL,NULL,NULL,NULL,NULL,NULL,NULL,NULL,'2017-11-09 13:54:58','2017-11-09 13:54:58',NULL),
	(21,21,'roberts.viviane@example.net','bjEm9tHoB1kjdcEICi',0,1,'QlBZbsxYg1','$2y$10$X3HyfyN1A8faF6qKK6QmJORN6lPM0SzX7NQ4LCMDi62xMM0lh7RHW',0.00,'1970-01-01','McCulloughberg','El Salvador',NULL,NULL,NULL,NULL,NULL,NULL,NULL,'female',1,NULL,NULL,NULL,NULL,NULL,NULL,NULL,NULL,NULL,NULL,'2017-11-09 13:54:58','2017-11-09 13:54:58',NULL),
	(22,22,'lorine28@example.com','X8pEek7kT4ZbnjL8Nb',0,1,'hQpKV84cPo','$2y$10$fKsDjVCvVFQL7ATtgcaAPuQ6MwvYJk4n/xBZL5dL1ryjcKEOoOshq',0.00,'1970-01-01','Lake Brainchester','Cyprus',NULL,NULL,NULL,NULL,NULL,NULL,NULL,'male',1,NULL,NULL,NULL,NULL,NULL,NULL,NULL,NULL,NULL,NULL,'2017-11-09 13:54:58','2017-11-09 13:54:58',NULL),
	(23,23,'pfannerstill.jasper@example.com','RvAYUvmU7tHpcFhHIM',0,1,'qlDOusxTFl','$2y$10$pTAvnpn8geyNXff.RMITver8Yw/cZBxs2RSh5Tk6eF7DUfpUfofA2',0.00,'1970-01-01','Lake Uriahbury','Dominican Republic',NULL,NULL,NULL,NULL,NULL,NULL,NULL,'male',1,NULL,NULL,NULL,NULL,NULL,NULL,NULL,NULL,NULL,NULL,'2017-11-09 13:54:58','2017-11-09 13:54:58',NULL),
	(24,24,'atreutel@example.org','0bqpstSiHWI9OszVoy',0,1,'IWmPknrM5i','$2y$10$jWdC8FKypE10tsN.zpdgbOcXUhXK9WzsiOVVi7n3V1ULYfYxhe072',0.00,'1970-01-01','Rubyeborough','Monaco',NULL,NULL,NULL,NULL,NULL,NULL,NULL,'female',1,NULL,NULL,NULL,NULL,NULL,NULL,NULL,NULL,NULL,NULL,'2017-11-09 13:54:59','2017-11-09 13:54:59',NULL),
	(25,25,'melvina.kuvalis@example.net','nryghAIhIgKSITXkuM',0,1,'Q0mttNjhaE','$2y$10$yP6didx5X0mX.0RjnnFFZutIu0gi.yD26Av0bEKl6te41gTPUnawK',0.00,'1970-01-01','West Owenstad','Trinidad and Tobago',NULL,NULL,NULL,NULL,NULL,NULL,NULL,'female',1,NULL,NULL,NULL,NULL,NULL,NULL,NULL,NULL,NULL,NULL,'2017-11-09 13:54:59','2017-11-09 13:54:59',NULL),
	(26,26,'burnice.muller@example.com','9CilDF8xvBrGgA5hOr',0,1,'Qv5E5X4C0F','$2y$10$IUML09xoJoEX7J6943NYfuEIff1H2H2.wNrdIb/n2ayZu63xB2.7K',0.00,'1970-01-01','South Boydshire','Andorra',NULL,NULL,NULL,NULL,NULL,NULL,NULL,'male',1,NULL,NULL,NULL,NULL,NULL,NULL,NULL,NULL,NULL,NULL,'2017-11-09 13:54:59','2017-11-09 13:54:59',NULL),
	(27,27,'mike.robel@example.org','NxXdjF2W0tHyZijH8t',0,1,'WUfnJjXoXn','$2y$10$D7au5Exy8hUBsMzxlZxmaOeg5qCsqu1M64S34t418UzooWTr6llBO',0.00,'1970-01-01','South Katrinaburgh','Kazakhstan',NULL,NULL,NULL,NULL,NULL,NULL,NULL,'female',1,NULL,NULL,NULL,NULL,NULL,NULL,NULL,NULL,NULL,NULL,'2017-11-09 13:54:59','2017-11-09 13:54:59',NULL),
	(28,28,'luettgen.antwan@example.net','RlgQg5DGH7aatJ2iLb',0,1,'8jtk0wlXtu','$2y$10$tiWc67eTuB/B4lTpT3M9G.Q7FZBGG7MbTDGtqOKZgiCSsIz6VFrl.',0.00,'1970-01-01','Lake Oran','Moldova',NULL,NULL,NULL,NULL,NULL,NULL,NULL,'female',1,NULL,NULL,NULL,NULL,NULL,NULL,NULL,NULL,NULL,NULL,'2017-11-09 13:54:59','2017-11-09 13:54:59',NULL),
	(29,29,'marilie24@example.net','jXHu037YbIOoRhy9xj',0,1,'LLQVJ5ckLs','$2y$10$GiSAbai6k6cNBtEjXmlsZO3bC0OKYaC8y13Y..igHlZ7rG0ZpJTPy',0.00,'1970-01-01','Lake Chaimton','Mauritius',NULL,NULL,NULL,NULL,NULL,NULL,NULL,'male',1,NULL,NULL,NULL,NULL,NULL,NULL,NULL,NULL,NULL,NULL,'2017-11-09 13:54:59','2017-11-09 13:54:59',NULL),
	(30,30,'haufderhar@example.org','9HkFSd7jWqLCLedR07',0,1,'QUO2j18Odi','$2y$10$USPYbTkbRPRJzsDby7lQT.NojB8vciXPU4kKAy8izjmwt2ZjuEaTq',0.00,'1970-01-01','Port Darwin','Zimbabwe',NULL,NULL,NULL,NULL,NULL,NULL,NULL,'female',1,NULL,NULL,NULL,NULL,NULL,NULL,NULL,NULL,NULL,NULL,'2017-11-09 13:54:59','2017-11-09 13:54:59',NULL),
	(31,31,'wiley51@example.org','TI54UBrEIRHc4Hb3xs',0,1,'JebIZBfZhu','$2y$10$hEu7kAYdEAWZYUWPPpRH0uytSEc14iF4vknjpY0fgH1ne3Wz9.0sW',0.00,'1970-01-01','Port Bryanashire','Tunisia',NULL,NULL,NULL,NULL,NULL,NULL,NULL,'male',1,NULL,NULL,NULL,NULL,NULL,NULL,NULL,NULL,NULL,NULL,'2017-11-09 13:54:59','2017-11-09 13:54:59',NULL),
	(32,32,'vleannon@example.net','UD7qw4OML06cbG4173',0,1,'2jEe0dd30Z','$2y$10$/m1fu7DPEz0Dmz0Ljlhj2OYQfq316niiI6cKfTV5CUKiYWsDjPsfG',0.00,'1970-01-01','South Jena','Nigeria',NULL,NULL,NULL,NULL,NULL,NULL,NULL,'female',1,NULL,NULL,NULL,NULL,NULL,NULL,NULL,NULL,NULL,NULL,'2017-11-09 13:54:59','2017-11-09 13:54:59',NULL),
	(33,33,'lyda.bartoletti@example.net','PUmmqBpLkAM2DF4d32',0,1,'aEDAT0oj2u','$2y$10$MM.BnI7MQZy6Rl3Uq4GG4uTouxRwY4gPzErpkmmGLKXFUYR3udpSK',0.00,'1970-01-01','Shannyville','Martinique',NULL,NULL,NULL,NULL,NULL,NULL,NULL,'female',1,NULL,NULL,NULL,NULL,NULL,NULL,NULL,NULL,NULL,NULL,'2017-11-09 13:54:59','2017-11-09 13:54:59',NULL),
	(34,34,'clementina32@example.net','1VNhO2RisLKY1BxhVN',0,1,'uKtj4LgmVG','$2y$10$lFlBmoAJztZC6NsHCzSxJ.wAans5kQixqCXXrSwq8jpjFJFkMhI1.',0.00,'1970-01-01','Whitebury','French Polynesia',NULL,NULL,NULL,NULL,NULL,NULL,NULL,'male',1,NULL,NULL,NULL,NULL,NULL,NULL,NULL,NULL,NULL,NULL,'2017-11-09 13:54:59','2017-11-09 13:54:59',NULL),
	(35,35,'aheaney@example.org','QBMfbljz2rw7vv5l4Y',0,1,'jpV3o1ohs0','$2y$10$ZhRCm2MVL/dGfwUMtgpB3ObbtOXELVhCnPk.xte5MhP2RTzFdHLyu',0.00,'1970-01-01','North Kaiashire','Malaysia',NULL,NULL,NULL,NULL,NULL,NULL,NULL,'female',1,NULL,NULL,NULL,NULL,NULL,NULL,NULL,NULL,NULL,NULL,'2017-11-09 13:54:59','2017-11-09 13:54:59',NULL),
	(36,36,'esther05@example.org','Rs2nuxibJuO7dSGuLh',0,1,'68oozgvirF','$2y$10$kPLoP1IsmON/nGK/VDwq2uwYnjAOY.vMFn0R.mYaj2SMtgXW109rK',0.00,'1970-01-01','Port Dwightmouth','Pakistan',NULL,NULL,NULL,NULL,NULL,NULL,NULL,'male',1,NULL,NULL,NULL,NULL,NULL,NULL,NULL,NULL,NULL,NULL,'2017-11-09 13:54:59','2017-11-09 13:54:59',NULL),
	(37,37,'holly.hegmann@example.com','Z8PrHqr9biXfNaLssd',0,1,'t2Sv3jBQGc','$2y$10$hDkxQpvP9Ox2.KNaiy/Xv.uoA.dV1BoaLP5JX7.WBaZ7W1VQ7NoLm',0.00,'1970-01-01','Carolemouth','Croatia',NULL,NULL,NULL,NULL,NULL,NULL,NULL,'male',1,NULL,NULL,NULL,NULL,NULL,NULL,NULL,NULL,NULL,NULL,'2017-11-09 13:54:59','2017-11-09 13:54:59',NULL),
	(38,38,'eheidenreich@example.net','Nryr4ep3q62RO3xdSZ',0,1,'LObpfGIiAi','$2y$10$EevSBqNuwBLxYUa6GYiaCek7zYP.pq7WZeUdAabFz96AVtRLvwn1O',0.00,'1970-01-01','New Chazhaven','Iceland',NULL,NULL,NULL,NULL,NULL,NULL,NULL,'male',1,NULL,NULL,NULL,NULL,NULL,NULL,NULL,NULL,NULL,NULL,'2017-11-09 13:54:59','2017-11-09 13:54:59',NULL),
	(39,39,'kutch.brayan@example.net','Gz6KFCfyOMSTYRDxDx',0,1,'mzeuwvTIr4','$2y$10$5MW3SoWy6rTjVFFbQYgGueX1sy38qAZGyl1XON0iU8IjfKDSZH5hS',0.00,'1970-01-01','North Alanna','Falkland Islands (Malvinas)',NULL,NULL,NULL,NULL,NULL,NULL,NULL,'male',1,NULL,NULL,NULL,NULL,NULL,NULL,NULL,NULL,NULL,NULL,'2017-11-09 13:55:00','2017-11-09 13:55:00',NULL);
ALTER TABLE `users` ENABLE KEYS;
UNLOCK TABLES;


LOCK TABLES `timeline_reports` WRITE;
ALTER TABLE `timeline_reports` DISABLE KEYS;
ALTER TABLE `timeline_reports` ENABLE KEYS;
UNLOCK TABLES;


LOCK TABLES `user_settings` WRITE;
ALTER TABLE `user_settings` DISABLE KEYS;
INSERT INTO `user_settings` (`id`, `user_id`, `comment_privacy`, `follow_privacy`, `post_privacy`, `confirm_follow`, `timeline_post_privacy`, `message_privacy`, `email_follow`, `email_like_post`, `email_post_share`, `email_comment_post`, `email_like_comment`, `email_reply_comment`, `email_join_group`, `email_like_page`) VALUES 
	(1,1,'everyone','everyone','everyone','no','everyone','everyone','no','no','no','no','no','no','no','no'),
	(2,2,'everyone','everyone','everyone','no','everyone','everyone','no','no','no','no','no','no','no','no'),
	(3,3,'everyone','everyone','everyone','no','everyone','everyone','no','no','no','no','no','no','no','no'),
	(4,4,'everyone','everyone','everyone','no','everyone','everyone','no','no','no','no','no','no','no','no'),
	(5,5,'everyone','everyone','everyone','no','everyone','everyone','no','no','no','no','no','no','no','no'),
	(6,6,'everyone','everyone','everyone','no','everyone','everyone','no','no','no','no','no','no','no','no'),
	(7,7,'everyone','everyone','everyone','no','everyone','everyone','no','no','no','no','no','no','no','no'),
	(8,8,'everyone','everyone','everyone','no','everyone','everyone','no','no','no','no','no','no','no','no'),
	(9,9,'everyone','everyone','everyone','no','everyone','everyone','no','no','no','no','no','no','no','no'),
	(10,10,'everyone','everyone','everyone','no','everyone','everyone','no','no','no','no','no','no','no','no'),
	(11,11,'everyone','everyone','everyone','no','everyone','everyone','no','no','no','no','no','no','no','no'),
	(12,12,'everyone','everyone','everyone','no','everyone','everyone','no','no','no','no','no','no','no','no'),
	(13,13,'everyone','everyone','everyone','no','everyone','everyone','no','no','no','no','no','no','no','no'),
	(14,14,'everyone','everyone','everyone','no','everyone','everyone','no','no','no','no','no','no','no','no'),
	(15,15,'everyone','everyone','everyone','no','everyone','everyone','no','no','no','no','no','no','no','no'),
	(16,16,'everyone','everyone','everyone','no','everyone','everyone','no','no','no','no','no','no','no','no'),
	(17,17,'everyone','everyone','everyone','no','everyone','everyone','no','no','no','no','no','no','no','no'),
	(18,18,'everyone','everyone','everyone','no','everyone','everyone','no','no','no','no','no','no','no','no'),
	(19,19,'everyone','everyone','everyone','no','everyone','everyone','no','no','no','no','no','no','no','no'),
	(20,20,'everyone','everyone','everyone','no','everyone','everyone','no','no','no','no','no','no','no','no'),
	(21,21,'everyone','everyone','everyone','no','everyone','everyone','no','no','no','no','no','no','no','no'),
	(22,22,'everyone','everyone','everyone','no','everyone','everyone','no','no','no','no','no','no','no','no'),
	(23,23,'everyone','everyone','everyone','no','everyone','everyone','no','no','no','no','no','no','no','no'),
	(24,24,'everyone','everyone','everyone','no','everyone','everyone','no','no','no','no','no','no','no','no'),
	(25,25,'everyone','everyone','everyone','no','everyone','everyone','no','no','no','no','no','no','no','no'),
	(26,26,'everyone','everyone','everyone','no','everyone','everyone','no','no','no','no','no','no','no','no'),
	(27,27,'everyone','everyone','everyone','no','everyone','everyone','no','no','no','no','no','no','no','no'),
	(28,28,'everyone','everyone','everyone','no','everyone','everyone','no','no','no','no','no','no','no','no'),
	(29,29,'everyone','everyone','everyone','no','everyone','everyone','no','no','no','no','no','no','no','no'),
	(30,30,'everyone','everyone','everyone','no','everyone','everyone','no','no','no','no','no','no','no','no'),
	(31,31,'everyone','everyone','everyone','no','everyone','everyone','no','no','no','no','no','no','no','no'),
	(32,32,'everyone','everyone','everyone','no','everyone','everyone','no','no','no','no','no','no','no','no'),
	(33,33,'everyone','everyone','everyone','no','everyone','everyone','no','no','no','no','no','no','no','no'),
	(34,34,'everyone','everyone','everyone','no','everyone','everyone','no','no','no','no','no','no','no','no'),
	(35,35,'everyone','everyone','everyone','no','everyone','everyone','no','no','no','no','no','no','no','no'),
	(36,36,'everyone','everyone','everyone','no','everyone','everyone','no','no','no','no','no','no','no','no'),
	(37,37,'everyone','everyone','everyone','no','everyone','everyone','no','no','no','no','no','no','no','no'),
	(38,38,'everyone','everyone','everyone','no','everyone','everyone','no','no','no','no','no','no','no','no'),
	(39,39,'everyone','everyone','everyone','no','everyone','everyone','no','no','no','no','no','no','no','no');
ALTER TABLE `user_settings` ENABLE KEYS;
UNLOCK TABLES;


LOCK TABLES `wallpapers` WRITE;
ALTER TABLE `wallpapers` DISABLE KEYS;
ALTER TABLE `wallpapers` ENABLE KEYS;
UNLOCK TABLES;




SET FOREIGN_KEY_CHECKS = @PREVIOUS_FOREIGN_KEY_CHECKS;


